<?xml version="1.0" encoding="UTF-8"?>
<gpx version="1.1" creator="TurboSanta Route Planner">
  <trk>
    <name>TurboSanta Route (10m density)</name>
    <trkseg>
      <trkpt lat="57.3613640" lon="-2.0737250">
        <name>Hillhead Road</name>
      </trkpt>
      <trkpt lat="57.3613130" lon="-2.0736680">
        <name>Hillhead Road</name>
      </trkpt>
      <trkpt lat="57.3612565" lon="-2.0736145">
        <name>Hillhead Road</name>
      </trkpt>
      <trkpt lat="57.3612000" lon="-2.0735610">
        <name>Hillhead Road</name>
      </trkpt>
      <trkpt lat="57.3611435" lon="-2.0735385">
        <name>Hillhead Road</name>
      </trkpt>
      <trkpt lat="57.3610870" lon="-2.0735160">
        <name>Hillhead Road</name>
      </trkpt>
      <trkpt lat="57.3610310" lon="-2.0734930">
        <name>Hillhead Road</name>
      </trkpt>
      <trkpt lat="57.3609780" lon="-2.0734715">
        <name>Hillhead Road</name>
      </trkpt>
      <trkpt lat="57.3609250" lon="-2.0734500">
        <name>Hillhead Road</name>
      </trkpt>
      <trkpt lat="57.3608420" lon="-2.0734160">
        <name>Hillhead Road</name>
      </trkpt>
      <trkpt lat="57.3608330" lon="-2.0734120">
        <name>Hillhead Road</name>
      </trkpt>
      <trkpt lat="57.3608440" lon="-2.0733180">
        <name>Hillhead Road</name>
      </trkpt>
      <trkpt lat="57.3608630" lon="-2.0731620">
        <name>Hillhead Road</name>
      </trkpt>
      <trkpt lat="57.3608685" lon="-2.0730540">
        <name>Hillhead Road</name>
      </trkpt>
      <trkpt lat="57.3608740" lon="-2.0729460">
        <name>Hillhead Road</name>
      </trkpt>
      <trkpt lat="57.3608780" lon="-2.0728050">
        <name>Hillhead Road</name>
      </trkpt>
      <trkpt lat="57.3608660" lon="-2.0727130">
        <name>Hillhead Road</name>
      </trkpt>
      <trkpt lat="57.3608630" lon="-2.0726970">
        <name>Hillhead Road</name>
      </trkpt>
      <trkpt lat="57.3608490" lon="-2.0726250">
        <name>St Mary's Drive</name>
      </trkpt>
      <trkpt lat="57.3608250" lon="-2.0725570">
        <name>St Mary's Drive</name>
      </trkpt>
      <trkpt lat="57.3607880" lon="-2.0724680">
        <name>St Mary's Drive</name>
      </trkpt>
      <trkpt lat="57.3607510" lon="-2.0723790">
        <name>St Mary's Drive</name>
      </trkpt>
      <trkpt lat="57.3607120" lon="-2.0723260">
        <name>St Mary's Drive</name>
      </trkpt>
      <trkpt lat="57.3606670" lon="-2.0722870">
        <name>St Mary's Drive</name>
      </trkpt>
      <trkpt lat="57.3605990" lon="-2.0722350">
        <name>St Mary's Drive</name>
      </trkpt>
      <trkpt lat="57.3606070" lon="-2.0721770">
        <name>St Mary's Drive</name>
      </trkpt>
      <trkpt lat="57.3606130" lon="-2.0721290">
        <name>St Mary's Drive</name>
      </trkpt>
      <trkpt lat="57.3606220" lon="-2.0720490">
        <name>St Mary's Drive</name>
      </trkpt>
      <trkpt lat="57.3606220" lon="-2.0719360">
        <name>St Mary's Drive</name>
      </trkpt>
      <trkpt lat="57.3606220" lon="-2.0718230">
        <name>St Mary's Drive</name>
      </trkpt>
      <trkpt lat="57.3606143" lon="-2.0717093">
        <name>St Mary's Drive</name>
      </trkpt>
      <trkpt lat="57.3606067" lon="-2.0715957">
        <name>St Mary's Drive</name>
      </trkpt>
      <trkpt lat="57.3605990" lon="-2.0714820">
        <name>St Mary's Drive</name>
      </trkpt>
      <trkpt lat="57.3605910" lon="-2.0713560">
        <name>St Mary's Drive</name>
      </trkpt>
      <trkpt lat="57.3605770" lon="-2.0712240">
        <name>St Mary's Drive</name>
      </trkpt>
      <trkpt lat="57.3605630" lon="-2.0710920">
        <name>St Mary's Drive</name>
      </trkpt>
      <trkpt lat="57.3605490" lon="-2.0709565">
        <name>St Mary's Drive</name>
      </trkpt>
      <trkpt lat="57.3605350" lon="-2.0708210">
        <name>St Mary's Drive</name>
      </trkpt>
      <trkpt lat="57.3605255" lon="-2.0707310">
        <name>St Mary's Drive</name>
      </trkpt>
      <trkpt lat="57.3605160" lon="-2.0706410">
        <name>St Mary's Drive</name>
      </trkpt>
      <trkpt lat="57.3604960" lon="-2.0704810">
        <name>St Mary's Drive</name>
      </trkpt>
      <trkpt lat="57.3604560" lon="-2.0704240">
        <name>Fechil Place</name>
      </trkpt>
      <trkpt lat="57.3604210" lon="-2.0704130">
        <name>Fechil Place</name>
      </trkpt>
      <trkpt lat="57.3603517" lon="-2.0704653">
        <name>Fechil Place</name>
      </trkpt>
      <trkpt lat="57.3602823" lon="-2.0705177">
        <name>Fechil Place</name>
      </trkpt>
      <trkpt lat="57.3602130" lon="-2.0705700">
        <name>Fechil Place</name>
      </trkpt>
      <trkpt lat="57.3602823" lon="-2.0705177">
        <name>Fechil Place</name>
      </trkpt>
      <trkpt lat="57.3603517" lon="-2.0704653">
        <name>Fechil Place</name>
      </trkpt>
      <trkpt lat="57.3604210" lon="-2.0704130">
        <name>Fechil Place</name>
      </trkpt>
      <trkpt lat="57.3604560" lon="-2.0704240">
        <name>Fechil Place</name>
      </trkpt>
      <trkpt lat="57.3604960" lon="-2.0704810">
        <name>Fechil Place</name>
      </trkpt>
      <trkpt lat="57.3605160" lon="-2.0706410">
        <name>Fechil Place</name>
      </trkpt>
      <trkpt lat="57.3605317" lon="-2.0707913">
        <name>Fechil Place</name>
      </trkpt>
      <trkpt lat="57.3605473" lon="-2.0709417">
        <name>Fechil Place</name>
      </trkpt>
      <trkpt lat="57.3605630" lon="-2.0710920">
        <name>Fechil Place</name>
      </trkpt>
      <trkpt lat="57.3605700" lon="-2.0711580">
        <name>Fechil Place</name>
      </trkpt>
      <trkpt lat="57.3605805" lon="-2.0712570">
        <name>Fechil Place</name>
      </trkpt>
      <trkpt lat="57.3605910" lon="-2.0713560">
        <name>Fechil Place</name>
      </trkpt>
      <trkpt lat="57.3606013" lon="-2.0715117">
        <name>Fechil Place</name>
      </trkpt>
      <trkpt lat="57.3606117" lon="-2.0716673">
        <name>Fechil Place</name>
      </trkpt>
      <trkpt lat="57.3606220" lon="-2.0718230">
        <name>Fechil Place</name>
      </trkpt>
      <trkpt lat="57.3606220" lon="-2.0719210">
        <name>Fechil Place</name>
      </trkpt>
      <trkpt lat="57.3606220" lon="-2.0720490">
        <name>Fechil Place</name>
      </trkpt>
      <trkpt lat="57.3606130" lon="-2.0721290">
        <name>Fechil Place</name>
      </trkpt>
      <trkpt lat="57.3605990" lon="-2.0722350">
        <name>Fechil Place</name>
      </trkpt>
      <trkpt lat="57.3605210" lon="-2.0721670">
        <name>Fechil Place</name>
      </trkpt>
      <trkpt lat="57.3604500" lon="-2.0720950">
        <name>Fechil Place</name>
      </trkpt>
      <trkpt lat="57.3603820" lon="-2.0720360">
        <name>Fechil Place</name>
      </trkpt>
      <trkpt lat="57.3603510" lon="-2.0719930">
        <name>Fechil Place</name>
      </trkpt>
      <trkpt lat="57.3603090" lon="-2.0719360">
        <name>Fechil Place</name>
      </trkpt>
      <trkpt lat="57.3602645" lon="-2.0718590">
        <name>Fechil Place</name>
      </trkpt>
      <trkpt lat="57.3602200" lon="-2.0717820">
        <name>Fechil Place</name>
      </trkpt>
      <trkpt lat="57.3601865" lon="-2.0717080">
        <name>Fechil Place</name>
      </trkpt>
      <trkpt lat="57.3601530" lon="-2.0716340">
        <name>Fechil Place</name>
      </trkpt>
      <trkpt lat="57.3601060" lon="-2.0714940">
        <name>Fechil Place</name>
      </trkpt>
      <trkpt lat="57.3600950" lon="-2.0714630">
        <name>Fechil Place</name>
      </trkpt>
      <trkpt lat="57.3600580" lon="-2.0713235">
        <name>Fechil Place</name>
      </trkpt>
      <trkpt lat="57.3600210" lon="-2.0711840">
        <name>Fechil Place</name>
      </trkpt>
      <trkpt lat="57.3600030" lon="-2.0710885">
        <name>Fechil Place</name>
      </trkpt>
      <trkpt lat="57.3599850" lon="-2.0709930">
        <name>Fechil Place</name>
      </trkpt>
      <trkpt lat="57.3599590" lon="-2.0708545">
        <name>Fechil Place</name>
      </trkpt>
      <trkpt lat="57.3599330" lon="-2.0707160">
        <name>Fechil Place</name>
      </trkpt>
      <trkpt lat="57.3599082" lon="-2.0705864">
        <name>Fechil Place</name>
      </trkpt>
      <trkpt lat="57.3598834" lon="-2.0704568">
        <name>Fechil Place</name>
      </trkpt>
      <trkpt lat="57.3598586" lon="-2.0703272">
        <name>Fechil Place</name>
      </trkpt>
      <trkpt lat="57.3598338" lon="-2.0701976">
        <name>Fechil Place</name>
      </trkpt>
      <trkpt lat="57.3598090" lon="-2.0700680">
        <name>Fechil Place</name>
      </trkpt>
      <trkpt lat="57.3597870" lon="-2.0699520">
        <name>Fechil Place</name>
      </trkpt>
      <trkpt lat="57.3597695" lon="-2.0698690">
        <name>Fechil Place</name>
      </trkpt>
      <trkpt lat="57.3597520" lon="-2.0697860">
        <name>Fechil Place</name>
      </trkpt>
      <trkpt lat="57.3597270" lon="-2.0696525">
        <name>Fechil Place</name>
      </trkpt>
      <trkpt lat="57.3597020" lon="-2.0695190">
        <name>Fechil Place</name>
      </trkpt>
      <trkpt lat="57.3596750" lon="-2.0693740">
        <name>Fechil Place</name>
      </trkpt>
      <trkpt lat="57.3596615" lon="-2.0692815">
        <name>Fechil Place</name>
      </trkpt>
      <trkpt lat="57.3596480" lon="-2.0691890">
        <name>Fechil Place</name>
      </trkpt>
      <trkpt lat="57.3596490" lon="-2.0691410">
        <name>Fechil Place</name>
      </trkpt>
      <trkpt lat="57.3596570" lon="-2.0691010">
        <name>Fechil Place</name>
      </trkpt>
      <trkpt lat="57.3596660" lon="-2.0690610">
        <name>Fechil Place</name>
      </trkpt>
      <trkpt lat="57.3596840" lon="-2.0690310">
        <name>Fechil Place</name>
      </trkpt>
      <trkpt lat="57.3597040" lon="-2.0690000">
        <name>Fechil Place</name>
      </trkpt>
      <trkpt lat="57.3597280" lon="-2.0689780">
        <name>Fechil Place</name>
      </trkpt>
      <trkpt lat="57.3597810" lon="-2.0689390">
        <name>Fechil Place</name>
      </trkpt>
      <trkpt lat="57.3597950" lon="-2.0689290">
        <name>Fechil Place</name>
      </trkpt>
      <trkpt lat="57.3598772" lon="-2.0688650">
        <name>Fechil Place</name>
      </trkpt>
      <trkpt lat="57.3599595" lon="-2.0688010">
        <name>Fechil Place</name>
      </trkpt>
      <trkpt lat="57.3600418" lon="-2.0687370">
        <name>Fechil Place</name>
      </trkpt>
      <trkpt lat="57.3601240" lon="-2.0686730">
        <name>Fechil Place</name>
      </trkpt>
      <trkpt lat="57.3601280" lon="-2.0686910">
        <name>Fechil Place</name>
      </trkpt>
      <trkpt lat="57.3601593" lon="-2.0688265">
        <name>Fechil Place</name>
      </trkpt>
      <trkpt lat="57.3601907" lon="-2.0689620">
        <name>Fechil Place</name>
      </trkpt>
      <trkpt lat="57.3602220" lon="-2.0690975">
        <name>Fechil Place</name>
      </trkpt>
      <trkpt lat="57.3602533" lon="-2.0692330">
        <name>Fechil Place</name>
      </trkpt>
      <trkpt lat="57.3602847" lon="-2.0693685">
        <name>Fechil Place</name>
      </trkpt>
      <trkpt lat="57.3603160" lon="-2.0695040">
        <name>Fechil Place</name>
      </trkpt>
      <trkpt lat="57.3603445" lon="-2.0696200">
        <name>St Mary's Drive</name>
      </trkpt>
      <trkpt lat="57.3603730" lon="-2.0697360">
        <name>St Mary's Drive</name>
      </trkpt>
      <trkpt lat="57.3604015" lon="-2.0698520">
        <name>St Mary's Drive</name>
      </trkpt>
      <trkpt lat="57.3604300" lon="-2.0699680">
        <name>St Mary's Drive</name>
      </trkpt>
      <trkpt lat="57.3604130" lon="-2.0698970">
        <name>St Mary's Drive</name>
      </trkpt>
      <trkpt lat="57.3603807" lon="-2.0697660">
        <name>St Mary's Drive</name>
      </trkpt>
      <trkpt lat="57.3603483" lon="-2.0696350">
        <name>St Mary's Drive</name>
      </trkpt>
      <trkpt lat="57.3603160" lon="-2.0695040">
        <name>St Mary's Drive</name>
      </trkpt>
      <trkpt lat="57.3602450" lon="-2.0695645">
        <name>St Mary's Drive</name>
      </trkpt>
      <trkpt lat="57.3601740" lon="-2.0696250">
        <name>St Mary's Drive</name>
      </trkpt>
      <trkpt lat="57.3600985" lon="-2.0696888">
        <name>St Mary's Drive</name>
      </trkpt>
      <trkpt lat="57.3600230" lon="-2.0697525">
        <name>St Mary's Drive</name>
      </trkpt>
      <trkpt lat="57.3599475" lon="-2.0698162">
        <name>St Mary's Drive</name>
      </trkpt>
      <trkpt lat="57.3598720" lon="-2.0698800">
        <name>St Mary's Drive</name>
      </trkpt>
      <trkpt lat="57.3598295" lon="-2.0699160">
        <name>St Mary's Drive</name>
      </trkpt>
      <trkpt lat="57.3597870" lon="-2.0699520">
        <name>St Mary's Drive</name>
      </trkpt>
      <trkpt lat="57.3598155" lon="-2.0701010">
        <name>St Mary's Drive</name>
      </trkpt>
      <trkpt lat="57.3598440" lon="-2.0702500">
        <name>St Mary's Drive</name>
      </trkpt>
      <trkpt lat="57.3598725" lon="-2.0703990">
        <name>St Mary's Drive</name>
      </trkpt>
      <trkpt lat="57.3599010" lon="-2.0705480">
        <name>St Mary's Drive</name>
      </trkpt>
      <trkpt lat="57.3599170" lon="-2.0706320">
        <name>St Mary's Drive</name>
      </trkpt>
      <trkpt lat="57.3599330" lon="-2.0707160">
        <name>St Mary's Drive</name>
      </trkpt>
      <trkpt lat="57.3599623" lon="-2.0708720">
        <name>St Mary's Drive</name>
      </trkpt>
      <trkpt lat="57.3599917" lon="-2.0710280">
        <name>St Mary's Drive</name>
      </trkpt>
      <trkpt lat="57.3600210" lon="-2.0711840">
        <name>St Mary's Drive</name>
      </trkpt>
      <trkpt lat="57.3600570" lon="-2.0713210">
        <name>St Mary's Drive</name>
      </trkpt>
      <trkpt lat="57.3600950" lon="-2.0714630">
        <name>St Mary's Drive</name>
      </trkpt>
      <trkpt lat="57.3601240" lon="-2.0715485">
        <name>St Mary's Drive</name>
      </trkpt>
      <trkpt lat="57.3601530" lon="-2.0716340">
        <name>St Mary's Drive</name>
      </trkpt>
      <trkpt lat="57.3601865" lon="-2.0717080">
        <name>St Mary's Drive</name>
      </trkpt>
      <trkpt lat="57.3602200" lon="-2.0717820">
        <name>St Mary's Drive</name>
      </trkpt>
      <trkpt lat="57.3602560" lon="-2.0718440">
        <name>St Mary's Drive</name>
      </trkpt>
      <trkpt lat="57.3603090" lon="-2.0719360">
        <name>St Mary's Drive</name>
      </trkpt>
      <trkpt lat="57.3603455" lon="-2.0719860">
        <name>St Mary's Drive</name>
      </trkpt>
      <trkpt lat="57.3603820" lon="-2.0720360">
        <name>St Mary's Drive</name>
      </trkpt>
      <trkpt lat="57.3604500" lon="-2.0720950">
        <name>St Mary's Drive</name>
      </trkpt>
      <trkpt lat="57.3605210" lon="-2.0721670">
        <name>St Mary's Drive</name>
      </trkpt>
      <trkpt lat="57.3605990" lon="-2.0722350">
        <name>St Mary's Drive</name>
      </trkpt>
      <trkpt lat="57.3606670" lon="-2.0722870">
        <name>St Mary's Drive</name>
      </trkpt>
      <trkpt lat="57.3607160" lon="-2.0723320">
        <name>St Mary's Drive</name>
      </trkpt>
      <trkpt lat="57.3607510" lon="-2.0723790">
        <name>St Mary's Drive</name>
      </trkpt>
      <trkpt lat="57.3607880" lon="-2.0724680">
        <name>St Mary's Drive</name>
      </trkpt>
      <trkpt lat="57.3608250" lon="-2.0725570">
        <name>St Mary's Drive</name>
      </trkpt>
      <trkpt lat="57.3608490" lon="-2.0726250">
        <name>St Mary's Drive</name>
      </trkpt>
      <trkpt lat="57.3608660" lon="-2.0727130">
        <name>St Mary's Drive</name>
      </trkpt>
      <trkpt lat="57.3608780" lon="-2.0728050">
        <name>St Mary's Drive</name>
      </trkpt>
      <trkpt lat="57.3608740" lon="-2.0729460">
        <name>St Mary's Drive</name>
      </trkpt>
      <trkpt lat="57.3608680" lon="-2.0730630">
        <name>St Mary's Drive</name>
      </trkpt>
      <trkpt lat="57.3608630" lon="-2.0731620">
        <name>St Mary's Drive</name>
      </trkpt>
      <trkpt lat="57.3608440" lon="-2.0733180">
        <name>St Mary's Drive</name>
      </trkpt>
      <trkpt lat="57.3608330" lon="-2.0734120">
        <name>St Mary's Drive</name>
      </trkpt>
      <trkpt lat="57.3607623" lon="-2.0733827">
        <name>St Mary's Drive</name>
      </trkpt>
      <trkpt lat="57.3606915" lon="-2.0733535">
        <name>St Mary's Drive</name>
      </trkpt>
      <trkpt lat="57.3606208" lon="-2.0733242">
        <name>St Mary's Drive</name>
      </trkpt>
      <trkpt lat="57.3605500" lon="-2.0732950">
        <name>St Mary's Drive</name>
      </trkpt>
      <trkpt lat="57.3604850" lon="-2.0732680">
        <name>St Mary's Drive</name>
      </trkpt>
      <trkpt lat="57.3604200" lon="-2.0732410">
        <name>St Mary's Drive</name>
      </trkpt>
      <trkpt lat="57.3603550" lon="-2.0732140">
        <name>St Mary's Drive</name>
      </trkpt>
      <trkpt lat="57.3602760" lon="-2.0731810">
        <name>St Mary's Drive</name>
      </trkpt>
      <trkpt lat="57.3601970" lon="-2.0731480">
        <name>St Mary's Drive</name>
      </trkpt>
      <trkpt lat="57.3601180" lon="-2.0731150">
        <name>St Mary's Drive</name>
      </trkpt>
      <trkpt lat="57.3600305" lon="-2.0730790">
        <name>St Mary's Drive</name>
      </trkpt>
      <trkpt lat="57.3599430" lon="-2.0730430">
        <name>St Mary's Drive</name>
      </trkpt>
      <trkpt lat="57.3599300" lon="-2.0730370">
        <name>St Mary's Drive</name>
      </trkpt>
      <trkpt lat="57.3598442" lon="-2.0730001">
        <name>St Mary's Drive</name>
      </trkpt>
      <trkpt lat="57.3597585" lon="-2.0729631">
        <name>St Mary's Drive</name>
      </trkpt>
      <trkpt lat="57.3596727" lon="-2.0729262">
        <name>St Mary's Drive</name>
      </trkpt>
      <trkpt lat="57.3595869" lon="-2.0728892">
        <name>St Mary's Drive</name>
      </trkpt>
      <trkpt lat="57.3595012" lon="-2.0728523">
        <name>St Mary's Drive</name>
      </trkpt>
      <trkpt lat="57.3594154" lon="-2.0728154">
        <name>St Mary's Drive</name>
      </trkpt>
      <trkpt lat="57.3593296" lon="-2.0727784">
        <name>St Mary's Drive</name>
      </trkpt>
      <trkpt lat="57.3592439" lon="-2.0727415">
        <name>St Mary's Drive</name>
      </trkpt>
      <trkpt lat="57.3591581" lon="-2.0727045">
        <name>St Mary's Drive</name>
      </trkpt>
      <trkpt lat="57.3590724" lon="-2.0726676">
        <name>St Mary's Drive</name>
      </trkpt>
      <trkpt lat="57.3589866" lon="-2.0726306">
        <name>St Mary's Drive</name>
      </trkpt>
      <trkpt lat="57.3589008" lon="-2.0725937">
        <name>St Mary's Drive</name>
      </trkpt>
      <trkpt lat="57.3588151" lon="-2.0725568">
        <name>St Mary's Drive</name>
      </trkpt>
      <trkpt lat="57.3587293" lon="-2.0725198">
        <name>St Mary's Drive</name>
      </trkpt>
      <trkpt lat="57.3586435" lon="-2.0724829">
        <name>St Mary's Drive</name>
      </trkpt>
      <trkpt lat="57.3585578" lon="-2.0724459">
        <name>St Mary's Drive</name>
      </trkpt>
      <trkpt lat="57.3584720" lon="-2.0724090">
        <name>St Mary's Drive</name>
      </trkpt>
      <trkpt lat="57.3583843" lon="-2.0723745">
        <name>St Mary's Drive</name>
      </trkpt>
      <trkpt lat="57.3582967" lon="-2.0723400">
        <name>St Mary's Drive</name>
      </trkpt>
      <trkpt lat="57.3582090" lon="-2.0723055">
        <name>St Mary's Drive</name>
      </trkpt>
      <trkpt lat="57.3581213" lon="-2.0722710">
        <name>St Mary's Drive</name>
      </trkpt>
      <trkpt lat="57.3580337" lon="-2.0722365">
        <name>St Mary's Drive</name>
      </trkpt>
      <trkpt lat="57.3579460" lon="-2.0722020">
        <name>St Mary's Drive</name>
      </trkpt>
      <trkpt lat="57.3579070" lon="-2.0720820">
        <name>St Mary's Drive</name>
      </trkpt>
      <trkpt lat="57.3578680" lon="-2.0719620">
        <name>St Mary's Drive</name>
      </trkpt>
      <trkpt lat="57.3578400" lon="-2.0718895">
        <name>St Mary's Drive</name>
      </trkpt>
      <trkpt lat="57.3578120" lon="-2.0718170">
        <name>St Mary's Drive</name>
      </trkpt>
      <trkpt lat="57.3577580" lon="-2.0717520">
        <name>St Mary's Drive</name>
      </trkpt>
      <trkpt lat="57.3576880" lon="-2.0717470">
        <name>St Mary's Drive</name>
      </trkpt>
      <trkpt lat="57.3577580" lon="-2.0717520">
        <name>St Mary's Drive</name>
      </trkpt>
      <trkpt lat="57.3578120" lon="-2.0718170">
        <name>St Mary's Drive</name>
      </trkpt>
      <trkpt lat="57.3578400" lon="-2.0718895">
        <name>St Mary's Drive</name>
      </trkpt>
      <trkpt lat="57.3578680" lon="-2.0719620">
        <name>St Mary's Drive</name>
      </trkpt>
      <trkpt lat="57.3579070" lon="-2.0720820">
        <name>St Mary's Drive</name>
      </trkpt>
      <trkpt lat="57.3579460" lon="-2.0722020">
        <name>St Mary's Drive</name>
      </trkpt>
      <trkpt lat="57.3580337" lon="-2.0722365">
        <name>St Mary's Place</name>
      </trkpt>
      <trkpt lat="57.3581213" lon="-2.0722710">
        <name>St Mary's Place</name>
      </trkpt>
      <trkpt lat="57.3582090" lon="-2.0723055">
        <name>St Mary's Place</name>
      </trkpt>
      <trkpt lat="57.3582967" lon="-2.0723400">
        <name>St Mary's Place</name>
      </trkpt>
      <trkpt lat="57.3583843" lon="-2.0723745">
        <name>St Mary's Place</name>
      </trkpt>
      <trkpt lat="57.3584720" lon="-2.0724090">
        <name>St Mary's Place</name>
      </trkpt>
      <trkpt lat="57.3585585" lon="-2.0724463">
        <name>St Mary's Place</name>
      </trkpt>
      <trkpt lat="57.3586451" lon="-2.0724836">
        <name>St Mary's Place</name>
      </trkpt>
      <trkpt lat="57.3587316" lon="-2.0725209">
        <name>St Mary's Place</name>
      </trkpt>
      <trkpt lat="57.3588181" lon="-2.0725582">
        <name>St Mary's Place</name>
      </trkpt>
      <trkpt lat="57.3589046" lon="-2.0725955">
        <name>St Mary's Place</name>
      </trkpt>
      <trkpt lat="57.3589912" lon="-2.0726328">
        <name>St Mary's Place</name>
      </trkpt>
      <trkpt lat="57.3590777" lon="-2.0726701">
        <name>St Mary's Place</name>
      </trkpt>
      <trkpt lat="57.3591642" lon="-2.0727074">
        <name>St Mary's Place</name>
      </trkpt>
      <trkpt lat="57.3592508" lon="-2.0727446">
        <name>St Mary's Place</name>
      </trkpt>
      <trkpt lat="57.3593373" lon="-2.0727819">
        <name>St Mary's Place</name>
      </trkpt>
      <trkpt lat="57.3594238" lon="-2.0728192">
        <name>St Mary's Place</name>
      </trkpt>
      <trkpt lat="57.3595104" lon="-2.0728565">
        <name>St Mary's Place</name>
      </trkpt>
      <trkpt lat="57.3595969" lon="-2.0728938">
        <name>St Mary's Place</name>
      </trkpt>
      <trkpt lat="57.3596834" lon="-2.0729311">
        <name>St Mary's Place</name>
      </trkpt>
      <trkpt lat="57.3597699" lon="-2.0729684">
        <name>St Mary's Place</name>
      </trkpt>
      <trkpt lat="57.3598565" lon="-2.0730057">
        <name>St Mary's Place</name>
      </trkpt>
      <trkpt lat="57.3599430" lon="-2.0730430">
        <name>St Mary's Place</name>
      </trkpt>
      <trkpt lat="57.3600184" lon="-2.0730743">
        <name>St Mary's Place</name>
      </trkpt>
      <trkpt lat="57.3600939" lon="-2.0731056">
        <name>St Mary's Place</name>
      </trkpt>
      <trkpt lat="57.3601693" lon="-2.0731369">
        <name>St Mary's Place</name>
      </trkpt>
      <trkpt lat="57.3602447" lon="-2.0731681">
        <name>St Mary's Place</name>
      </trkpt>
      <trkpt lat="57.3603201" lon="-2.0731994">
        <name>St Mary's Place</name>
      </trkpt>
      <trkpt lat="57.3603956" lon="-2.0732307">
        <name>St Mary's Place</name>
      </trkpt>
      <trkpt lat="57.3604710" lon="-2.0732620">
        <name>St Mary's Place</name>
      </trkpt>
      <trkpt lat="57.3605434" lon="-2.0732920">
        <name>St Mary's Place</name>
      </trkpt>
      <trkpt lat="57.3606158" lon="-2.0733220">
        <name>St Mary's Place</name>
      </trkpt>
      <trkpt lat="57.3606882" lon="-2.0733520">
        <name>St Mary's Place</name>
      </trkpt>
      <trkpt lat="57.3607606" lon="-2.0733820">
        <name>St Mary's Place</name>
      </trkpt>
      <trkpt lat="57.3608330" lon="-2.0734120">
        <name>St Mary's Place</name>
      </trkpt>
      <trkpt lat="57.3608790" lon="-2.0734310">
        <name>St Mary's Place</name>
      </trkpt>
      <trkpt lat="57.3609250" lon="-2.0734500">
        <name>St Mary's Place</name>
      </trkpt>
      <trkpt lat="57.3609950" lon="-2.0734780">
        <name>St Mary's Place</name>
      </trkpt>
      <trkpt lat="57.3610310" lon="-2.0734930">
        <name>St Mary's Place</name>
      </trkpt>
      <trkpt lat="57.3610180" lon="-2.0736047">
        <name>St Mary's Place</name>
      </trkpt>
      <trkpt lat="57.3610050" lon="-2.0737163">
        <name>St Mary's Place</name>
      </trkpt>
      <trkpt lat="57.3609920" lon="-2.0738280">
        <name>St Mary's Place</name>
      </trkpt>
      <trkpt lat="57.3609760" lon="-2.0739660">
        <name>St Mary's Place</name>
      </trkpt>
      <trkpt lat="57.3609600" lon="-2.0741040">
        <name>St Mary's Place</name>
      </trkpt>
      <trkpt lat="57.3609440" lon="-2.0742420">
        <name>St Mary's Place</name>
      </trkpt>
      <trkpt lat="57.3609280" lon="-2.0743800">
        <name>St Mary's Place</name>
      </trkpt>
      <trkpt lat="57.3609070" lon="-2.0743720">
        <name>St Mary's Place</name>
      </trkpt>
      <trkpt lat="57.3608326" lon="-2.0743416">
        <name>St Mary's Place</name>
      </trkpt>
      <trkpt lat="57.3607582" lon="-2.0743112">
        <name>St Mary's Place</name>
      </trkpt>
      <trkpt lat="57.3606838" lon="-2.0742808">
        <name>St Mary's Place</name>
      </trkpt>
      <trkpt lat="57.3606094" lon="-2.0742504">
        <name>St Mary's Place</name>
      </trkpt>
      <trkpt lat="57.3605350" lon="-2.0742200">
        <name>St Mary's Place</name>
      </trkpt>
      <trkpt lat="57.3604554" lon="-2.0741876">
        <name>St Mary's Place</name>
      </trkpt>
      <trkpt lat="57.3603758" lon="-2.0741552">
        <name>St Mary's Place</name>
      </trkpt>
      <trkpt lat="57.3602962" lon="-2.0741228">
        <name>St Mary's Place</name>
      </trkpt>
      <trkpt lat="57.3602166" lon="-2.0740904">
        <name>St Mary's Place</name>
      </trkpt>
      <trkpt lat="57.3601370" lon="-2.0740580">
        <name>St Mary's Place</name>
      </trkpt>
      <trkpt lat="57.3600585" lon="-2.0740245">
        <name>St Mary's Place</name>
      </trkpt>
      <trkpt lat="57.3599800" lon="-2.0739910">
        <name>St Mary's Place</name>
      </trkpt>
      <trkpt lat="57.3600585" lon="-2.0740245">
        <name>St Mary's Place</name>
      </trkpt>
      <trkpt lat="57.3601370" lon="-2.0740580">
        <name>St Mary's Place</name>
      </trkpt>
      <trkpt lat="57.3602149" lon="-2.0740897">
        <name>St Mary's Place</name>
      </trkpt>
      <trkpt lat="57.3602927" lon="-2.0741214">
        <name>St Mary's Place</name>
      </trkpt>
      <trkpt lat="57.3603706" lon="-2.0741531">
        <name>St Mary's Place</name>
      </trkpt>
      <trkpt lat="57.3604484" lon="-2.0741849">
        <name>St Mary's Place</name>
      </trkpt>
      <trkpt lat="57.3605263" lon="-2.0742166">
        <name>St Mary's Place</name>
      </trkpt>
      <trkpt lat="57.3606041" lon="-2.0742483">
        <name>St Mary's Place</name>
      </trkpt>
      <trkpt lat="57.3606820" lon="-2.0742800">
        <name>St Mary's Place</name>
      </trkpt>
      <trkpt lat="57.3607640" lon="-2.0743133">
        <name>St Mary's Place</name>
      </trkpt>
      <trkpt lat="57.3608460" lon="-2.0743467">
        <name>St Mary's Place</name>
      </trkpt>
      <trkpt lat="57.3609280" lon="-2.0743800">
        <name>St Mary's Place</name>
      </trkpt>
      <trkpt lat="57.3609070" lon="-2.0745280">
        <name>St Mary's Place</name>
      </trkpt>
      <trkpt lat="57.3608860" lon="-2.0746760">
        <name>St Mary's Place</name>
      </trkpt>
      <trkpt lat="57.3608675" lon="-2.0748040">
        <name>St Mary's Place</name>
      </trkpt>
      <trkpt lat="57.3608490" lon="-2.0749320">
        <name>St Mary's Place</name>
      </trkpt>
      <trkpt lat="57.3608305" lon="-2.0750600">
        <name>St Mary's Place</name>
      </trkpt>
      <trkpt lat="57.3608120" lon="-2.0751880">
        <name>St Mary's Place</name>
      </trkpt>
      <trkpt lat="57.3608020" lon="-2.0752570">
        <name>St Mary's Place</name>
      </trkpt>
      <trkpt lat="57.3607850" lon="-2.0752490">
        <name>St Mary's Place</name>
      </trkpt>
      <trkpt lat="57.3607155" lon="-2.0752225">
        <name>St Mary's Place</name>
      </trkpt>
      <trkpt lat="57.3606460" lon="-2.0751960">
        <name>St Mary's Place</name>
      </trkpt>
      <trkpt lat="57.3605765" lon="-2.0751695">
        <name>St Mary's Place</name>
      </trkpt>
      <trkpt lat="57.3605070" lon="-2.0751430">
        <name>St Mary's Place</name>
      </trkpt>
      <trkpt lat="57.3604710" lon="-2.0751280">
        <name>St Mary's Place</name>
      </trkpt>
      <trkpt lat="57.3603880" lon="-2.0750940">
        <name>St Mary's Place</name>
      </trkpt>
      <trkpt lat="57.3603050" lon="-2.0750600">
        <name>St Mary's Place</name>
      </trkpt>
      <trkpt lat="57.3602220" lon="-2.0750260">
        <name>St Mary's Place</name>
      </trkpt>
      <trkpt lat="57.3601390" lon="-2.0749920">
        <name>St Mary's Place</name>
      </trkpt>
      <trkpt lat="57.3600580" lon="-2.0749587">
        <name>St Mary's Drive</name>
      </trkpt>
      <trkpt lat="57.3599770" lon="-2.0749253">
        <name>St Mary's Drive</name>
      </trkpt>
      <trkpt lat="57.3598960" lon="-2.0748920">
        <name>St Mary's Drive</name>
      </trkpt>
      <trkpt lat="57.3598275" lon="-2.0748630">
        <name>St Mary's Drive</name>
      </trkpt>
      <trkpt lat="57.3597590" lon="-2.0748340">
        <name>St Mary's Drive</name>
      </trkpt>
      <trkpt lat="57.3597300" lon="-2.0748210">
        <name>St Mary's Drive</name>
      </trkpt>
      <trkpt lat="57.3597080" lon="-2.0749760">
        <name>St Mary's Drive</name>
      </trkpt>
      <trkpt lat="57.3596710" lon="-2.0750903">
        <name>St Mary's Drive</name>
      </trkpt>
      <trkpt lat="57.3596340" lon="-2.0752047">
        <name>St Mary's Drive</name>
      </trkpt>
      <trkpt lat="57.3595970" lon="-2.0753190">
        <name>St Mary's Drive</name>
      </trkpt>
      <trkpt lat="57.3595647" lon="-2.0754193">
        <name>St Mary's Drive</name>
      </trkpt>
      <trkpt lat="57.3595323" lon="-2.0755197">
        <name>St Mary's Drive</name>
      </trkpt>
      <trkpt lat="57.3595000" lon="-2.0756200">
        <name>St Mary's Drive</name>
      </trkpt>
      <trkpt lat="57.3594910" lon="-2.0756490">
        <name>St Mary's Drive</name>
      </trkpt>
      <trkpt lat="57.3595385" lon="-2.0756690">
        <name>St Mary's Drive</name>
      </trkpt>
      <trkpt lat="57.3595860" lon="-2.0756890">
        <name>St Mary's Drive</name>
      </trkpt>
      <trkpt lat="57.3596660" lon="-2.0757240">
        <name>St Mary's Drive</name>
      </trkpt>
      <trkpt lat="57.3597530" lon="-2.0757620">
        <name>St Mary's Drive</name>
      </trkpt>
      <trkpt lat="57.3598193" lon="-2.0757908">
        <name>St Mary's Drive</name>
      </trkpt>
      <trkpt lat="57.3598855" lon="-2.0758195">
        <name>St Mary's Drive</name>
      </trkpt>
      <trkpt lat="57.3599517" lon="-2.0758482">
        <name>St Mary's Drive</name>
      </trkpt>
      <trkpt lat="57.3600180" lon="-2.0758770">
        <name>St Mary's Drive</name>
      </trkpt>
      <trkpt lat="57.3600680" lon="-2.0759610">
        <name>St Mary's Drive</name>
      </trkpt>
      <trkpt lat="57.3600750" lon="-2.0759720">
        <name>St Mary's Drive</name>
      </trkpt>
      <trkpt lat="57.3600180" lon="-2.0758770">
        <name>St Mary's Drive</name>
      </trkpt>
      <trkpt lat="57.3599407" lon="-2.0758437">
        <name>St Mary's Drive</name>
      </trkpt>
      <trkpt lat="57.3598633" lon="-2.0758103">
        <name>St Mary's Drive</name>
      </trkpt>
      <trkpt lat="57.3597860" lon="-2.0757770">
        <name>St Mary's Drive</name>
      </trkpt>
      <trkpt lat="57.3597530" lon="-2.0757620">
        <name>St Mary's Drive</name>
      </trkpt>
      <trkpt lat="57.3596695" lon="-2.0757255">
        <name>St Mary's Drive</name>
      </trkpt>
      <trkpt lat="57.3595860" lon="-2.0756890">
        <name>St Mary's Drive</name>
      </trkpt>
      <trkpt lat="57.3595385" lon="-2.0756690">
        <name>St Mary's Drive</name>
      </trkpt>
      <trkpt lat="57.3594910" lon="-2.0756490">
        <name>St Mary's Drive</name>
      </trkpt>
      <trkpt lat="57.3594645" lon="-2.0757310">
        <name>St Mary's Drive</name>
      </trkpt>
      <trkpt lat="57.3594380" lon="-2.0758130">
        <name>St Mary's Drive</name>
      </trkpt>
      <trkpt lat="57.3593957" lon="-2.0759427">
        <name>St Mary's Drive</name>
      </trkpt>
      <trkpt lat="57.3593533" lon="-2.0760723">
        <name>St Mary's Drive</name>
      </trkpt>
      <trkpt lat="57.3593110" lon="-2.0762020">
        <name>St Mary's Drive</name>
      </trkpt>
      <trkpt lat="57.3592750" lon="-2.0763125">
        <name>St Mary's Drive</name>
      </trkpt>
      <trkpt lat="57.3592390" lon="-2.0764230">
        <name>St Mary's Drive</name>
      </trkpt>
      <trkpt lat="57.3592310" lon="-2.0764490">
        <name>St Mary's Drive</name>
      </trkpt>
      <trkpt lat="57.3591943" lon="-2.0765627">
        <name>St Mary's Drive</name>
      </trkpt>
      <trkpt lat="57.3591575" lon="-2.0766765">
        <name>St Mary's Drive</name>
      </trkpt>
      <trkpt lat="57.3591208" lon="-2.0767903">
        <name>St Mary's Drive</name>
      </trkpt>
      <trkpt lat="57.3590840" lon="-2.0769040">
        <name>St Mary's Drive</name>
      </trkpt>
      <trkpt lat="57.3590540" lon="-2.0769960">
        <name>St Mary's Drive</name>
      </trkpt>
      <trkpt lat="57.3590083" lon="-2.0771370">
        <name>St Mary's Drive</name>
      </trkpt>
      <trkpt lat="57.3589627" lon="-2.0772780">
        <name>St Mary's Drive</name>
      </trkpt>
      <trkpt lat="57.3589170" lon="-2.0774190">
        <name>St Mary's Drive</name>
      </trkpt>
      <trkpt lat="57.3588780" lon="-2.0775397">
        <name>St Mary's Drive</name>
      </trkpt>
      <trkpt lat="57.3588390" lon="-2.0776605">
        <name>St Mary's Drive</name>
      </trkpt>
      <trkpt lat="57.3588000" lon="-2.0777813">
        <name>St Mary's Drive</name>
      </trkpt>
      <trkpt lat="57.3587610" lon="-2.0779020">
        <name>St Mary's Drive</name>
      </trkpt>
      <trkpt lat="57.3587215" lon="-2.0780245">
        <name>St Mary's Drive</name>
      </trkpt>
      <trkpt lat="57.3586820" lon="-2.0781470">
        <name>St Mary's Drive</name>
      </trkpt>
      <trkpt lat="57.3586470" lon="-2.0782540">
        <name>St Mary's Drive</name>
      </trkpt>
      <trkpt lat="57.3586153" lon="-2.0783523">
        <name>St Mary's Drive</name>
      </trkpt>
      <trkpt lat="57.3585837" lon="-2.0784507">
        <name>St Mary's Drive</name>
      </trkpt>
      <trkpt lat="57.3585520" lon="-2.0785490">
        <name>St Mary's Drive</name>
      </trkpt>
      <trkpt lat="57.3585240" lon="-2.0786505">
        <name>St Mary's Drive</name>
      </trkpt>
      <trkpt lat="57.3584960" lon="-2.0787520">
        <name>St Mary's Drive</name>
      </trkpt>
      <trkpt lat="57.3584850" lon="-2.0788080">
        <name>St Mary's Drive</name>
      </trkpt>
      <trkpt lat="57.3584550" lon="-2.0789640">
        <name>St Mary's Drive</name>
      </trkpt>
      <trkpt lat="57.3584510" lon="-2.0789820">
        <name>St Mary's Drive</name>
      </trkpt>
      <trkpt lat="57.3584400" lon="-2.0790825">
        <name>St Mary's Drive</name>
      </trkpt>
      <trkpt lat="57.3584290" lon="-2.0791830">
        <name>St Mary's Drive</name>
      </trkpt>
      <trkpt lat="57.3583597" lon="-2.0791410">
        <name>St Mary's Drive</name>
      </trkpt>
      <trkpt lat="57.3582905" lon="-2.0790990">
        <name>St Mary's Drive</name>
      </trkpt>
      <trkpt lat="57.3582212" lon="-2.0790570">
        <name>St Mary's Drive</name>
      </trkpt>
      <trkpt lat="57.3581520" lon="-2.0790150">
        <name>St Mary's Drive</name>
      </trkpt>
      <trkpt lat="57.3581150" lon="-2.0789730">
        <name>St Mary's Drive</name>
      </trkpt>
      <trkpt lat="57.3580460" lon="-2.0788960">
        <name>St Mary's Drive</name>
      </trkpt>
      <trkpt lat="57.3580050" lon="-2.0788240">
        <name>St Mary's Drive</name>
      </trkpt>
      <trkpt lat="57.3579640" lon="-2.0787520">
        <name>St Mary's Drive</name>
      </trkpt>
      <trkpt lat="57.3579315" lon="-2.0786735">
        <name>St Mary's Drive</name>
      </trkpt>
      <trkpt lat="57.3578990" lon="-2.0785950">
        <name>St Mary's Drive</name>
      </trkpt>
      <trkpt lat="57.3578525" lon="-2.0784620">
        <name>St Mary's Drive</name>
      </trkpt>
      <trkpt lat="57.3578060" lon="-2.0783290">
        <name>St Mary's Drive</name>
      </trkpt>
      <trkpt lat="57.3577820" lon="-2.0782760">
        <name>St Mary's Drive</name>
      </trkpt>
      <trkpt lat="57.3577530" lon="-2.0782280">
        <name>Hillhead Road</name>
      </trkpt>
      <trkpt lat="57.3577075" lon="-2.0781850">
        <name>Hillhead Road</name>
      </trkpt>
      <trkpt lat="57.3576620" lon="-2.0781420">
        <name>Hillhead Road</name>
      </trkpt>
      <trkpt lat="57.3576145" lon="-2.0781105">
        <name>Hillhead Road</name>
      </trkpt>
      <trkpt lat="57.3575670" lon="-2.0780790">
        <name>Hillhead Road</name>
      </trkpt>
      <trkpt lat="57.3575165" lon="-2.0780605">
        <name>Hillhead Road</name>
      </trkpt>
      <trkpt lat="57.3574660" lon="-2.0780420">
        <name>Hillhead Road</name>
      </trkpt>
      <trkpt lat="57.3574055" lon="-2.0780235">
        <name>Hillhead Road</name>
      </trkpt>
      <trkpt lat="57.3573450" lon="-2.0780050">
        <name>Hillhead Road</name>
      </trkpt>
      <trkpt lat="57.3572650" lon="-2.0779810">
        <name>Hillhead Road</name>
      </trkpt>
      <trkpt lat="57.3572120" lon="-2.0779670">
        <name>Hillhead Road</name>
      </trkpt>
      <trkpt lat="57.3571590" lon="-2.0779530">
        <name>Hillhead Road</name>
      </trkpt>
      <trkpt lat="57.3570820" lon="-2.0779335">
        <name>Hillhead Road</name>
      </trkpt>
      <trkpt lat="57.3570050" lon="-2.0779140">
        <name>Hillhead Road</name>
      </trkpt>
      <trkpt lat="57.3569640" lon="-2.0778840">
        <name>Hillhead Road</name>
      </trkpt>
      <trkpt lat="57.3568915" lon="-2.0778680">
        <name>Hillhead Road</name>
      </trkpt>
      <trkpt lat="57.3568190" lon="-2.0778520">
        <name>Hillhead Road</name>
      </trkpt>
      <trkpt lat="57.3568915" lon="-2.0778680">
        <name>Hillhead Road</name>
      </trkpt>
      <trkpt lat="57.3569640" lon="-2.0778840">
        <name>Hillhead Road</name>
      </trkpt>
      <trkpt lat="57.3570050" lon="-2.0779140">
        <name>Hillhead Road</name>
      </trkpt>
      <trkpt lat="57.3570820" lon="-2.0779335">
        <name>Hillhead Road</name>
      </trkpt>
      <trkpt lat="57.3571590" lon="-2.0779530">
        <name>Hillhead Road</name>
      </trkpt>
      <trkpt lat="57.3572120" lon="-2.0779670">
        <name>Hillhead Road</name>
      </trkpt>
      <trkpt lat="57.3572650" lon="-2.0779810">
        <name>Hillhead Road</name>
      </trkpt>
      <trkpt lat="57.3573320" lon="-2.0780013">
        <name>Hillhead Road</name>
      </trkpt>
      <trkpt lat="57.3573990" lon="-2.0780217">
        <name>Hillhead Road</name>
      </trkpt>
      <trkpt lat="57.3574660" lon="-2.0780420">
        <name>Hillhead Road</name>
      </trkpt>
      <trkpt lat="57.3574990" lon="-2.0780540">
        <name>Hillhead Road</name>
      </trkpt>
      <trkpt lat="57.3575670" lon="-2.0780790">
        <name>Hillhead Road</name>
      </trkpt>
      <trkpt lat="57.3576145" lon="-2.0781105">
        <name>Hillhead Road</name>
      </trkpt>
      <trkpt lat="57.3576620" lon="-2.0781420">
        <name>Hillhead Road</name>
      </trkpt>
      <trkpt lat="57.3577075" lon="-2.0781850">
        <name>Hillhead Road</name>
      </trkpt>
      <trkpt lat="57.3577530" lon="-2.0782280">
        <name>Hillhead Road</name>
      </trkpt>
      <trkpt lat="57.3577820" lon="-2.0782760">
        <name>Hillhead Road</name>
      </trkpt>
      <trkpt lat="57.3578060" lon="-2.0783290">
        <name>Hillhead Road</name>
      </trkpt>
      <trkpt lat="57.3578525" lon="-2.0784620">
      </trkpt>
      <trkpt lat="57.3578990" lon="-2.0785950">
      </trkpt>
      <trkpt lat="57.3579345" lon="-2.0786785">
      </trkpt>
      <trkpt lat="57.3579700" lon="-2.0787620">
      </trkpt>
      <trkpt lat="57.3580080" lon="-2.0788290">
      </trkpt>
      <trkpt lat="57.3580460" lon="-2.0788960">
      </trkpt>
      <trkpt lat="57.3580990" lon="-2.0789555">
      </trkpt>
      <trkpt lat="57.3581520" lon="-2.0790150">
      </trkpt>
      <trkpt lat="57.3582212" lon="-2.0790570">
      </trkpt>
      <trkpt lat="57.3582905" lon="-2.0790990">
      </trkpt>
      <trkpt lat="57.3583597" lon="-2.0791410">
      </trkpt>
      <trkpt lat="57.3584290" lon="-2.0791830">
      </trkpt>
      <trkpt lat="57.3584220" lon="-2.0792970">
      </trkpt>
      <trkpt lat="57.3584250" lon="-2.0793330">
      </trkpt>
      <trkpt lat="57.3584310" lon="-2.0794070">
      </trkpt>
      <trkpt lat="57.3584500" lon="-2.0795060">
      </trkpt>
      <trkpt lat="57.3584690" lon="-2.0796050">
      </trkpt>
      <trkpt lat="57.3584780" lon="-2.0796330">
        <name>Hillhead Road</name>
      </trkpt>
      <trkpt lat="57.3584900" lon="-2.0796730">
        <name>Hillhead Road</name>
      </trkpt>
      <trkpt lat="57.3585140" lon="-2.0797330">
        <name>Hillhead Road</name>
      </trkpt>
      <trkpt lat="57.3585450" lon="-2.0797940">
        <name>Hillhead Road</name>
      </trkpt>
      <trkpt lat="57.3585780" lon="-2.0798390">
        <name>Hillhead Road</name>
      </trkpt>
      <trkpt lat="57.3586160" lon="-2.0798760">
        <name>Hillhead Road</name>
      </trkpt>
      <trkpt lat="57.3586710" lon="-2.0799070">
        <name>Hillhead Road</name>
      </trkpt>
      <trkpt lat="57.3587380" lon="-2.0799110">
        <name>Hillhead Road</name>
      </trkpt>
      <trkpt lat="57.3587885" lon="-2.0799040">
        <name>Hillhead Road</name>
      </trkpt>
      <trkpt lat="57.3588390" lon="-2.0798970">
        <name>Hillhead Road</name>
      </trkpt>
      <trkpt lat="57.3589090" lon="-2.0798873">
        <name>Hillhead Road</name>
      </trkpt>
      <trkpt lat="57.3589790" lon="-2.0798777">
        <name>Hillhead Road</name>
      </trkpt>
      <trkpt lat="57.3590490" lon="-2.0798680">
        <name>Hillhead Road</name>
      </trkpt>
      <trkpt lat="57.3590410" lon="-2.0797640">
        <name>Hillhead Road</name>
      </trkpt>
      <trkpt lat="57.3590330" lon="-2.0796600">
        <name>Hillhead Road</name>
      </trkpt>
      <trkpt lat="57.3590195" lon="-2.0795130">
        <name>Hillhead Road</name>
      </trkpt>
      <trkpt lat="57.3590060" lon="-2.0793660">
        <name>Hillhead Road</name>
      </trkpt>
      <trkpt lat="57.3590030" lon="-2.0793370">
        <name>Hillhead Road</name>
      </trkpt>
      <trkpt lat="57.3589905" lon="-2.0791940">
        <name>Hillhead Road</name>
      </trkpt>
      <trkpt lat="57.3589780" lon="-2.0790510">
        <name>Hillhead Road</name>
      </trkpt>
      <trkpt lat="57.3590010" lon="-2.0789490">
        <name>Hillhead Drive</name>
      </trkpt>
      <trkpt lat="57.3590240" lon="-2.0788470">
        <name>Hillhead Drive</name>
      </trkpt>
      <trkpt lat="57.3590290" lon="-2.0788270">
        <name>Hillhead Drive</name>
      </trkpt>
      <trkpt lat="57.3590715" lon="-2.0786955">
        <name>Hillhead Drive</name>
      </trkpt>
      <trkpt lat="57.3591140" lon="-2.0785640">
        <name>Hillhead Drive</name>
      </trkpt>
      <trkpt lat="57.3591565" lon="-2.0784325">
        <name>Hillhead Drive</name>
      </trkpt>
      <trkpt lat="57.3591990" lon="-2.0783010">
        <name>Hillhead Drive</name>
      </trkpt>
      <trkpt lat="57.3592446" lon="-2.0781598">
        <name>Hillhead Drive</name>
      </trkpt>
      <trkpt lat="57.3592902" lon="-2.0780186">
        <name>Hillhead Drive</name>
      </trkpt>
      <trkpt lat="57.3593358" lon="-2.0778774">
        <name>Hillhead Drive</name>
      </trkpt>
      <trkpt lat="57.3593814" lon="-2.0777362">
        <name>Hillhead Drive</name>
      </trkpt>
      <trkpt lat="57.3594270" lon="-2.0775950">
        <name>Hillhead Drive</name>
      </trkpt>
      <trkpt lat="57.3594597" lon="-2.0774940">
        <name>Hillhead Drive</name>
      </trkpt>
      <trkpt lat="57.3594923" lon="-2.0773930">
        <name>Hillhead Drive</name>
      </trkpt>
      <trkpt lat="57.3595250" lon="-2.0772920">
        <name>Hillhead Drive</name>
      </trkpt>
      <trkpt lat="57.3595543" lon="-2.0771910">
        <name>Hillhead Drive</name>
      </trkpt>
      <trkpt lat="57.3595837" lon="-2.0770900">
        <name>Hillhead Drive</name>
      </trkpt>
      <trkpt lat="57.3596130" lon="-2.0769890">
        <name>Hillhead Drive</name>
      </trkpt>
      <trkpt lat="57.3596490" lon="-2.0768660">
        <name>Hillhead Place</name>
      </trkpt>
      <trkpt lat="57.3596850" lon="-2.0767430">
        <name>Hillhead Place</name>
      </trkpt>
      <trkpt lat="57.3596940" lon="-2.0766710">
        <name>Hillhead Place</name>
      </trkpt>
      <trkpt lat="57.3597685" lon="-2.0766945">
        <name>Hillhead Place</name>
      </trkpt>
      <trkpt lat="57.3598430" lon="-2.0767180">
        <name>Hillhead Place</name>
      </trkpt>
      <trkpt lat="57.3599208" lon="-2.0767358">
        <name>Hillhead Place</name>
      </trkpt>
      <trkpt lat="57.3599985" lon="-2.0767535">
        <name>Hillhead Place</name>
      </trkpt>
      <trkpt lat="57.3600762" lon="-2.0767713">
        <name>Hillhead Place</name>
      </trkpt>
      <trkpt lat="57.3601540" lon="-2.0767890">
        <name>Hillhead Place</name>
      </trkpt>
      <trkpt lat="57.3602125" lon="-2.0768080">
        <name>Hillhead Place</name>
      </trkpt>
      <trkpt lat="57.3602710" lon="-2.0768270">
        <name>Hillhead Place</name>
      </trkpt>
      <trkpt lat="57.3602770" lon="-2.0767790">
        <name>Hillhead Place</name>
      </trkpt>
      <trkpt lat="57.3602885" lon="-2.0766480">
        <name>Hillhead Place</name>
      </trkpt>
      <trkpt lat="57.3603000" lon="-2.0765170">
        <name>Hillhead Place</name>
      </trkpt>
      <trkpt lat="57.3603115" lon="-2.0763860">
        <name>Hillhead Place</name>
      </trkpt>
      <trkpt lat="57.3603230" lon="-2.0762550">
        <name>Hillhead Place</name>
      </trkpt>
      <trkpt lat="57.3603390" lon="-2.0761200">
        <name>Hillhead Place</name>
      </trkpt>
      <trkpt lat="57.3603550" lon="-2.0759850">
        <name>Hillhead Place</name>
      </trkpt>
      <trkpt lat="57.3603765" lon="-2.0758575">
        <name>Hillhead Place</name>
      </trkpt>
      <trkpt lat="57.3603980" lon="-2.0757300">
        <name>Hillhead Place</name>
      </trkpt>
      <trkpt lat="57.3604257" lon="-2.0755963">
        <name>Hillhead Place</name>
      </trkpt>
      <trkpt lat="57.3604533" lon="-2.0754627">
        <name>Hillhead Place</name>
      </trkpt>
      <trkpt lat="57.3604810" lon="-2.0753290">
        <name>Hillhead Place</name>
      </trkpt>
      <trkpt lat="57.3604940" lon="-2.0752360">
        <name>Hillhead Place</name>
      </trkpt>
      <trkpt lat="57.3605070" lon="-2.0751430">
        <name>Hillhead Place</name>
      </trkpt>
      <trkpt lat="57.3604197" lon="-2.0751071">
        <name>Hillhead Place</name>
      </trkpt>
      <trkpt lat="57.3603324" lon="-2.0750713">
        <name>Hillhead Place</name>
      </trkpt>
      <trkpt lat="57.3602451" lon="-2.0750354">
        <name>Hillhead Place</name>
      </trkpt>
      <trkpt lat="57.3601579" lon="-2.0749996">
        <name>Hillhead Place</name>
      </trkpt>
      <trkpt lat="57.3600706" lon="-2.0749637">
        <name>Hillhead Place</name>
      </trkpt>
      <trkpt lat="57.3599833" lon="-2.0749279">
        <name>Hillhead Place</name>
      </trkpt>
      <trkpt lat="57.3598960" lon="-2.0748920">
        <name>Hillhead Place</name>
      </trkpt>
      <trkpt lat="57.3598130" lon="-2.0748565">
        <name>Hillhead Place</name>
      </trkpt>
      <trkpt lat="57.3597300" lon="-2.0748210">
        <name>Hillhead Place</name>
      </trkpt>
      <trkpt lat="57.3597080" lon="-2.0749760">
        <name>Hillhead Place</name>
      </trkpt>
      <trkpt lat="57.3596646" lon="-2.0751106">
        <name>Hillhead Place</name>
      </trkpt>
      <trkpt lat="57.3596212" lon="-2.0752452">
        <name>Hillhead Place</name>
      </trkpt>
      <trkpt lat="57.3595778" lon="-2.0753798">
        <name>Hillhead Place</name>
      </trkpt>
      <trkpt lat="57.3595344" lon="-2.0755144">
        <name>Hillhead Place</name>
      </trkpt>
      <trkpt lat="57.3594910" lon="-2.0756490">
        <name>Hillhead Place</name>
      </trkpt>
      <trkpt lat="57.3594490" lon="-2.0757780">
        <name>Hillhead Place</name>
      </trkpt>
      <trkpt lat="57.3594070" lon="-2.0759070">
        <name>Hillhead Place</name>
      </trkpt>
      <trkpt lat="57.3593650" lon="-2.0760360">
        <name>Hillhead Place</name>
      </trkpt>
      <trkpt lat="57.3593230" lon="-2.0761650">
        <name>Hillhead Place</name>
      </trkpt>
      <trkpt lat="57.3592810" lon="-2.0762940">
        <name>Hillhead Place</name>
      </trkpt>
      <trkpt lat="57.3592390" lon="-2.0764230">
        <name>Hillhead Place</name>
      </trkpt>
      <trkpt lat="57.3593120" lon="-2.0764990">
        <name>Hillhead Place</name>
      </trkpt>
      <trkpt lat="57.3593220" lon="-2.0765040">
        <name>Hillhead Place</name>
      </trkpt>
      <trkpt lat="57.3593860" lon="-2.0765370">
        <name>Hillhead Place</name>
      </trkpt>
      <trkpt lat="57.3594500" lon="-2.0765700">
        <name>Hillhead Place</name>
      </trkpt>
      <trkpt lat="57.3595313" lon="-2.0766037">
        <name>Hillhead Place</name>
      </trkpt>
      <trkpt lat="57.3596127" lon="-2.0766373">
        <name>Hillhead Place</name>
      </trkpt>
      <trkpt lat="57.3596940" lon="-2.0766710">
        <name>Hillhead Place</name>
      </trkpt>
      <trkpt lat="57.3597685" lon="-2.0766945">
        <name>Hillhead Drive</name>
      </trkpt>
      <trkpt lat="57.3598430" lon="-2.0767180">
        <name>Hillhead Drive</name>
      </trkpt>
      <trkpt lat="57.3598650" lon="-2.0767230">
        <name>Hillhead Drive</name>
      </trkpt>
      <trkpt lat="57.3599373" lon="-2.0767395">
        <name>Hillhead Drive</name>
      </trkpt>
      <trkpt lat="57.3600095" lon="-2.0767560">
        <name>Hillhead Drive</name>
      </trkpt>
      <trkpt lat="57.3600817" lon="-2.0767725">
        <name>Hillhead Drive</name>
      </trkpt>
      <trkpt lat="57.3601540" lon="-2.0767890">
        <name>Hillhead Drive</name>
      </trkpt>
      <trkpt lat="57.3602060" lon="-2.0768060">
        <name>Hillhead Drive</name>
      </trkpt>
      <trkpt lat="57.3602710" lon="-2.0768270">
        <name>Hillhead Drive</name>
      </trkpt>
      <trkpt lat="57.3602770" lon="-2.0767790">
        <name>Hillhead Drive</name>
      </trkpt>
      <trkpt lat="57.3602907" lon="-2.0766227">
        <name>Hillhead Drive</name>
      </trkpt>
      <trkpt lat="57.3603043" lon="-2.0764663">
        <name>Hillhead Drive</name>
      </trkpt>
      <trkpt lat="57.3603180" lon="-2.0763100">
        <name>Hillhead Drive</name>
      </trkpt>
      <trkpt lat="57.3603230" lon="-2.0762550">
        <name>Hillhead Drive</name>
      </trkpt>
      <trkpt lat="57.3603390" lon="-2.0761200">
        <name>Hillhead Drive</name>
      </trkpt>
      <trkpt lat="57.3603550" lon="-2.0759850">
        <name>Hillhead Drive</name>
      </trkpt>
      <trkpt lat="57.3603800" lon="-2.0758400">
        <name>Hillhead Drive</name>
      </trkpt>
      <trkpt lat="57.3603980" lon="-2.0757300">
        <name>Hillhead Drive</name>
      </trkpt>
      <trkpt lat="57.3604257" lon="-2.0755963">
        <name>Hillhead Drive</name>
      </trkpt>
      <trkpt lat="57.3604533" lon="-2.0754627">
        <name>Hillhead Drive</name>
      </trkpt>
      <trkpt lat="57.3604810" lon="-2.0753290">
        <name>Hillhead Drive</name>
      </trkpt>
      <trkpt lat="57.3604940" lon="-2.0752360">
        <name>Hillhead Drive</name>
      </trkpt>
      <trkpt lat="57.3605070" lon="-2.0751430">
        <name>Hillhead Drive</name>
      </trkpt>
      <trkpt lat="57.3605765" lon="-2.0751695">
        <name>Hillhead Drive</name>
      </trkpt>
      <trkpt lat="57.3606460" lon="-2.0751960">
        <name>Hillhead Drive</name>
      </trkpt>
      <trkpt lat="57.3607155" lon="-2.0752225">
        <name>Hillhead Drive</name>
      </trkpt>
      <trkpt lat="57.3607850" lon="-2.0752490">
        <name>Hillhead Drive</name>
      </trkpt>
      <trkpt lat="57.3608020" lon="-2.0752570">
        <name>Hillhead Drive</name>
      </trkpt>
      <trkpt lat="57.3607905" lon="-2.0753390">
        <name>Hillhead Drive</name>
      </trkpt>
      <trkpt lat="57.3607790" lon="-2.0754210">
        <name>Hillhead Drive</name>
      </trkpt>
      <trkpt lat="57.3607905" lon="-2.0753390">
        <name>Hillhead Drive</name>
      </trkpt>
      <trkpt lat="57.3608020" lon="-2.0752570">
        <name>Hillhead Drive</name>
      </trkpt>
      <trkpt lat="57.3607850" lon="-2.0752490">
        <name>Hillhead Drive</name>
      </trkpt>
      <trkpt lat="57.3607155" lon="-2.0752225">
        <name>Hillhead Drive</name>
      </trkpt>
      <trkpt lat="57.3606460" lon="-2.0751960">
        <name>Hillhead Drive</name>
      </trkpt>
      <trkpt lat="57.3605765" lon="-2.0751695">
        <name>Hillhead Drive</name>
      </trkpt>
      <trkpt lat="57.3605070" lon="-2.0751430">
        <name>Hillhead Drive</name>
      </trkpt>
      <trkpt lat="57.3604940" lon="-2.0752360">
        <name>Hillhead Drive</name>
      </trkpt>
      <trkpt lat="57.3604810" lon="-2.0753290">
        <name>Hillhead Drive</name>
      </trkpt>
      <trkpt lat="57.3604780" lon="-2.0753460">
        <name>Hillhead Drive</name>
      </trkpt>
      <trkpt lat="57.3604513" lon="-2.0754740">
        <name>Hillhead Drive</name>
      </trkpt>
      <trkpt lat="57.3604247" lon="-2.0756020">
        <name>Hillhead Drive</name>
      </trkpt>
      <trkpt lat="57.3603980" lon="-2.0757300">
        <name>Hillhead Drive</name>
      </trkpt>
      <trkpt lat="57.3603765" lon="-2.0758575">
        <name>Hillhead Drive</name>
      </trkpt>
      <trkpt lat="57.3603550" lon="-2.0759850">
        <name>Hillhead Drive</name>
      </trkpt>
      <trkpt lat="57.3603390" lon="-2.0761200">
        <name>Hillhead Drive</name>
      </trkpt>
      <trkpt lat="57.3603230" lon="-2.0762550">
        <name>Hillhead Drive</name>
      </trkpt>
      <trkpt lat="57.3603085" lon="-2.0764175">
        <name>Hillhead Drive</name>
      </trkpt>
      <trkpt lat="57.3602940" lon="-2.0765800">
        <name>Hillhead Drive</name>
      </trkpt>
      <trkpt lat="57.3602855" lon="-2.0766795">
        <name>Hillhead Drive</name>
      </trkpt>
      <trkpt lat="57.3602770" lon="-2.0767790">
        <name>Hillhead Drive</name>
      </trkpt>
      <trkpt lat="57.3602710" lon="-2.0768270">
        <name>Hillhead Drive</name>
      </trkpt>
      <trkpt lat="57.3603205" lon="-2.0768430">
        <name>Hillhead Drive</name>
      </trkpt>
      <trkpt lat="57.3603700" lon="-2.0768590">
        <name>Hillhead Drive</name>
      </trkpt>
      <trkpt lat="57.3604480" lon="-2.0769160">
        <name>Hillhead Drive</name>
      </trkpt>
      <trkpt lat="57.3605223" lon="-2.0769860">
        <name>Hillhead Drive</name>
      </trkpt>
      <trkpt lat="57.3605967" lon="-2.0770560">
        <name>Hillhead Drive</name>
      </trkpt>
      <trkpt lat="57.3606710" lon="-2.0771260">
        <name>Hillhead Drive</name>
      </trkpt>
      <trkpt lat="57.3607260" lon="-2.0771780">
        <name>Hillhead Drive</name>
      </trkpt>
      <trkpt lat="57.3606875" lon="-2.0773075">
        <name>Hillhead Drive</name>
      </trkpt>
      <trkpt lat="57.3606490" lon="-2.0774370">
        <name>Hillhead Drive</name>
      </trkpt>
      <trkpt lat="57.3606080" lon="-2.0775753">
        <name>Hillhead Drive</name>
      </trkpt>
      <trkpt lat="57.3605670" lon="-2.0777135">
        <name>Hillhead Drive</name>
      </trkpt>
      <trkpt lat="57.3605260" lon="-2.0778517">
        <name>Hillhead Drive</name>
      </trkpt>
      <trkpt lat="57.3604850" lon="-2.0779900">
        <name>Hillhead Drive</name>
      </trkpt>
      <trkpt lat="57.3604290" lon="-2.0779370">
        <name>Hillhead Drive</name>
      </trkpt>
      <trkpt lat="57.3603500" lon="-2.0778620">
        <name>Hillhead Drive</name>
      </trkpt>
      <trkpt lat="57.3602995" lon="-2.0778230">
        <name>Hillhead Drive</name>
      </trkpt>
      <trkpt lat="57.3602490" lon="-2.0777840">
        <name>Hillhead Drive</name>
      </trkpt>
      <trkpt lat="57.3602120" lon="-2.0777670">
        <name>Hillhead Drive</name>
      </trkpt>
      <trkpt lat="57.3602020" lon="-2.0777630">
        <name>Hillhead Drive</name>
      </trkpt>
      <trkpt lat="57.3601270" lon="-2.0777640">
        <name>Chapelhill Place</name>
      </trkpt>
      <trkpt lat="57.3600450" lon="-2.0777465">
        <name>Chapelhill Place</name>
      </trkpt>
      <trkpt lat="57.3599630" lon="-2.0777290">
        <name>Chapelhill Place</name>
      </trkpt>
      <trkpt lat="57.3599370" lon="-2.0778140">
        <name>Chapelhill Place</name>
      </trkpt>
      <trkpt lat="57.3598982" lon="-2.0779423">
        <name>Chapelhill Place</name>
      </trkpt>
      <trkpt lat="57.3598593" lon="-2.0780707">
        <name>Chapelhill Place</name>
      </trkpt>
      <trkpt lat="57.3598205" lon="-2.0781990">
        <name>Chapelhill Place</name>
      </trkpt>
      <trkpt lat="57.3597817" lon="-2.0783273">
        <name>Chapelhill Place</name>
      </trkpt>
      <trkpt lat="57.3597428" lon="-2.0784557">
        <name>Chapelhill Place</name>
      </trkpt>
      <trkpt lat="57.3597040" lon="-2.0785840">
        <name>Chapelhill Place</name>
      </trkpt>
      <trkpt lat="57.3596658" lon="-2.0787107">
        <name>Chapelhill Place</name>
      </trkpt>
      <trkpt lat="57.3596275" lon="-2.0788375">
        <name>Chapelhill Place</name>
      </trkpt>
      <trkpt lat="57.3595892" lon="-2.0789643">
        <name>Chapelhill Place</name>
      </trkpt>
      <trkpt lat="57.3595510" lon="-2.0790910">
        <name>Chapelhill Place</name>
      </trkpt>
      <trkpt lat="57.3595120" lon="-2.0792220">
        <name>Chapelhill Place</name>
      </trkpt>
      <trkpt lat="57.3595450" lon="-2.0791100">
        <name>Chapelhill Place</name>
      </trkpt>
      <trkpt lat="57.3595510" lon="-2.0790910">
        <name>Chapelhill Place</name>
      </trkpt>
      <trkpt lat="57.3595922" lon="-2.0789548">
        <name>Chapelhill Place</name>
      </trkpt>
      <trkpt lat="57.3596334" lon="-2.0788186">
        <name>Chapelhill Place</name>
      </trkpt>
      <trkpt lat="57.3596746" lon="-2.0786824">
        <name>Chapelhill Place</name>
      </trkpt>
      <trkpt lat="57.3597158" lon="-2.0785462">
        <name>Chapelhill Place</name>
      </trkpt>
      <trkpt lat="57.3597570" lon="-2.0784100">
        <name>Chapelhill Place</name>
      </trkpt>
      <trkpt lat="57.3597982" lon="-2.0782738">
        <name>Chapelhill Place</name>
      </trkpt>
      <trkpt lat="57.3598394" lon="-2.0781376">
        <name>Chapelhill Place</name>
      </trkpt>
      <trkpt lat="57.3598806" lon="-2.0780014">
        <name>Chapelhill Place</name>
      </trkpt>
      <trkpt lat="57.3599218" lon="-2.0778652">
        <name>Chapelhill Place</name>
      </trkpt>
      <trkpt lat="57.3599630" lon="-2.0777290">
        <name>Chapelhill Place</name>
      </trkpt>
      <trkpt lat="57.3599100" lon="-2.0776890">
        <name>Chapelhill Place</name>
      </trkpt>
      <trkpt lat="57.3598560" lon="-2.0776330">
        <name>Chapelhill Place</name>
      </trkpt>
      <trkpt lat="57.3597880" lon="-2.0775630">
        <name>Chapelhill Place</name>
      </trkpt>
      <trkpt lat="57.3597297" lon="-2.0775030">
        <name>Chapelhill Place</name>
      </trkpt>
      <trkpt lat="57.3596713" lon="-2.0774430">
        <name>Chapelhill Place</name>
      </trkpt>
      <trkpt lat="57.3596130" lon="-2.0773830">
        <name>Chapelhill Place</name>
      </trkpt>
      <trkpt lat="57.3595690" lon="-2.0773375">
        <name>Chapelhill Place</name>
      </trkpt>
      <trkpt lat="57.3595250" lon="-2.0772920">
        <name>Chapelhill Place</name>
      </trkpt>
      <trkpt lat="57.3595650" lon="-2.0771548">
        <name>Chapelhill Place</name>
      </trkpt>
      <trkpt lat="57.3596050" lon="-2.0770175">
        <name>Chapelhill Place</name>
      </trkpt>
      <trkpt lat="57.3596450" lon="-2.0768802">
        <name>Chapelhill Place</name>
      </trkpt>
      <trkpt lat="57.3596850" lon="-2.0767430">
        <name>Chapelhill Place</name>
      </trkpt>
      <trkpt lat="57.3596940" lon="-2.0766710">
        <name>Chapelhill Place</name>
      </trkpt>
      <trkpt lat="57.3597685" lon="-2.0766945">
        <name>Chapelhill Place</name>
      </trkpt>
      <trkpt lat="57.3598430" lon="-2.0767180">
        <name>Chapelhill Place</name>
      </trkpt>
      <trkpt lat="57.3599208" lon="-2.0767358">
        <name>Chapelhill Place</name>
      </trkpt>
      <trkpt lat="57.3599985" lon="-2.0767535">
        <name>Chapelhill Place</name>
      </trkpt>
      <trkpt lat="57.3600762" lon="-2.0767713">
        <name>Chapelhill Place</name>
      </trkpt>
      <trkpt lat="57.3601540" lon="-2.0767890">
        <name>Chapelhill Place</name>
      </trkpt>
      <trkpt lat="57.3602125" lon="-2.0768080">
        <name>Chapelhill Place</name>
      </trkpt>
      <trkpt lat="57.3602710" lon="-2.0768270">
        <name>Chapelhill Place</name>
      </trkpt>
      <trkpt lat="57.3603205" lon="-2.0768430">
        <name>Chapelhill Place</name>
      </trkpt>
      <trkpt lat="57.3603700" lon="-2.0768590">
        <name>Chapelhill Place</name>
      </trkpt>
      <trkpt lat="57.3604480" lon="-2.0769160">
        <name>Chapelhill Place</name>
      </trkpt>
      <trkpt lat="57.3605175" lon="-2.0769815">
        <name>Chapelhill Place</name>
      </trkpt>
      <trkpt lat="57.3605870" lon="-2.0770470">
        <name>Chapelhill Place</name>
      </trkpt>
      <trkpt lat="57.3606565" lon="-2.0771125">
        <name>Chapelhill Place</name>
      </trkpt>
      <trkpt lat="57.3607260" lon="-2.0771780">
        <name>Chapelhill Place</name>
      </trkpt>
      <trkpt lat="57.3606858" lon="-2.0773133">
        <name>Hillhead Drive</name>
      </trkpt>
      <trkpt lat="57.3606457" lon="-2.0774487">
        <name>Hillhead Drive</name>
      </trkpt>
      <trkpt lat="57.3606055" lon="-2.0775840">
        <name>Hillhead Drive</name>
      </trkpt>
      <trkpt lat="57.3605653" lon="-2.0777193">
        <name>Hillhead Drive</name>
      </trkpt>
      <trkpt lat="57.3605252" lon="-2.0778547">
        <name>Hillhead Drive</name>
      </trkpt>
      <trkpt lat="57.3604850" lon="-2.0779900">
        <name>Hillhead Drive</name>
      </trkpt>
      <trkpt lat="57.3604175" lon="-2.0779260">
        <name>Hillhead Drive</name>
      </trkpt>
      <trkpt lat="57.3603500" lon="-2.0778620">
        <name>Hillhead Drive</name>
      </trkpt>
      <trkpt lat="57.3602995" lon="-2.0778230">
        <name>Hillhead Drive</name>
      </trkpt>
      <trkpt lat="57.3602490" lon="-2.0777840">
        <name>Hillhead Drive</name>
      </trkpt>
      <trkpt lat="57.3602020" lon="-2.0777630">
        <name>Hillhead Drive</name>
      </trkpt>
      <trkpt lat="57.3601270" lon="-2.0777640">
        <name>Hillhead Drive</name>
      </trkpt>
      <trkpt lat="57.3601020" lon="-2.0777590">
        <name>Hillhead Drive</name>
      </trkpt>
      <trkpt lat="57.3600325" lon="-2.0777440">
        <name>Hillhead Drive</name>
      </trkpt>
      <trkpt lat="57.3599630" lon="-2.0777290">
        <name>Hillhead Drive</name>
      </trkpt>
      <trkpt lat="57.3599100" lon="-2.0776890">
        <name>Hillhead Drive</name>
      </trkpt>
      <trkpt lat="57.3598560" lon="-2.0776330">
        <name>Hillhead Drive</name>
      </trkpt>
      <trkpt lat="57.3597898" lon="-2.0775648">
        <name>Hillhead Drive</name>
      </trkpt>
      <trkpt lat="57.3597236" lon="-2.0774966">
        <name>Hillhead Drive</name>
      </trkpt>
      <trkpt lat="57.3596574" lon="-2.0774284">
        <name>Hillhead Drive</name>
      </trkpt>
      <trkpt lat="57.3595912" lon="-2.0773602">
        <name>Hillhead Drive</name>
      </trkpt>
      <trkpt lat="57.3595250" lon="-2.0772920">
        <name>Hillhead Drive</name>
      </trkpt>
      <trkpt lat="57.3595650" lon="-2.0771548">
        <name>Hillhead Drive</name>
      </trkpt>
      <trkpt lat="57.3596050" lon="-2.0770175">
        <name>Hillhead Drive</name>
      </trkpt>
      <trkpt lat="57.3596450" lon="-2.0768802">
        <name>Hillhead Drive</name>
      </trkpt>
      <trkpt lat="57.3596850" lon="-2.0767430">
        <name>Hillhead Drive</name>
      </trkpt>
      <trkpt lat="57.3596940" lon="-2.0766710">
        <name>Hillhead Drive</name>
      </trkpt>
      <trkpt lat="57.3597685" lon="-2.0766945">
        <name>Hillhead Drive</name>
      </trkpt>
      <trkpt lat="57.3598430" lon="-2.0767180">
        <name>Hillhead Drive</name>
      </trkpt>
      <trkpt lat="57.3599208" lon="-2.0767358">
        <name>Hillhead Drive</name>
      </trkpt>
      <trkpt lat="57.3599985" lon="-2.0767535">
        <name>Hillhead Drive</name>
      </trkpt>
      <trkpt lat="57.3600762" lon="-2.0767713">
        <name>Hillhead Drive</name>
      </trkpt>
      <trkpt lat="57.3601540" lon="-2.0767890">
        <name>Hillhead Drive</name>
      </trkpt>
      <trkpt lat="57.3602125" lon="-2.0768080">
        <name>Hillhead Drive</name>
      </trkpt>
      <trkpt lat="57.3602710" lon="-2.0768270">
        <name>Hillhead Drive</name>
      </trkpt>
      <trkpt lat="57.3603205" lon="-2.0768430">
        <name>Hillhead Drive</name>
      </trkpt>
      <trkpt lat="57.3603700" lon="-2.0768590">
        <name>Hillhead Drive</name>
      </trkpt>
      <trkpt lat="57.3604480" lon="-2.0769160">
        <name>Hillhead Drive</name>
      </trkpt>
      <trkpt lat="57.3605175" lon="-2.0769815">
        <name>Hillhead Drive</name>
      </trkpt>
      <trkpt lat="57.3605870" lon="-2.0770470">
        <name>Hillhead Drive</name>
      </trkpt>
      <trkpt lat="57.3606565" lon="-2.0771125">
        <name>Hillhead Drive</name>
      </trkpt>
      <trkpt lat="57.3607260" lon="-2.0771780">
        <name>Hillhead Drive</name>
      </trkpt>
      <trkpt lat="57.3606858" lon="-2.0773133">
        <name>Hillhead Drive</name>
      </trkpt>
      <trkpt lat="57.3606457" lon="-2.0774487">
        <name>Hillhead Drive</name>
      </trkpt>
      <trkpt lat="57.3606055" lon="-2.0775840">
        <name>Hillhead Drive</name>
      </trkpt>
      <trkpt lat="57.3605653" lon="-2.0777193">
        <name>Hillhead Drive</name>
      </trkpt>
      <trkpt lat="57.3605252" lon="-2.0778547">
        <name>Hillhead Drive</name>
      </trkpt>
      <trkpt lat="57.3604850" lon="-2.0779900">
        <name>Hillhead Drive</name>
      </trkpt>
      <trkpt lat="57.3604517" lon="-2.0780950">
        <name>Hillhead Drive</name>
      </trkpt>
      <trkpt lat="57.3604183" lon="-2.0782000">
        <name>Hillhead Drive</name>
      </trkpt>
      <trkpt lat="57.3603850" lon="-2.0783050">
        <name>Hillhead Drive</name>
      </trkpt>
      <trkpt lat="57.3603467" lon="-2.0784267">
        <name>Hillhead Drive</name>
      </trkpt>
      <trkpt lat="57.3603083" lon="-2.0785483">
        <name>Hillhead Drive</name>
      </trkpt>
      <trkpt lat="57.3602700" lon="-2.0786700">
        <name>Hillhead Drive</name>
      </trkpt>
      <trkpt lat="57.3602390" lon="-2.0787690">
        <name>Hillhead Drive</name>
      </trkpt>
      <trkpt lat="57.3602020" lon="-2.0788893">
        <name>Hillhead Drive</name>
      </trkpt>
      <trkpt lat="57.3601650" lon="-2.0790097">
        <name>Hillhead Drive</name>
      </trkpt>
      <trkpt lat="57.3601280" lon="-2.0791300">
        <name>Hillhead Drive</name>
      </trkpt>
      <trkpt lat="57.3600890" lon="-2.0792572">
        <name>Hillhead Drive</name>
      </trkpt>
      <trkpt lat="57.3600500" lon="-2.0793845">
        <name>Hillhead Drive</name>
      </trkpt>
      <trkpt lat="57.3600110" lon="-2.0795117">
        <name>Hillhead Drive</name>
      </trkpt>
      <trkpt lat="57.3599720" lon="-2.0796390">
        <name>Hillhead Drive</name>
      </trkpt>
      <trkpt lat="57.3599300" lon="-2.0797720">
        <name>Hillhead Drive</name>
      </trkpt>
      <trkpt lat="57.3598920" lon="-2.0798450">
        <name>Hillhead Drive</name>
      </trkpt>
      <trkpt lat="57.3598520" lon="-2.0798850">
        <name>Hillhead Drive</name>
      </trkpt>
      <trkpt lat="57.3598080" lon="-2.0799120">
        <name>Hillhead Drive</name>
      </trkpt>
      <trkpt lat="57.3597620" lon="-2.0799290">
        <name>Hillhead Drive</name>
      </trkpt>
      <trkpt lat="57.3597350" lon="-2.0799270">
        <name>Hillhead Drive</name>
      </trkpt>
      <trkpt lat="57.3597130" lon="-2.0799260">
        <name>Hillhead Drive</name>
      </trkpt>
      <trkpt lat="57.3596530" lon="-2.0799020">
        <name>Hillhead Drive</name>
      </trkpt>
      <trkpt lat="57.3595930" lon="-2.0798780">
        <name>Hillhead Drive</name>
      </trkpt>
      <trkpt lat="57.3595130" lon="-2.0798525">
        <name>Hillhead Drive</name>
      </trkpt>
      <trkpt lat="57.3594330" lon="-2.0798270">
        <name>Hillhead Drive</name>
      </trkpt>
      <trkpt lat="57.3594220" lon="-2.0798270">
        <name>Hillhead Drive</name>
      </trkpt>
      <trkpt lat="57.3593710" lon="-2.0798280">
        <name>Hillhead Drive</name>
      </trkpt>
      <trkpt lat="57.3593200" lon="-2.0798290">
        <name>Hillhead Drive</name>
      </trkpt>
      <trkpt lat="57.3592522" lon="-2.0798387">
        <name>Hillhead Drive</name>
      </trkpt>
      <trkpt lat="57.3591845" lon="-2.0798485">
        <name>Hillhead Drive</name>
      </trkpt>
      <trkpt lat="57.3591167" lon="-2.0798583">
        <name>Hillhead Drive</name>
      </trkpt>
      <trkpt lat="57.3590490" lon="-2.0798680">
        <name>Hillhead Drive</name>
      </trkpt>
      <trkpt lat="57.3590410" lon="-2.0797640">
        <name>Hillhead Drive</name>
      </trkpt>
      <trkpt lat="57.3590330" lon="-2.0796600">
        <name>Hillhead Drive</name>
      </trkpt>
      <trkpt lat="57.3590180" lon="-2.0794985">
        <name>Hillhead Drive</name>
      </trkpt>
      <trkpt lat="57.3590030" lon="-2.0793370">
        <name>Hillhead Drive</name>
      </trkpt>
      <trkpt lat="57.3589905" lon="-2.0791940">
        <name>Hillhead Drive</name>
      </trkpt>
      <trkpt lat="57.3589780" lon="-2.0790510">
        <name>Hillhead Drive</name>
      </trkpt>
      <trkpt lat="57.3590035" lon="-2.0789390">
        <name>Hillhead Drive</name>
      </trkpt>
      <trkpt lat="57.3590290" lon="-2.0788270">
        <name>Hillhead Drive</name>
      </trkpt>
      <trkpt lat="57.3590741" lon="-2.0786875">
        <name>Hillhead Drive</name>
      </trkpt>
      <trkpt lat="57.3591192" lon="-2.0785479">
        <name>Hillhead Drive</name>
      </trkpt>
      <trkpt lat="57.3591643" lon="-2.0784084">
        <name>Hillhead Drive</name>
      </trkpt>
      <trkpt lat="57.3592094" lon="-2.0782688">
        <name>Hillhead Drive</name>
      </trkpt>
      <trkpt lat="57.3592545" lon="-2.0781293">
        <name>Hillhead Drive</name>
      </trkpt>
      <trkpt lat="57.3592995" lon="-2.0779897">
        <name>Hillhead Drive</name>
      </trkpt>
      <trkpt lat="57.3593446" lon="-2.0778502">
        <name>Hillhead Drive</name>
      </trkpt>
      <trkpt lat="57.3593897" lon="-2.0777106">
        <name>Hillhead Drive</name>
      </trkpt>
      <trkpt lat="57.3594348" lon="-2.0775711">
        <name>Hillhead Drive</name>
      </trkpt>
      <trkpt lat="57.3594799" lon="-2.0774315">
        <name>Hillhead Drive</name>
      </trkpt>
      <trkpt lat="57.3595250" lon="-2.0772920">
        <name>Hillhead Drive</name>
      </trkpt>
      <trkpt lat="57.3595650" lon="-2.0771548">
        <name>Hillhead Drive</name>
      </trkpt>
      <trkpt lat="57.3596050" lon="-2.0770175">
        <name>Hillhead Drive</name>
      </trkpt>
      <trkpt lat="57.3596450" lon="-2.0768802">
        <name>Hillhead Drive</name>
      </trkpt>
      <trkpt lat="57.3596850" lon="-2.0767430">
        <name>Hillhead Drive</name>
      </trkpt>
      <trkpt lat="57.3596940" lon="-2.0766710">
        <name>Hillhead Drive</name>
      </trkpt>
      <trkpt lat="57.3596127" lon="-2.0766373">
        <name>Hillhead Drive</name>
      </trkpt>
      <trkpt lat="57.3595313" lon="-2.0766037">
        <name>Hillhead Drive</name>
      </trkpt>
      <trkpt lat="57.3594500" lon="-2.0765700">
        <name>Hillhead Drive</name>
      </trkpt>
      <trkpt lat="57.3593810" lon="-2.0765345">
        <name>Hillhead Gardens</name>
      </trkpt>
      <trkpt lat="57.3593120" lon="-2.0764990">
        <name>Hillhead Gardens</name>
      </trkpt>
      <trkpt lat="57.3592390" lon="-2.0764230">
        <name>Hillhead Gardens</name>
      </trkpt>
      <trkpt lat="57.3592020" lon="-2.0765376">
        <name>Hillhead Gardens</name>
      </trkpt>
      <trkpt lat="57.3591650" lon="-2.0766522">
        <name>Hillhead Gardens</name>
      </trkpt>
      <trkpt lat="57.3591280" lon="-2.0767668">
        <name>Hillhead Gardens</name>
      </trkpt>
      <trkpt lat="57.3590910" lon="-2.0768814">
        <name>Hillhead Gardens</name>
      </trkpt>
      <trkpt lat="57.3590540" lon="-2.0769960">
        <name>Hillhead Gardens</name>
      </trkpt>
      <trkpt lat="57.3590127" lon="-2.0771239">
        <name>Hillhead Gardens</name>
      </trkpt>
      <trkpt lat="57.3589713" lon="-2.0772518">
        <name>Hillhead Gardens</name>
      </trkpt>
      <trkpt lat="57.3589300" lon="-2.0773797">
        <name>Hillhead Gardens</name>
      </trkpt>
      <trkpt lat="57.3588887" lon="-2.0775076">
        <name>Hillhead Gardens</name>
      </trkpt>
      <trkpt lat="57.3588473" lon="-2.0776354">
        <name>Hillhead Gardens</name>
      </trkpt>
      <trkpt lat="57.3588060" lon="-2.0777633">
        <name>Hillhead Gardens</name>
      </trkpt>
      <trkpt lat="57.3587647" lon="-2.0778912">
        <name>Hillhead Gardens</name>
      </trkpt>
      <trkpt lat="57.3587233" lon="-2.0780191">
        <name>Hillhead Gardens</name>
      </trkpt>
      <trkpt lat="57.3586820" lon="-2.0781470">
        <name>Hillhead Gardens</name>
      </trkpt>
      <trkpt lat="57.3586387" lon="-2.0782810">
        <name>Hillhead Gardens</name>
      </trkpt>
      <trkpt lat="57.3585953" lon="-2.0784150">
        <name>Hillhead Gardens</name>
      </trkpt>
      <trkpt lat="57.3585520" lon="-2.0785490">
        <name>Hillhead Gardens</name>
      </trkpt>
      <trkpt lat="57.3585240" lon="-2.0786505">
        <name>Hillhead Gardens</name>
      </trkpt>
      <trkpt lat="57.3584960" lon="-2.0787520">
        <name>Hillhead Gardens</name>
      </trkpt>
      <trkpt lat="57.3584735" lon="-2.0788670">
        <name>Hillhead Gardens</name>
      </trkpt>
      <trkpt lat="57.3584510" lon="-2.0789820">
        <name>Hillhead Gardens</name>
      </trkpt>
      <trkpt lat="57.3584400" lon="-2.0790825">
        <name>Hillhead Gardens</name>
      </trkpt>
      <trkpt lat="57.3584290" lon="-2.0791830">
        <name>Hillhead Gardens</name>
      </trkpt>
      <trkpt lat="57.3584220" lon="-2.0792970">
        <name>Hillhead Gardens</name>
      </trkpt>
      <trkpt lat="57.3584310" lon="-2.0794070">
        <name>Hillhead Gardens</name>
      </trkpt>
      <trkpt lat="57.3584500" lon="-2.0795060">
        <name>Hillhead Gardens</name>
      </trkpt>
      <trkpt lat="57.3584690" lon="-2.0796050">
        <name>Hillhead Gardens</name>
      </trkpt>
      <trkpt lat="57.3584900" lon="-2.0796730">
        <name>Hillhead Gardens</name>
      </trkpt>
      <trkpt lat="57.3585140" lon="-2.0797330">
        <name>Hillhead Gardens</name>
      </trkpt>
      <trkpt lat="57.3585450" lon="-2.0797940">
        <name>Hillhead Gardens</name>
      </trkpt>
      <trkpt lat="57.3585780" lon="-2.0798390">
        <name>Hillhead Gardens</name>
      </trkpt>
      <trkpt lat="57.3586160" lon="-2.0798760">
        <name>Hillhead Gardens</name>
      </trkpt>
      <trkpt lat="57.3586710" lon="-2.0799070">
        <name>Hillhead Gardens</name>
      </trkpt>
      <trkpt lat="57.3587380" lon="-2.0799110">
        <name>Hillhead Gardens</name>
      </trkpt>
      <trkpt lat="57.3588158" lon="-2.0799003">
        <name>Hillhead Gardens</name>
      </trkpt>
      <trkpt lat="57.3588935" lon="-2.0798895">
        <name>Hillhead Gardens</name>
      </trkpt>
      <trkpt lat="57.3589712" lon="-2.0798787">
        <name>Hillhead Gardens</name>
      </trkpt>
      <trkpt lat="57.3590490" lon="-2.0798680">
        <name>Hillhead Gardens</name>
      </trkpt>
      <trkpt lat="57.3591220" lon="-2.0798580">
        <name>Hillhead Gardens</name>
      </trkpt>
      <trkpt lat="57.3591880" lon="-2.0798483">
        <name>Hillhead Gardens</name>
      </trkpt>
      <trkpt lat="57.3592540" lon="-2.0798387">
        <name>Hillhead Gardens</name>
      </trkpt>
      <trkpt lat="57.3593200" lon="-2.0798290">
        <name>Hillhead Gardens</name>
      </trkpt>
      <trkpt lat="57.3593765" lon="-2.0798280">
        <name>Hillhead Gardens</name>
      </trkpt>
      <trkpt lat="57.3594330" lon="-2.0798270">
        <name>Hillhead Gardens</name>
      </trkpt>
      <trkpt lat="57.3595130" lon="-2.0798525">
        <name>Hillhead Gardens</name>
      </trkpt>
      <trkpt lat="57.3595930" lon="-2.0798780">
        <name>Hillhead Gardens</name>
      </trkpt>
      <trkpt lat="57.3596530" lon="-2.0799020">
        <name>Hillhead Gardens</name>
      </trkpt>
      <trkpt lat="57.3597130" lon="-2.0799260">
        <name>Hillhead Gardens</name>
      </trkpt>
      <trkpt lat="57.3597620" lon="-2.0799290">
        <name>Hillhead Gardens</name>
      </trkpt>
      <trkpt lat="57.3598080" lon="-2.0799120">
        <name>Hillhead Gardens</name>
      </trkpt>
      <trkpt lat="57.3598520" lon="-2.0798850">
        <name>Hillhead Gardens</name>
      </trkpt>
      <trkpt lat="57.3598750" lon="-2.0798620">
        <name>Hillhead Gardens</name>
      </trkpt>
      <trkpt lat="57.3598920" lon="-2.0798450">
        <name>Hillhead Gardens</name>
      </trkpt>
      <trkpt lat="57.3599300" lon="-2.0797720">
        <name>Hillhead Gardens</name>
      </trkpt>
      <trkpt lat="57.3599740" lon="-2.0796320">
        <name>Hillhead Gardens</name>
      </trkpt>
      <trkpt lat="57.3600163" lon="-2.0794946">
        <name>Hillhead Gardens</name>
      </trkpt>
      <trkpt lat="57.3600586" lon="-2.0793571">
        <name>Hillhead Gardens</name>
      </trkpt>
      <trkpt lat="57.3601009" lon="-2.0792197">
        <name>Hillhead Gardens</name>
      </trkpt>
      <trkpt lat="57.3601431" lon="-2.0790823">
        <name>Hillhead Gardens</name>
      </trkpt>
      <trkpt lat="57.3601854" lon="-2.0789449">
        <name>Hillhead Gardens</name>
      </trkpt>
      <trkpt lat="57.3602277" lon="-2.0788074">
        <name>Hillhead Gardens</name>
      </trkpt>
      <trkpt lat="57.3602700" lon="-2.0786700">
        <name>Hillhead Gardens</name>
      </trkpt>
      <trkpt lat="57.3602940" lon="-2.0785945">
        <name>Hillhead Gardens</name>
      </trkpt>
      <trkpt lat="57.3603180" lon="-2.0785190">
        <name>Hillhead Gardens</name>
      </trkpt>
      <trkpt lat="57.3603598" lon="-2.0783867">
        <name>Hillhead Gardens</name>
      </trkpt>
      <trkpt lat="57.3604015" lon="-2.0782545">
        <name>Hillhead Gardens</name>
      </trkpt>
      <trkpt lat="57.3604432" lon="-2.0781222">
        <name>Hillhead Gardens</name>
      </trkpt>
      <trkpt lat="57.3604850" lon="-2.0779900">
        <name>Hillhead Gardens</name>
      </trkpt>
      <trkpt lat="57.3605200" lon="-2.0778730">
        <name>Hillhead Gardens</name>
      </trkpt>
      <trkpt lat="57.3605550" lon="-2.0777560">
        <name>Hillhead Gardens</name>
      </trkpt>
      <trkpt lat="57.3605977" lon="-2.0776115">
        <name>Hillhead Gardens</name>
      </trkpt>
      <trkpt lat="57.3606405" lon="-2.0774670">
        <name>Hillhead Gardens</name>
      </trkpt>
      <trkpt lat="57.3606833" lon="-2.0773225">
        <name>Hillhead Gardens</name>
      </trkpt>
      <trkpt lat="57.3607260" lon="-2.0771780">
        <name>Hillhead Gardens</name>
      </trkpt>
      <trkpt lat="57.3607830" lon="-2.0772325">
        <name>Hillhead Gardens</name>
      </trkpt>
      <trkpt lat="57.3608400" lon="-2.0772870">
        <name>Hillhead Gardens</name>
      </trkpt>
      <trkpt lat="57.3609048" lon="-2.0773447">
        <name>Hillhead Gardens</name>
      </trkpt>
      <trkpt lat="57.3609695" lon="-2.0774025">
        <name>Hillhead Gardens</name>
      </trkpt>
      <trkpt lat="57.3610343" lon="-2.0774603">
        <name>Hillhead Gardens</name>
      </trkpt>
      <trkpt lat="57.3610990" lon="-2.0775180">
        <name>Hillhead Gardens</name>
      </trkpt>
      <trkpt lat="57.3611263" lon="-2.0773907">
        <name>Hillhead Gardens</name>
      </trkpt>
      <trkpt lat="57.3611537" lon="-2.0772633">
        <name>Hillhead Gardens</name>
      </trkpt>
      <trkpt lat="57.3611810" lon="-2.0771360">
        <name>Hillhead Gardens</name>
      </trkpt>
      <trkpt lat="57.3612043" lon="-2.0770013">
        <name>Hillhead Gardens</name>
      </trkpt>
      <trkpt lat="57.3612277" lon="-2.0768667">
        <name>Hillhead Gardens</name>
      </trkpt>
      <trkpt lat="57.3612510" lon="-2.0767320">
        <name>Hillhead Gardens</name>
      </trkpt>
      <trkpt lat="57.3612655" lon="-2.0765950">
        <name>Hillhead Gardens</name>
      </trkpt>
      <trkpt lat="57.3612800" lon="-2.0764580">
        <name>Hillhead Gardens</name>
      </trkpt>
      <trkpt lat="57.3612880" lon="-2.0763200">
        <name>Hillhead Gardens</name>
      </trkpt>
      <trkpt lat="57.3612960" lon="-2.0761820">
        <name>Hillhead Gardens</name>
      </trkpt>
      <trkpt lat="57.3612940" lon="-2.0760680">
        <name>Hillhead Gardens</name>
      </trkpt>
      <trkpt lat="57.3612920" lon="-2.0759540">
        <name>Hillhead Gardens</name>
      </trkpt>
      <trkpt lat="57.3612857" lon="-2.0758220">
        <name>Hillhead Gardens</name>
      </trkpt>
      <trkpt lat="57.3612793" lon="-2.0756900">
        <name>Hillhead Gardens</name>
      </trkpt>
      <trkpt lat="57.3612730" lon="-2.0755580">
        <name>Hillhead Gardens</name>
      </trkpt>
      <trkpt lat="57.3612713" lon="-2.0754087">
        <name>Hillhead Gardens</name>
      </trkpt>
      <trkpt lat="57.3612697" lon="-2.0752593">
        <name>Hillhead Gardens</name>
      </trkpt>
      <trkpt lat="57.3612680" lon="-2.0751100">
        <name>Hillhead Gardens</name>
      </trkpt>
      <trkpt lat="57.3612760" lon="-2.0749620">
        <name>Hillhead Gardens</name>
      </trkpt>
      <trkpt lat="57.3612840" lon="-2.0748140">
        <name>Hillhead Gardens</name>
      </trkpt>
      <trkpt lat="57.3612920" lon="-2.0746660">
        <name>Hillhead Gardens</name>
      </trkpt>
      <trkpt lat="57.3613110" lon="-2.0745435">
        <name>Hillhead Gardens</name>
      </trkpt>
      <trkpt lat="57.3613300" lon="-2.0744210">
        <name>Hillhead Gardens</name>
      </trkpt>
      <trkpt lat="57.3613490" lon="-2.0742985">
        <name>Hillhead Gardens</name>
      </trkpt>
      <trkpt lat="57.3613680" lon="-2.0741760">
        <name>Hillhead Gardens</name>
      </trkpt>
      <trkpt lat="57.3613993" lon="-2.0740620">
        <name>Hillhead Gardens</name>
      </trkpt>
      <trkpt lat="57.3614307" lon="-2.0739480">
        <name>Hillhead Gardens</name>
      </trkpt>
      <trkpt lat="57.3614620" lon="-2.0738340">
        <name>Hillhead Gardens</name>
      </trkpt>
      <trkpt lat="57.3613875" lon="-2.0737510">
        <name>Hillhead Gardens</name>
      </trkpt>
      <trkpt lat="57.3613130" lon="-2.0736680">
        <name>Hillhead Gardens</name>
      </trkpt>
      <trkpt lat="57.3612565" lon="-2.0736145">
        <name>Hillhead Gardens</name>
      </trkpt>
      <trkpt lat="57.3612000" lon="-2.0735610">
        <name>Hillhead Gardens</name>
      </trkpt>
      <trkpt lat="57.3611155" lon="-2.0735270">
        <name>Hillhead Gardens</name>
      </trkpt>
      <trkpt lat="57.3610310" lon="-2.0734930">
        <name>Hillhead Gardens</name>
      </trkpt>
      <trkpt lat="57.3610138" lon="-2.0736408">
        <name>Hillhead Gardens</name>
      </trkpt>
      <trkpt lat="57.3609967" lon="-2.0737887">
        <name>Hillhead Gardens</name>
      </trkpt>
      <trkpt lat="57.3609795" lon="-2.0739365">
        <name>Hillhead Gardens</name>
      </trkpt>
      <trkpt lat="57.3609623" lon="-2.0740843">
        <name>Hillhead Gardens</name>
      </trkpt>
      <trkpt lat="57.3609452" lon="-2.0742322">
        <name>Hillhead Gardens</name>
      </trkpt>
      <trkpt lat="57.3609280" lon="-2.0743800">
        <name>Hillhead Gardens</name>
      </trkpt>
      <trkpt lat="57.3609070" lon="-2.0745262">
        <name>Hillhead Gardens</name>
      </trkpt>
      <trkpt lat="57.3608860" lon="-2.0746723">
        <name>Hillhead Gardens</name>
      </trkpt>
      <trkpt lat="57.3608650" lon="-2.0748185">
        <name>Hillhead Gardens</name>
      </trkpt>
      <trkpt lat="57.3608440" lon="-2.0749647">
        <name>Hillhead Gardens</name>
      </trkpt>
      <trkpt lat="57.3608230" lon="-2.0751108">
        <name>Hillhead Gardens</name>
      </trkpt>
      <trkpt lat="57.3608020" lon="-2.0752570">
        <name>Hillhead Gardens</name>
      </trkpt>
      <trkpt lat="57.3607850" lon="-2.0752490">
        <name>Hillhead Gardens</name>
      </trkpt>
      <trkpt lat="57.3607155" lon="-2.0752225">
        <name>Hillhead Drive</name>
      </trkpt>
      <trkpt lat="57.3606460" lon="-2.0751960">
        <name>Hillhead Drive</name>
      </trkpt>
      <trkpt lat="57.3605765" lon="-2.0751695">
        <name>Hillhead Drive</name>
      </trkpt>
      <trkpt lat="57.3605070" lon="-2.0751430">
        <name>Hillhead Drive</name>
      </trkpt>
      <trkpt lat="57.3604940" lon="-2.0752360">
        <name>Hillhead Drive</name>
      </trkpt>
      <trkpt lat="57.3604810" lon="-2.0753290">
        <name>Hillhead Drive</name>
      </trkpt>
      <trkpt lat="57.3604533" lon="-2.0754627">
        <name>Hillhead Drive</name>
      </trkpt>
      <trkpt lat="57.3604257" lon="-2.0755963">
        <name>Hillhead Drive</name>
      </trkpt>
      <trkpt lat="57.3603980" lon="-2.0757300">
        <name>Hillhead Drive</name>
      </trkpt>
      <trkpt lat="57.3603765" lon="-2.0758575">
        <name>Hillhead Drive</name>
      </trkpt>
      <trkpt lat="57.3603550" lon="-2.0759850">
        <name>Hillhead Drive</name>
      </trkpt>
      <trkpt lat="57.3603390" lon="-2.0761200">
        <name>Hillhead Drive</name>
      </trkpt>
      <trkpt lat="57.3603230" lon="-2.0762550">
        <name>Hillhead Drive</name>
      </trkpt>
      <trkpt lat="57.3603115" lon="-2.0763860">
        <name>Hillhead Drive</name>
      </trkpt>
      <trkpt lat="57.3603000" lon="-2.0765170">
        <name>Hillhead Drive</name>
      </trkpt>
      <trkpt lat="57.3602885" lon="-2.0766480">
        <name>Hillhead Drive</name>
      </trkpt>
      <trkpt lat="57.3602770" lon="-2.0767790">
        <name>Hillhead Drive</name>
      </trkpt>
      <trkpt lat="57.3602710" lon="-2.0768270">
        <name>Hillhead Drive</name>
      </trkpt>
      <trkpt lat="57.3603205" lon="-2.0768430">
        <name>Hillhead Drive</name>
      </trkpt>
      <trkpt lat="57.3603700" lon="-2.0768590">
        <name>Hillhead Drive</name>
      </trkpt>
      <trkpt lat="57.3604480" lon="-2.0769160">
        <name>Hillhead Drive</name>
      </trkpt>
      <trkpt lat="57.3605175" lon="-2.0769815">
        <name>Hillhead Drive</name>
      </trkpt>
      <trkpt lat="57.3605870" lon="-2.0770470">
        <name>Hillhead Drive</name>
      </trkpt>
      <trkpt lat="57.3606565" lon="-2.0771125">
        <name>Hillhead Drive</name>
      </trkpt>
      <trkpt lat="57.3607260" lon="-2.0771780">
        <name>Hillhead Drive</name>
      </trkpt>
      <trkpt lat="57.3608000" lon="-2.0772488">
        <name>Hillhead Drive</name>
      </trkpt>
      <trkpt lat="57.3608740" lon="-2.0773196">
        <name>Hillhead Drive</name>
      </trkpt>
      <trkpt lat="57.3609480" lon="-2.0773904">
        <name>Hillhead Drive</name>
      </trkpt>
      <trkpt lat="57.3610220" lon="-2.0774612">
        <name>Hillhead Drive</name>
      </trkpt>
      <trkpt lat="57.3610960" lon="-2.0775320">
        <name>Hillhead Drive</name>
      </trkpt>
      <trkpt lat="57.3610618" lon="-2.0776826">
        <name>Hillhead Drive</name>
      </trkpt>
      <trkpt lat="57.3610275" lon="-2.0778333">
        <name>Hillhead Drive</name>
      </trkpt>
      <trkpt lat="57.3609932" lon="-2.0779839">
        <name>Hillhead Drive</name>
      </trkpt>
      <trkpt lat="57.3609590" lon="-2.0781345">
        <name>Hillhead Drive</name>
      </trkpt>
      <trkpt lat="57.3609248" lon="-2.0782851">
        <name>Hillhead Drive</name>
      </trkpt>
      <trkpt lat="57.3608905" lon="-2.0784357">
        <name>Hillhead Drive</name>
      </trkpt>
      <trkpt lat="57.3608562" lon="-2.0785864">
        <name>Hillhead Drive</name>
      </trkpt>
      <trkpt lat="57.3608220" lon="-2.0787370">
        <name>Hillhead Drive</name>
      </trkpt>
      <trkpt lat="57.3608000" lon="-2.0788390">
        <name>Hillhead Drive</name>
      </trkpt>
      <trkpt lat="57.3607705" lon="-2.0789730">
        <name>Hillhead Drive</name>
      </trkpt>
      <trkpt lat="57.3607410" lon="-2.0791070">
        <name>Hillhead Drive</name>
      </trkpt>
      <trkpt lat="57.3607115" lon="-2.0792410">
        <name>Hillhead Drive</name>
      </trkpt>
      <trkpt lat="57.3606820" lon="-2.0793750">
        <name>Hillhead Drive</name>
      </trkpt>
      <trkpt lat="57.3606508" lon="-2.0795138">
        <name>Hillhead Drive</name>
      </trkpt>
      <trkpt lat="57.3606197" lon="-2.0796527">
        <name>Hillhead Drive</name>
      </trkpt>
      <trkpt lat="57.3605885" lon="-2.0797915">
        <name>Hillhead Drive</name>
      </trkpt>
      <trkpt lat="57.3605573" lon="-2.0799303">
        <name>Hillhead Drive</name>
      </trkpt>
      <trkpt lat="57.3605262" lon="-2.0800692">
        <name>Hillhead Drive</name>
      </trkpt>
      <trkpt lat="57.3604950" lon="-2.0802080">
        <name>Hillhead Drive</name>
      </trkpt>
      <trkpt lat="57.3604636" lon="-2.0803484">
        <name>Hillhead Drive</name>
      </trkpt>
      <trkpt lat="57.3604322" lon="-2.0804888">
        <name>Hillhead Drive</name>
      </trkpt>
      <trkpt lat="57.3604008" lon="-2.0806292">
        <name>Hillhead Drive</name>
      </trkpt>
      <trkpt lat="57.3603694" lon="-2.0807696">
        <name>Hillhead Drive</name>
      </trkpt>
      <trkpt lat="57.3603380" lon="-2.0809100">
        <name>Hillhead Drive</name>
      </trkpt>
      <trkpt lat="57.3603135" lon="-2.0810200">
        <name>Hillhead Drive</name>
      </trkpt>
      <trkpt lat="57.3602890" lon="-2.0811300">
        <name>Hillhead Drive</name>
      </trkpt>
      <trkpt lat="57.3602562" lon="-2.0812758">
        <name>Hillhead Drive</name>
      </trkpt>
      <trkpt lat="57.3602234" lon="-2.0814216">
        <name>Hillhead Drive</name>
      </trkpt>
      <trkpt lat="57.3601906" lon="-2.0815674">
        <name>Hillhead Drive</name>
      </trkpt>
      <trkpt lat="57.3601578" lon="-2.0817132">
        <name>Hillhead Drive</name>
      </trkpt>
      <trkpt lat="57.3601250" lon="-2.0818590">
        <name>Hillhead Drive</name>
      </trkpt>
      <trkpt lat="57.3600950" lon="-2.0820040">
        <name>Hillhead Drive</name>
      </trkpt>
      <trkpt lat="57.3600650" lon="-2.0821490">
        <name>Hillhead Drive</name>
      </trkpt>
      <trkpt lat="57.3600360" lon="-2.0822885">
        <name>Hillhead Drive</name>
      </trkpt>
      <trkpt lat="57.3600070" lon="-2.0824280">
        <name>Hillhead Drive</name>
      </trkpt>
      <trkpt lat="57.3599780" lon="-2.0825675">
        <name>Hillhead Drive</name>
      </trkpt>
      <trkpt lat="57.3599490" lon="-2.0827070">
        <name>Hillhead Drive</name>
      </trkpt>
      <trkpt lat="57.3599200" lon="-2.0828465">
        <name>Hillhead Drive</name>
      </trkpt>
      <trkpt lat="57.3598910" lon="-2.0829860">
        <name>Hillhead Drive</name>
      </trkpt>
      <trkpt lat="57.3598620" lon="-2.0831255">
        <name>Hillhead Drive</name>
      </trkpt>
      <trkpt lat="57.3598330" lon="-2.0832650">
        <name>Hillhead Drive</name>
      </trkpt>
      <trkpt lat="57.3598080" lon="-2.0833840">
        <name>Hillhead Drive</name>
      </trkpt>
      <trkpt lat="57.3597807" lon="-2.0835412">
        <name>Chievres Place</name>
      </trkpt>
      <trkpt lat="57.3597533" lon="-2.0836984">
        <name>Chievres Place</name>
      </trkpt>
      <trkpt lat="57.3597260" lon="-2.0838557">
        <name>Chievres Place</name>
      </trkpt>
      <trkpt lat="57.3596987" lon="-2.0840129">
        <name>Chievres Place</name>
      </trkpt>
      <trkpt lat="57.3596713" lon="-2.0841701">
        <name>Chievres Place</name>
      </trkpt>
      <trkpt lat="57.3596440" lon="-2.0843273">
        <name>Chievres Place</name>
      </trkpt>
      <trkpt lat="57.3596167" lon="-2.0844846">
        <name>Chievres Place</name>
      </trkpt>
      <trkpt lat="57.3595893" lon="-2.0846418">
        <name>Chievres Place</name>
      </trkpt>
      <trkpt lat="57.3595620" lon="-2.0847990">
        <name>Chievres Place</name>
      </trkpt>
      <trkpt lat="57.3595412" lon="-2.0849190">
        <name>Chievres Place</name>
      </trkpt>
      <trkpt lat="57.3595205" lon="-2.0850390">
        <name>Chievres Place</name>
      </trkpt>
      <trkpt lat="57.3594997" lon="-2.0851590">
        <name>Chievres Place</name>
      </trkpt>
      <trkpt lat="57.3594790" lon="-2.0852790">
        <name>Chievres Place</name>
      </trkpt>
      <trkpt lat="57.3594618" lon="-2.0854098">
        <name>Chievres Place</name>
      </trkpt>
      <trkpt lat="57.3594445" lon="-2.0855405">
        <name>Chievres Place</name>
      </trkpt>
      <trkpt lat="57.3594272" lon="-2.0856712">
        <name>Chievres Place</name>
      </trkpt>
      <trkpt lat="57.3594100" lon="-2.0858020">
        <name>Chievres Place</name>
      </trkpt>
      <trkpt lat="57.3593980" lon="-2.0859130">
        <name>Chievres Place</name>
      </trkpt>
      <trkpt lat="57.3593860" lon="-2.0860240">
        <name>Chievres Place</name>
      </trkpt>
      <trkpt lat="57.3593790" lon="-2.0860930">
        <name>Chievres Place</name>
      </trkpt>
      <trkpt lat="57.3593020" lon="-2.0860605">
        <name>Chievres Place</name>
      </trkpt>
      <trkpt lat="57.3592250" lon="-2.0860280">
        <name>Chievres Place</name>
      </trkpt>
      <trkpt lat="57.3591547" lon="-2.0860050">
        <name>Chievres Place</name>
      </trkpt>
      <trkpt lat="57.3590843" lon="-2.0859820">
        <name>Chievres Place</name>
      </trkpt>
      <trkpt lat="57.3590140" lon="-2.0859590">
        <name>Chievres Place</name>
      </trkpt>
      <trkpt lat="57.3589953" lon="-2.0861140">
        <name>Chievres Place</name>
      </trkpt>
      <trkpt lat="57.3589767" lon="-2.0862690">
        <name>Chievres Place</name>
      </trkpt>
      <trkpt lat="57.3589580" lon="-2.0864240">
        <name>Chievres Place</name>
      </trkpt>
      <trkpt lat="57.3589465" lon="-2.0865325">
        <name>Chievres Place</name>
      </trkpt>
      <trkpt lat="57.3589350" lon="-2.0866410">
        <name>Chievres Place</name>
      </trkpt>
      <trkpt lat="57.3589210" lon="-2.0867840">
        <name>Chievres Place</name>
      </trkpt>
      <trkpt lat="57.3589070" lon="-2.0869270">
        <name>Chievres Place</name>
      </trkpt>
      <trkpt lat="57.3588930" lon="-2.0870700">
        <name>Chievres Place</name>
      </trkpt>
      <trkpt lat="57.3588810" lon="-2.0871850">
        <name>Chievres Place</name>
      </trkpt>
      <trkpt lat="57.3588410" lon="-2.0872950">
        <name>Chievres Place</name>
      </trkpt>
      <trkpt lat="57.3587870" lon="-2.0873760">
        <name>Chievres Place</name>
      </trkpt>
      <trkpt lat="57.3587350" lon="-2.0873910">
        <name>Chievres Place</name>
      </trkpt>
      <trkpt lat="57.3586910" lon="-2.0873880">
        <name>Chievres Place</name>
      </trkpt>
      <trkpt lat="57.3586320" lon="-2.0873637">
        <name>Chievres Place</name>
      </trkpt>
      <trkpt lat="57.3585730" lon="-2.0873393">
        <name>Chievres Place</name>
      </trkpt>
      <trkpt lat="57.3585140" lon="-2.0873150">
        <name>Chievres Place</name>
      </trkpt>
      <trkpt lat="57.3584480" lon="-2.0872877">
        <name>Chievres Place</name>
      </trkpt>
      <trkpt lat="57.3583820" lon="-2.0872603">
        <name>Chievres Place</name>
      </trkpt>
      <trkpt lat="57.3583160" lon="-2.0872330">
        <name>Chievres Place</name>
      </trkpt>
      <trkpt lat="57.3582530" lon="-2.0871950">
        <name>Chievres Place</name>
      </trkpt>
      <trkpt lat="57.3582015" lon="-2.0871285">
        <name>Chievres Place</name>
      </trkpt>
      <trkpt lat="57.3581500" lon="-2.0870620">
        <name>Chievres Place</name>
      </trkpt>
      <trkpt lat="57.3581170" lon="-2.0869820">
        <name>Chievres Place</name>
      </trkpt>
      <trkpt lat="57.3580890" lon="-2.0868970">
        <name>Chievres Place</name>
      </trkpt>
      <trkpt lat="57.3580715" lon="-2.0867850">
        <name>Chievres Place</name>
      </trkpt>
      <trkpt lat="57.3580540" lon="-2.0866730">
        <name>Chievres Place</name>
      </trkpt>
      <trkpt lat="57.3580370" lon="-2.0865193">
        <name>Chievres Place</name>
      </trkpt>
      <trkpt lat="57.3580200" lon="-2.0863657">
        <name>Chievres Place</name>
      </trkpt>
      <trkpt lat="57.3580030" lon="-2.0862120">
        <name>Chievres Place</name>
      </trkpt>
      <trkpt lat="57.3579875" lon="-2.0860575">
        <name>Chievres Place</name>
      </trkpt>
      <trkpt lat="57.3579720" lon="-2.0859030">
        <name>Chievres Place</name>
      </trkpt>
      <trkpt lat="57.3579587" lon="-2.0857783">
        <name>Chievres Place</name>
      </trkpt>
      <trkpt lat="57.3579453" lon="-2.0856537">
        <name>Chievres Place</name>
      </trkpt>
      <trkpt lat="57.3579320" lon="-2.0855290">
        <name>Chievres Place</name>
      </trkpt>
      <trkpt lat="57.3579190" lon="-2.0854040">
        <name>Chievres Place</name>
      </trkpt>
      <trkpt lat="57.3579180" lon="-2.0852790">
        <name>Chievres Place</name>
      </trkpt>
      <trkpt lat="57.3579300" lon="-2.0851510">
        <name>Chievres Place</name>
      </trkpt>
      <trkpt lat="57.3579485" lon="-2.0850630">
        <name>Chapelhill Road</name>
      </trkpt>
      <trkpt lat="57.3579670" lon="-2.0849750">
        <name>Chapelhill Road</name>
      </trkpt>
      <trkpt lat="57.3579940" lon="-2.0849045">
        <name>Chapelhill Road</name>
      </trkpt>
      <trkpt lat="57.3580210" lon="-2.0848340">
        <name>Chapelhill Road</name>
      </trkpt>
      <trkpt lat="57.3580903" lon="-2.0847520">
        <name>Chapelhill Road</name>
      </trkpt>
      <trkpt lat="57.3581597" lon="-2.0846700">
        <name>Chapelhill Road</name>
      </trkpt>
      <trkpt lat="57.3582290" lon="-2.0845880">
        <name>Chapelhill Road</name>
      </trkpt>
      <trkpt lat="57.3583053" lon="-2.0845035">
        <name>Chapelhill Road</name>
      </trkpt>
      <trkpt lat="57.3583815" lon="-2.0844190">
        <name>Chapelhill Road</name>
      </trkpt>
      <trkpt lat="57.3584577" lon="-2.0843345">
        <name>Chapelhill Road</name>
      </trkpt>
      <trkpt lat="57.3585340" lon="-2.0842500">
        <name>Chapelhill Road</name>
      </trkpt>
      <trkpt lat="57.3585925" lon="-2.0841823">
        <name>Chapelhill Terrace</name>
      </trkpt>
      <trkpt lat="57.3586510" lon="-2.0841145">
        <name>Chapelhill Terrace</name>
      </trkpt>
      <trkpt lat="57.3587095" lon="-2.0840467">
        <name>Chapelhill Terrace</name>
      </trkpt>
      <trkpt lat="57.3587680" lon="-2.0839790">
        <name>Chapelhill Terrace</name>
      </trkpt>
      <trkpt lat="57.3588113" lon="-2.0841094">
        <name>Chapelhill Terrace</name>
      </trkpt>
      <trkpt lat="57.3588546" lon="-2.0842399">
        <name>Chapelhill Terrace</name>
      </trkpt>
      <trkpt lat="57.3588979" lon="-2.0843703">
        <name>Chapelhill Terrace</name>
      </trkpt>
      <trkpt lat="57.3589411" lon="-2.0845007">
        <name>Chapelhill Terrace</name>
      </trkpt>
      <trkpt lat="57.3589844" lon="-2.0846311">
        <name>Chapelhill Terrace</name>
      </trkpt>
      <trkpt lat="57.3590277" lon="-2.0847616">
        <name>Chapelhill Terrace</name>
      </trkpt>
      <trkpt lat="57.3590710" lon="-2.0848920">
        <name>Chapelhill Terrace</name>
      </trkpt>
      <trkpt lat="57.3590900" lon="-2.0850050">
        <name>Chapelhill Terrace</name>
      </trkpt>
      <trkpt lat="57.3590930" lon="-2.0851090">
        <name>Chapelhill Terrace</name>
      </trkpt>
      <trkpt lat="57.3590890" lon="-2.0852240">
        <name>Chapelhill Terrace</name>
      </trkpt>
      <trkpt lat="57.3590790" lon="-2.0853195">
        <name>Chapelhill Terrace</name>
      </trkpt>
      <trkpt lat="57.3590690" lon="-2.0854150">
        <name>Chapelhill Terrace</name>
      </trkpt>
      <trkpt lat="57.3590550" lon="-2.0855530">
        <name>Chapelhill Terrace</name>
      </trkpt>
      <trkpt lat="57.3590410" lon="-2.0856910">
        <name>Chapelhill Terrace</name>
      </trkpt>
      <trkpt lat="57.3590270" lon="-2.0858290">
        <name>Chapelhill Terrace</name>
      </trkpt>
      <trkpt lat="57.3590200" lon="-2.0859040">
        <name>Hillhead Drive</name>
      </trkpt>
      <trkpt lat="57.3590140" lon="-2.0859590">
        <name>Hillhead Drive</name>
      </trkpt>
      <trkpt lat="57.3589947" lon="-2.0861193">
        <name>Hillhead Drive</name>
      </trkpt>
      <trkpt lat="57.3589753" lon="-2.0862797">
        <name>Hillhead Drive</name>
      </trkpt>
      <trkpt lat="57.3589560" lon="-2.0864400">
        <name>Hillhead Drive</name>
      </trkpt>
      <trkpt lat="57.3589455" lon="-2.0865405">
        <name>Hillhead Drive</name>
      </trkpt>
      <trkpt lat="57.3589350" lon="-2.0866410">
        <name>Hillhead Drive</name>
      </trkpt>
      <trkpt lat="57.3589210" lon="-2.0867840">
        <name>Hillhead Drive</name>
      </trkpt>
      <trkpt lat="57.3589070" lon="-2.0869270">
        <name>Hillhead Drive</name>
      </trkpt>
      <trkpt lat="57.3588930" lon="-2.0870700">
        <name>Hillhead Drive</name>
      </trkpt>
      <trkpt lat="57.3588810" lon="-2.0871850">
        <name>Hillhead Drive</name>
      </trkpt>
      <trkpt lat="57.3588410" lon="-2.0872950">
        <name>Hillhead Drive</name>
      </trkpt>
      <trkpt lat="57.3588100" lon="-2.0873420">
        <name>Chapelhill Road</name>
      </trkpt>
      <trkpt lat="57.3587870" lon="-2.0873760">
        <name>Chapelhill Road</name>
      </trkpt>
      <trkpt lat="57.3588010" lon="-2.0874680">
        <name>Chapelhill Road</name>
      </trkpt>
      <trkpt lat="57.3588140" lon="-2.0876240">
        <name>Chapelhill Road</name>
      </trkpt>
      <trkpt lat="57.3588270" lon="-2.0877800">
        <name>Chapelhill Road</name>
      </trkpt>
      <trkpt lat="57.3588230" lon="-2.0878300">
        <name>Chapelhill Road</name>
      </trkpt>
      <trkpt lat="57.3588210" lon="-2.0878580">
        <name>Chapelhill Road</name>
      </trkpt>
      <trkpt lat="57.3588280" lon="-2.0879620">
        <name>Chapelhill Road</name>
      </trkpt>
      <trkpt lat="57.3588770" lon="-2.0880450">
        <name>Chapelhill Road</name>
      </trkpt>
      <trkpt lat="57.3589260" lon="-2.0881280">
        <name>Chapelhill Road</name>
      </trkpt>
      <trkpt lat="57.3588770" lon="-2.0880450">
        <name>Chapelhill Road</name>
      </trkpt>
      <trkpt lat="57.3588280" lon="-2.0879620">
        <name>Chapelhill Road</name>
      </trkpt>
      <trkpt lat="57.3588210" lon="-2.0878580">
        <name>Chapelhill Road</name>
      </trkpt>
      <trkpt lat="57.3588270" lon="-2.0877800">
        <name>Chapelhill Road</name>
      </trkpt>
      <trkpt lat="57.3588140" lon="-2.0876240">
        <name>Chapelhill Road</name>
      </trkpt>
      <trkpt lat="57.3588010" lon="-2.0874680">
        <name>Chapelhill Road</name>
      </trkpt>
      <trkpt lat="57.3587870" lon="-2.0873760">
        <name>Chapelhill Road</name>
      </trkpt>
      <trkpt lat="57.3587350" lon="-2.0873910">
        <name>Chapelhill Road</name>
      </trkpt>
      <trkpt lat="57.3586910" lon="-2.0873880">
        <name>Chapelhill Road</name>
      </trkpt>
      <trkpt lat="57.3586175" lon="-2.0873575">
        <name>Chapelhill Road</name>
      </trkpt>
      <trkpt lat="57.3585440" lon="-2.0873270">
        <name>Chapelhill Road</name>
      </trkpt>
      <trkpt lat="57.3585140" lon="-2.0873150">
        <name>Chapelhill Road</name>
      </trkpt>
      <trkpt lat="57.3584465" lon="-2.0872870">
        <name>Chapelhill Road</name>
      </trkpt>
      <trkpt lat="57.3583790" lon="-2.0872590">
        <name>Chapelhill Road</name>
      </trkpt>
      <trkpt lat="57.3583160" lon="-2.0872330">
        <name>Chapelhill Road</name>
      </trkpt>
      <trkpt lat="57.3582955" lon="-2.0873460">
        <name>Chapelhill Terrace</name>
      </trkpt>
      <trkpt lat="57.3582750" lon="-2.0874590">
        <name>Chapelhill Terrace</name>
      </trkpt>
      <trkpt lat="57.3582545" lon="-2.0875410">
        <name>Chapelhill Terrace</name>
      </trkpt>
      <trkpt lat="57.3582340" lon="-2.0876230">
        <name>Chapelhill Terrace</name>
      </trkpt>
      <trkpt lat="57.3581940" lon="-2.0877380">
        <name>Chapelhill Terrace</name>
      </trkpt>
      <trkpt lat="57.3581570" lon="-2.0878120">
        <name>Chapelhill Terrace</name>
      </trkpt>
      <trkpt lat="57.3581110" lon="-2.0879520">
        <name>Chapelhill Terrace</name>
      </trkpt>
      <trkpt lat="57.3581270" lon="-2.0879040">
        <name>Chapelhill Terrace</name>
      </trkpt>
      <trkpt lat="57.3581570" lon="-2.0878120">
        <name>Chapelhill Terrace</name>
      </trkpt>
      <trkpt lat="57.3581940" lon="-2.0877380">
        <name>Chapelhill Terrace</name>
      </trkpt>
      <trkpt lat="57.3582340" lon="-2.0876230">
        <name>Chapelhill Terrace</name>
      </trkpt>
      <trkpt lat="57.3582545" lon="-2.0875410">
        <name>Chapelhill Terrace</name>
      </trkpt>
      <trkpt lat="57.3582750" lon="-2.0874590">
        <name>Chapelhill Terrace</name>
      </trkpt>
      <trkpt lat="57.3582955" lon="-2.0873460">
        <name>Chapelhill Terrace</name>
      </trkpt>
      <trkpt lat="57.3583160" lon="-2.0872330">
        <name>Chapelhill Terrace</name>
      </trkpt>
      <trkpt lat="57.3582530" lon="-2.0871950">
        <name>Chapelhill Terrace</name>
      </trkpt>
      <trkpt lat="57.3581950" lon="-2.0871200">
        <name>Chapelhill Terrace</name>
      </trkpt>
      <trkpt lat="57.3581500" lon="-2.0870620">
        <name>Chapelhill Terrace</name>
      </trkpt>
      <trkpt lat="57.3581170" lon="-2.0869820">
        <name>Chapelhill Terrace</name>
      </trkpt>
      <trkpt lat="57.3580890" lon="-2.0868970">
        <name>Hillhead Drive</name>
      </trkpt>
      <trkpt lat="57.3580715" lon="-2.0867850">
        <name>Hillhead Drive</name>
      </trkpt>
      <trkpt lat="57.3580540" lon="-2.0866730">
        <name>Hillhead Drive</name>
      </trkpt>
      <trkpt lat="57.3579720" lon="-2.0867040">
        <name>Hillhead Drive</name>
      </trkpt>
      <trkpt lat="57.3579145" lon="-2.0867265">
        <name>Hillhead Drive</name>
      </trkpt>
      <trkpt lat="57.3578570" lon="-2.0867490">
        <name>Hillhead Drive</name>
      </trkpt>
      <trkpt lat="57.3578040" lon="-2.0867690">
        <name>Hillhead Drive</name>
      </trkpt>
      <trkpt lat="57.3577510" lon="-2.0867890">
        <name>Hillhead Drive</name>
      </trkpt>
      <trkpt lat="57.3577150" lon="-2.0868120">
        <name>Hillhead Drive</name>
      </trkpt>
      <trkpt lat="57.3576800" lon="-2.0868440">
        <name>Hillhead Drive</name>
      </trkpt>
      <trkpt lat="57.3576450" lon="-2.0869090">
        <name>Hillhead Drive</name>
      </trkpt>
      <trkpt lat="57.3576050" lon="-2.0870320">
        <name>Hillhead Drive</name>
      </trkpt>
      <trkpt lat="57.3575650" lon="-2.0871550">
        <name>Hillhead Drive</name>
      </trkpt>
      <trkpt lat="57.3575270" lon="-2.0872870">
        <name>Hillhead Drive</name>
      </trkpt>
      <trkpt lat="57.3575160" lon="-2.0873270">
        <name>Chapelhill Terrace</name>
      </trkpt>
      <trkpt lat="57.3575405" lon="-2.0872410">
        <name>Chapelhill Terrace</name>
      </trkpt>
      <trkpt lat="57.3575650" lon="-2.0871550">
        <name>Chapelhill Terrace</name>
      </trkpt>
      <trkpt lat="57.3576050" lon="-2.0870320">
        <name>Chapelhill Terrace</name>
      </trkpt>
      <trkpt lat="57.3576450" lon="-2.0869090">
        <name>Chapelhill Terrace</name>
      </trkpt>
      <trkpt lat="57.3576800" lon="-2.0868440">
        <name>Chapelhill Terrace</name>
      </trkpt>
      <trkpt lat="57.3577150" lon="-2.0868120">
        <name>Chapelhill Terrace</name>
      </trkpt>
      <trkpt lat="57.3577510" lon="-2.0867890">
        <name>Chapelhill Terrace</name>
      </trkpt>
      <trkpt lat="57.3578040" lon="-2.0867690">
        <name>Chapelhill Terrace</name>
      </trkpt>
      <trkpt lat="57.3578570" lon="-2.0867490">
        <name>Chapelhill Terrace</name>
      </trkpt>
      <trkpt lat="57.3579227" lon="-2.0867237">
        <name>Chapelhill Terrace</name>
      </trkpt>
      <trkpt lat="57.3579883" lon="-2.0866983">
        <name>Chapelhill Terrace</name>
      </trkpt>
      <trkpt lat="57.3580540" lon="-2.0866730">
        <name>Chapelhill Terrace</name>
      </trkpt>
      <trkpt lat="57.3580470" lon="-2.0866140">
        <name>Chapelhill Terrace</name>
      </trkpt>
      <trkpt lat="57.3580323" lon="-2.0864800">
        <name>Chapelhill Terrace</name>
      </trkpt>
      <trkpt lat="57.3580177" lon="-2.0863460">
        <name>Chapelhill Terrace</name>
      </trkpt>
      <trkpt lat="57.3580030" lon="-2.0862120">
        <name>Chapelhill Terrace</name>
      </trkpt>
      <trkpt lat="57.3579875" lon="-2.0860575">
        <name>Chapelhill Terrace</name>
      </trkpt>
      <trkpt lat="57.3579720" lon="-2.0859030">
        <name>Chapelhill Terrace</name>
      </trkpt>
      <trkpt lat="57.3579587" lon="-2.0857783">
        <name>Chapelhill Terrace</name>
      </trkpt>
      <trkpt lat="57.3579453" lon="-2.0856537">
        <name>Chapelhill Terrace</name>
      </trkpt>
      <trkpt lat="57.3579320" lon="-2.0855290">
        <name>Chapelhill Terrace</name>
      </trkpt>
      <trkpt lat="57.3579190" lon="-2.0854040">
        <name>Chapelhill Terrace</name>
      </trkpt>
      <trkpt lat="57.3579180" lon="-2.0852790">
        <name>Chapelhill Terrace</name>
      </trkpt>
      <trkpt lat="57.3579300" lon="-2.0851510">
        <name>Chapelhill Terrace</name>
      </trkpt>
      <trkpt lat="57.3579485" lon="-2.0850630">
        <name>Chapelhill Road</name>
      </trkpt>
      <trkpt lat="57.3579670" lon="-2.0849750">
        <name>Chapelhill Road</name>
      </trkpt>
      <trkpt lat="57.3579940" lon="-2.0849045">
        <name>Chapelhill Road</name>
      </trkpt>
      <trkpt lat="57.3580210" lon="-2.0848340">
        <name>Chapelhill Road</name>
      </trkpt>
      <trkpt lat="57.3579820" lon="-2.0847300">
        <name>Chapelhill Road</name>
      </trkpt>
      <trkpt lat="57.3579435" lon="-2.0846845">
        <name>Chapelhill Road</name>
      </trkpt>
      <trkpt lat="57.3579050" lon="-2.0846390">
        <name>Chapelhill Road</name>
      </trkpt>
      <trkpt lat="57.3578340" lon="-2.0845670">
        <name>Chapelhill Road</name>
      </trkpt>
      <trkpt lat="57.3577890" lon="-2.0845465">
        <name>Chapelhill Road</name>
      </trkpt>
      <trkpt lat="57.3577440" lon="-2.0845260">
        <name>Chapelhill Road</name>
      </trkpt>
      <trkpt lat="57.3577890" lon="-2.0845465">
        <name>Chapelhill Road</name>
      </trkpt>
      <trkpt lat="57.3578340" lon="-2.0845670">
        <name>Chapelhill Road</name>
      </trkpt>
      <trkpt lat="57.3579050" lon="-2.0846390">
        <name>Chapelhill Road</name>
      </trkpt>
      <trkpt lat="57.3579435" lon="-2.0846845">
        <name>Patey Road</name>
      </trkpt>
      <trkpt lat="57.3579820" lon="-2.0847300">
        <name>Patey Road</name>
      </trkpt>
      <trkpt lat="57.3580210" lon="-2.0848340">
        <name>Patey Road</name>
      </trkpt>
      <trkpt lat="57.3579940" lon="-2.0849045">
        <name>Patey Road</name>
      </trkpt>
      <trkpt lat="57.3579670" lon="-2.0849750">
        <name>Patey Road</name>
      </trkpt>
      <trkpt lat="57.3579485" lon="-2.0850630">
        <name>Patey Road</name>
      </trkpt>
      <trkpt lat="57.3579300" lon="-2.0851510">
        <name>Patey Road</name>
      </trkpt>
      <trkpt lat="57.3579180" lon="-2.0852790">
        <name>Patey Road</name>
      </trkpt>
      <trkpt lat="57.3579190" lon="-2.0854040">
        <name>Patey Road</name>
      </trkpt>
      <trkpt lat="57.3579320" lon="-2.0855290">
        <name>Chievres Road</name>
      </trkpt>
      <trkpt lat="57.3579453" lon="-2.0856537">
        <name>Chievres Road</name>
      </trkpt>
      <trkpt lat="57.3579587" lon="-2.0857783">
        <name>Chievres Road</name>
      </trkpt>
      <trkpt lat="57.3579720" lon="-2.0859030">
        <name>Chievres Road</name>
      </trkpt>
      <trkpt lat="57.3579875" lon="-2.0860575">
        <name>Chievres Road</name>
      </trkpt>
      <trkpt lat="57.3580030" lon="-2.0862120">
        <name>Chievres Road</name>
      </trkpt>
      <trkpt lat="57.3580802" lon="-2.0861833">
        <name>Chievres Road</name>
      </trkpt>
      <trkpt lat="57.3581573" lon="-2.0861547">
        <name>Chievres Road</name>
      </trkpt>
      <trkpt lat="57.3582345" lon="-2.0861260">
        <name>Chievres Road</name>
      </trkpt>
      <trkpt lat="57.3583117" lon="-2.0860973">
        <name>Chievres Road</name>
      </trkpt>
      <trkpt lat="57.3583888" lon="-2.0860687">
        <name>Chievres Road</name>
      </trkpt>
      <trkpt lat="57.3584660" lon="-2.0860400">
        <name>Chievres Road</name>
      </trkpt>
      <trkpt lat="57.3584840" lon="-2.0860200">
        <name>Chievres Road</name>
      </trkpt>
      <trkpt lat="57.3584880" lon="-2.0859980">
        <name>Chievres Road</name>
      </trkpt>
      <trkpt lat="57.3584880" lon="-2.0859730">
        <name>Chievres Road</name>
      </trkpt>
      <trkpt lat="57.3584735" lon="-2.0858215">
        <name>Chievres Road</name>
      </trkpt>
      <trkpt lat="57.3584590" lon="-2.0856700">
        <name>Chievres Road</name>
      </trkpt>
      <trkpt lat="57.3584350" lon="-2.0855600">
        <name>Chievres Road</name>
      </trkpt>
      <trkpt lat="57.3584430" lon="-2.0855190">
        <name>Chievres Road</name>
      </trkpt>
      <trkpt lat="57.3584790" lon="-2.0854400">
        <name>Chievres Road</name>
      </trkpt>
      <trkpt lat="57.3584430" lon="-2.0855190">
        <name>Chievres Road</name>
      </trkpt>
      <trkpt lat="57.3584350" lon="-2.0855600">
        <name>Chievres Road</name>
      </trkpt>
      <trkpt lat="57.3584590" lon="-2.0856700">
        <name>Chievres Road</name>
      </trkpt>
      <trkpt lat="57.3584735" lon="-2.0858215">
        <name>Fortree Road</name>
      </trkpt>
      <trkpt lat="57.3584880" lon="-2.0859730">
        <name>Fortree Road</name>
      </trkpt>
      <trkpt lat="57.3584880" lon="-2.0859980">
        <name>Fortree Road</name>
      </trkpt>
      <trkpt lat="57.3584840" lon="-2.0860200">
        <name>Fortree Road</name>
      </trkpt>
      <trkpt lat="57.3584660" lon="-2.0860400">
        <name>Fortree Road</name>
      </trkpt>
      <trkpt lat="57.3583888" lon="-2.0860687">
        <name>Fortree Road</name>
      </trkpt>
      <trkpt lat="57.3583117" lon="-2.0860973">
        <name>Fortree Road</name>
      </trkpt>
      <trkpt lat="57.3582345" lon="-2.0861260">
        <name>Fortree Road</name>
      </trkpt>
      <trkpt lat="57.3581573" lon="-2.0861547">
        <name>Fortree Road</name>
      </trkpt>
      <trkpt lat="57.3580802" lon="-2.0861833">
        <name>Fortree Road</name>
      </trkpt>
      <trkpt lat="57.3580030" lon="-2.0862120">
        <name>Fortree Road</name>
      </trkpt>
      <trkpt lat="57.3579900" lon="-2.0860860">
        <name>Fortree Road</name>
      </trkpt>
      <trkpt lat="57.3579810" lon="-2.0859945">
        <name>Fortree Road</name>
      </trkpt>
      <trkpt lat="57.3579720" lon="-2.0859030">
        <name>Fortree Road</name>
      </trkpt>
      <trkpt lat="57.3579587" lon="-2.0857783">
        <name>Fortree Road</name>
      </trkpt>
      <trkpt lat="57.3579453" lon="-2.0856537">
        <name>Fortree Road</name>
      </trkpt>
      <trkpt lat="57.3579320" lon="-2.0855290">
        <name>Fortree Road</name>
      </trkpt>
      <trkpt lat="57.3578650" lon="-2.0855540">
        <name>Fortree Road</name>
      </trkpt>
      <trkpt lat="57.3577856" lon="-2.0855840">
        <name>Fortree Road</name>
      </trkpt>
      <trkpt lat="57.3577062" lon="-2.0856140">
        <name>Fortree Road</name>
      </trkpt>
      <trkpt lat="57.3576268" lon="-2.0856440">
        <name>Fortree Road</name>
      </trkpt>
      <trkpt lat="57.3575474" lon="-2.0856740">
        <name>Fortree Road</name>
      </trkpt>
      <trkpt lat="57.3574680" lon="-2.0857040">
        <name>Fortree Road</name>
      </trkpt>
      <trkpt lat="57.3574490" lon="-2.0855687">
        <name>Fortree Road</name>
      </trkpt>
      <trkpt lat="57.3574300" lon="-2.0854333">
        <name>Fortree Road</name>
      </trkpt>
      <trkpt lat="57.3574110" lon="-2.0852980">
        <name>Fortree Road</name>
      </trkpt>
      <trkpt lat="57.3574280" lon="-2.0854183">
        <name>Fortree Road</name>
      </trkpt>
      <trkpt lat="57.3574450" lon="-2.0855387">
        <name>Fortree Road</name>
      </trkpt>
      <trkpt lat="57.3574620" lon="-2.0856590">
        <name>Fortree Road</name>
      </trkpt>
      <trkpt lat="57.3574680" lon="-2.0857040">
        <name>Fortree Road</name>
      </trkpt>
      <trkpt lat="57.3573970" lon="-2.0857310">
        <name>Fortree Road</name>
      </trkpt>
      <trkpt lat="57.3573310" lon="-2.0857930">
        <name>Fortree Road</name>
      </trkpt>
      <trkpt lat="57.3572850" lon="-2.0858760">
        <name>Fortree Road</name>
      </trkpt>
      <trkpt lat="57.3572500" lon="-2.0859843">
        <name>Fortree Road</name>
      </trkpt>
      <trkpt lat="57.3572150" lon="-2.0860927">
        <name>Fortree Road</name>
      </trkpt>
      <trkpt lat="57.3571800" lon="-2.0862010">
        <name>Fortree Road</name>
      </trkpt>
      <trkpt lat="57.3571355" lon="-2.0863385">
        <name>Fortree Road</name>
      </trkpt>
      <trkpt lat="57.3570910" lon="-2.0864760">
        <name>Fortree Road</name>
      </trkpt>
      <trkpt lat="57.3570465" lon="-2.0866135">
        <name>Fortree Road</name>
      </trkpt>
      <trkpt lat="57.3570020" lon="-2.0867510">
        <name>Fortree Road</name>
      </trkpt>
      <trkpt lat="57.3569830" lon="-2.0867300">
        <name>Chievres Road</name>
      </trkpt>
      <trkpt lat="57.3569180" lon="-2.0866590">
        <name>Chievres Road</name>
      </trkpt>
      <trkpt lat="57.3569600" lon="-2.0867050">
        <name>Chievres Road</name>
      </trkpt>
      <trkpt lat="57.3570020" lon="-2.0867510">
        <name>Chievres Road</name>
      </trkpt>
      <trkpt lat="57.3570424" lon="-2.0866260">
        <name>Chievres Road</name>
      </trkpt>
      <trkpt lat="57.3570829" lon="-2.0865010">
        <name>Chievres Road</name>
      </trkpt>
      <trkpt lat="57.3571233" lon="-2.0863760">
        <name>Chievres Road</name>
      </trkpt>
      <trkpt lat="57.3571637" lon="-2.0862510">
        <name>Chievres Road</name>
      </trkpt>
      <trkpt lat="57.3572041" lon="-2.0861260">
        <name>Chievres Road</name>
      </trkpt>
      <trkpt lat="57.3572446" lon="-2.0860010">
        <name>Chievres Road</name>
      </trkpt>
      <trkpt lat="57.3572850" lon="-2.0858760">
        <name>Chievres Road</name>
      </trkpt>
      <trkpt lat="57.3573090" lon="-2.0858340">
        <name>Chievres Road</name>
      </trkpt>
      <trkpt lat="57.3573310" lon="-2.0857930">
        <name>Chievres Road</name>
      </trkpt>
      <trkpt lat="57.3573970" lon="-2.0857310">
        <name>Chievres Road</name>
      </trkpt>
      <trkpt lat="57.3574680" lon="-2.0857040">
        <name>Chievres Road</name>
      </trkpt>
      <trkpt lat="57.3575310" lon="-2.0856803">
        <name>Chievres Road</name>
      </trkpt>
      <trkpt lat="57.3575940" lon="-2.0856567">
        <name>Chievres Road</name>
      </trkpt>
      <trkpt lat="57.3576570" lon="-2.0856330">
        <name>Chievres Road</name>
      </trkpt>
      <trkpt lat="57.3577258" lon="-2.0856070">
        <name>Chievres Road</name>
      </trkpt>
      <trkpt lat="57.3577945" lon="-2.0855810">
        <name>Chievres Road</name>
      </trkpt>
      <trkpt lat="57.3578633" lon="-2.0855550">
        <name>Chievres Road</name>
      </trkpt>
      <trkpt lat="57.3579320" lon="-2.0855290">
        <name>Chievres Road</name>
      </trkpt>
      <trkpt lat="57.3579190" lon="-2.0854040">
        <name>Chievres Road</name>
      </trkpt>
      <trkpt lat="57.3579180" lon="-2.0852790">
        <name>Chievres Road</name>
      </trkpt>
      <trkpt lat="57.3579270" lon="-2.0851850">
        <name>Chievres Place</name>
      </trkpt>
      <trkpt lat="57.3579300" lon="-2.0851510">
        <name>Chievres Place</name>
      </trkpt>
      <trkpt lat="57.3579485" lon="-2.0850630">
        <name>Chievres Place</name>
      </trkpt>
      <trkpt lat="57.3579670" lon="-2.0849750">
        <name>Chievres Place</name>
      </trkpt>
      <trkpt lat="57.3579940" lon="-2.0849045">
        <name>Chapelhill Road</name>
      </trkpt>
      <trkpt lat="57.3580210" lon="-2.0848340">
        <name>Chapelhill Road</name>
      </trkpt>
      <trkpt lat="57.3579820" lon="-2.0847300">
        <name>Chapelhill Road</name>
      </trkpt>
      <trkpt lat="57.3579220" lon="-2.0846590">
        <name>Chapelhill Road</name>
      </trkpt>
      <trkpt lat="57.3579050" lon="-2.0846390">
        <name>Chapelhill Road</name>
      </trkpt>
      <trkpt lat="57.3578340" lon="-2.0845670">
        <name>Chapelhill Road</name>
      </trkpt>
      <trkpt lat="57.3577890" lon="-2.0845465">
        <name>Chapelhill Road</name>
      </trkpt>
      <trkpt lat="57.3577440" lon="-2.0845260">
        <name>Chapelhill Road</name>
      </trkpt>
      <trkpt lat="57.3577890" lon="-2.0845465">
        <name>Chapelhill Road</name>
      </trkpt>
      <trkpt lat="57.3578340" lon="-2.0845670">
        <name>Chapelhill Road</name>
      </trkpt>
      <trkpt lat="57.3579050" lon="-2.0846390">
        <name>Patey Road</name>
      </trkpt>
      <trkpt lat="57.3579435" lon="-2.0846845">
        <name>Patey Road</name>
      </trkpt>
      <trkpt lat="57.3579820" lon="-2.0847300">
        <name>Patey Road</name>
      </trkpt>
      <trkpt lat="57.3580210" lon="-2.0848340">
        <name>Chievres Road</name>
      </trkpt>
      <trkpt lat="57.3580763" lon="-2.0847687">
        <name>Chievres Road</name>
      </trkpt>
      <trkpt lat="57.3581317" lon="-2.0847033">
        <name>Chievres Road</name>
      </trkpt>
      <trkpt lat="57.3581870" lon="-2.0846380">
        <name>Chievres Road</name>
      </trkpt>
      <trkpt lat="57.3582290" lon="-2.0845880">
        <name>Chievres Road</name>
      </trkpt>
      <trkpt lat="57.3582897" lon="-2.0845210">
        <name>Chievres Road</name>
      </trkpt>
      <trkpt lat="57.3583503" lon="-2.0844540">
        <name>Chievres Road</name>
      </trkpt>
      <trkpt lat="57.3584110" lon="-2.0843870">
        <name>Chievres Road</name>
      </trkpt>
      <trkpt lat="57.3584725" lon="-2.0843185">
        <name>Chievres Road</name>
      </trkpt>
      <trkpt lat="57.3585340" lon="-2.0842500">
        <name>Chievres Road</name>
      </trkpt>
      <trkpt lat="57.3584930" lon="-2.0841360">
        <name>Chievres Road</name>
      </trkpt>
      <trkpt lat="57.3584820" lon="-2.0841020">
        <name>Chievres Road</name>
      </trkpt>
      <trkpt lat="57.3584473" lon="-2.0840000">
        <name>Chievres Road</name>
      </trkpt>
      <trkpt lat="57.3584127" lon="-2.0838980">
        <name>Chievres Road</name>
      </trkpt>
      <trkpt lat="57.3583780" lon="-2.0837960">
        <name>Chievres Road</name>
      </trkpt>
      <trkpt lat="57.3583400" lon="-2.0836840">
        <name>Chievres Road</name>
      </trkpt>
      <trkpt lat="57.3583020" lon="-2.0835720">
        <name>Chievres Road</name>
      </trkpt>
      <trkpt lat="57.3582640" lon="-2.0834600">
        <name>Chievres Road</name>
      </trkpt>
      <trkpt lat="57.3582340" lon="-2.0833570">
        <name>Chievres Road</name>
      </trkpt>
      <trkpt lat="57.3582105" lon="-2.0832750">
        <name>Chievres Road</name>
      </trkpt>
      <trkpt lat="57.3581870" lon="-2.0831930">
        <name>Chievres Road</name>
      </trkpt>
      <trkpt lat="57.3581785" lon="-2.0830905">
        <name>Chievres Road</name>
      </trkpt>
      <trkpt lat="57.3581700" lon="-2.0829880">
        <name>Chievres Road</name>
      </trkpt>
      <trkpt lat="57.3581720" lon="-2.0828520">
        <name>Chievres Road</name>
      </trkpt>
      <trkpt lat="57.3581730" lon="-2.0828050">
        <name>Chievres Place</name>
      </trkpt>
      <trkpt lat="57.3581960" lon="-2.0826640">
        <name>Chievres Place</name>
      </trkpt>
      <trkpt lat="57.3582190" lon="-2.0825230">
        <name>Chievres Place</name>
      </trkpt>
      <trkpt lat="57.3582420" lon="-2.0823820">
        <name>Chievres Place</name>
      </trkpt>
      <trkpt lat="57.3582560" lon="-2.0823005">
        <name>Chievres Place</name>
      </trkpt>
      <trkpt lat="57.3582700" lon="-2.0822190">
        <name>Chievres Place</name>
      </trkpt>
      <trkpt lat="57.3582890" lon="-2.0821120">
        <name>Chapelhill Road</name>
      </trkpt>
      <trkpt lat="57.3583067" lon="-2.0819790">
        <name>Chapelhill Road</name>
      </trkpt>
      <trkpt lat="57.3583245" lon="-2.0818460">
        <name>Chapelhill Road</name>
      </trkpt>
      <trkpt lat="57.3583422" lon="-2.0817130">
        <name>Chapelhill Road</name>
      </trkpt>
      <trkpt lat="57.3583600" lon="-2.0815800">
        <name>Chapelhill Road</name>
      </trkpt>
      <trkpt lat="57.3583700" lon="-2.0815030">
        <name>Chapelhill Road</name>
      </trkpt>
      <trkpt lat="57.3583890" lon="-2.0813737">
        <name>Chapelhill Road</name>
      </trkpt>
      <trkpt lat="57.3584080" lon="-2.0812443">
        <name>Chapelhill Road</name>
      </trkpt>
      <trkpt lat="57.3584270" lon="-2.0811150">
        <name>Chapelhill Road</name>
      </trkpt>
      <trkpt lat="57.3584750" lon="-2.0810930">
        <name>Chapelhill Road</name>
      </trkpt>
      <trkpt lat="57.3585230" lon="-2.0810710">
        <name>Chapelhill Road</name>
      </trkpt>
      <trkpt lat="57.3585800" lon="-2.0810720">
        <name>Chapelhill Road</name>
      </trkpt>
      <trkpt lat="57.3586110" lon="-2.0810650">
        <name>Chapelhill Road</name>
      </trkpt>
      <trkpt lat="57.3586490" lon="-2.0810730">
        <name>Patey Road</name>
      </trkpt>
      <trkpt lat="57.3586840" lon="-2.0810940">
        <name>Patey Road</name>
      </trkpt>
      <trkpt lat="57.3586490" lon="-2.0810730">
        <name>Patey Road</name>
      </trkpt>
      <trkpt lat="57.3586110" lon="-2.0810650">
        <name>Patey Road</name>
      </trkpt>
      <trkpt lat="57.3585800" lon="-2.0810720">
        <name>Patey Road</name>
      </trkpt>
      <trkpt lat="57.3585230" lon="-2.0810710">
        <name>Patey Road</name>
      </trkpt>
      <trkpt lat="57.3585010" lon="-2.0810810">
        <name>Patey Road</name>
      </trkpt>
      <trkpt lat="57.3584270" lon="-2.0811150">
        <name>Patey Road</name>
      </trkpt>
      <trkpt lat="57.3584080" lon="-2.0812443">
        <name>Patey Road</name>
      </trkpt>
      <trkpt lat="57.3583890" lon="-2.0813737">
        <name>Patey Road</name>
      </trkpt>
      <trkpt lat="57.3583700" lon="-2.0815030">
        <name>Patey Road</name>
      </trkpt>
      <trkpt lat="57.3583498" lon="-2.0816552">
        <name>Patey Road</name>
      </trkpt>
      <trkpt lat="57.3583295" lon="-2.0818075">
        <name>Patey Road</name>
      </trkpt>
      <trkpt lat="57.3583092" lon="-2.0819598">
        <name>Patey Road</name>
      </trkpt>
      <trkpt lat="57.3582890" lon="-2.0821120">
        <name>Patey Road</name>
      </trkpt>
      <trkpt lat="57.3582655" lon="-2.0822470">
        <name>Patey Road</name>
      </trkpt>
      <trkpt lat="57.3582420" lon="-2.0823820">
        <name>Patey Road</name>
      </trkpt>
      <trkpt lat="57.3582265" lon="-2.0824775">
        <name>Patey Road</name>
      </trkpt>
      <trkpt lat="57.3582110" lon="-2.0825730">
        <name>Patey Road</name>
      </trkpt>
      <trkpt lat="57.3581920" lon="-2.0826890">
        <name>Patey Road</name>
      </trkpt>
      <trkpt lat="57.3581730" lon="-2.0828050">
        <name>Patey Road</name>
      </trkpt>
      <trkpt lat="57.3581715" lon="-2.0828965">
        <name>Patey Road</name>
      </trkpt>
      <trkpt lat="57.3581700" lon="-2.0829880">
        <name>Patey Road</name>
      </trkpt>
      <trkpt lat="57.3581785" lon="-2.0830905">
        <name>Patey Road</name>
      </trkpt>
      <trkpt lat="57.3581870" lon="-2.0831930">
        <name>Patey Road</name>
      </trkpt>
      <trkpt lat="57.3582255" lon="-2.0833265">
        <name>Patey Road</name>
      </trkpt>
      <trkpt lat="57.3582640" lon="-2.0834600">
        <name>Patey Road</name>
      </trkpt>
      <trkpt lat="57.3582880" lon="-2.0835300">
        <name>Patey Road</name>
      </trkpt>
      <trkpt lat="57.3583290" lon="-2.0836512">
        <name>Patey Road</name>
      </trkpt>
      <trkpt lat="57.3583700" lon="-2.0837724">
        <name>Patey Road</name>
      </trkpt>
      <trkpt lat="57.3584110" lon="-2.0838936">
        <name>Patey Road</name>
      </trkpt>
      <trkpt lat="57.3584520" lon="-2.0840148">
        <name>Patey Road</name>
      </trkpt>
      <trkpt lat="57.3584930" lon="-2.0841360">
        <name>Patey Road</name>
      </trkpt>
      <trkpt lat="57.3585340" lon="-2.0842500">
        <name>Patey Road</name>
      </trkpt>
      <trkpt lat="57.3585980" lon="-2.0841760">
        <name>Patey Road</name>
      </trkpt>
      <trkpt lat="57.3586620" lon="-2.0841020">
        <name>Patey Road</name>
      </trkpt>
      <trkpt lat="57.3587150" lon="-2.0840405">
        <name>Patey Road</name>
      </trkpt>
      <trkpt lat="57.3587680" lon="-2.0839790">
        <name>Patey Road</name>
      </trkpt>
      <trkpt lat="57.3588080" lon="-2.0839305">
        <name>Patey Road</name>
      </trkpt>
      <trkpt lat="57.3588480" lon="-2.0838820">
        <name>Patey Road</name>
      </trkpt>
      <trkpt lat="57.3589000" lon="-2.0838187">
        <name>Patey Road</name>
      </trkpt>
      <trkpt lat="57.3589520" lon="-2.0837553">
        <name>Patey Road</name>
      </trkpt>
      <trkpt lat="57.3590040" lon="-2.0836920">
        <name>Patey Road</name>
      </trkpt>
      <trkpt lat="57.3589560" lon="-2.0835590">
        <name>Patey Road</name>
      </trkpt>
      <trkpt lat="57.3589220" lon="-2.0834575">
        <name>Patey Road</name>
      </trkpt>
      <trkpt lat="57.3588880" lon="-2.0833560">
        <name>Patey Road</name>
      </trkpt>
      <trkpt lat="57.3588550" lon="-2.0832590">
        <name>Patey Road</name>
      </trkpt>
      <trkpt lat="57.3588265" lon="-2.0831340">
        <name>Patey Road</name>
      </trkpt>
      <trkpt lat="57.3587980" lon="-2.0830090">
        <name>Patey Road</name>
      </trkpt>
      <trkpt lat="57.3587880" lon="-2.0828620">
        <name>Patey Road</name>
      </trkpt>
      <trkpt lat="57.3587930" lon="-2.0827190">
        <name>Patey Road</name>
      </trkpt>
      <trkpt lat="57.3588080" lon="-2.0826310">
        <name>Patey Road</name>
      </trkpt>
      <trkpt lat="57.3588380" lon="-2.0825130">
        <name>Patey Road</name>
      </trkpt>
      <trkpt lat="57.3588635" lon="-2.0824230">
        <name>Patey Road</name>
      </trkpt>
      <trkpt lat="57.3588890" lon="-2.0823330">
        <name>Patey Road</name>
      </trkpt>
      <trkpt lat="57.3589280" lon="-2.0821970">
        <name>Patey Road</name>
      </trkpt>
      <trkpt lat="57.3589620" lon="-2.0820763">
        <name>Patey Road</name>
      </trkpt>
      <trkpt lat="57.3589960" lon="-2.0819555">
        <name>Patey Road</name>
      </trkpt>
      <trkpt lat="57.3590300" lon="-2.0818347">
        <name>Patey Road</name>
      </trkpt>
      <trkpt lat="57.3590640" lon="-2.0817140">
        <name>Patey Road</name>
      </trkpt>
      <trkpt lat="57.3590550" lon="-2.0816630">
        <name>Patey Road</name>
      </trkpt>
      <trkpt lat="57.3590410" lon="-2.0815780">
        <name>Patey Road</name>
      </trkpt>
      <trkpt lat="57.3590640" lon="-2.0817140">
        <name>Patey Road</name>
      </trkpt>
      <trkpt lat="57.3590290" lon="-2.0818378">
        <name>Chievres Place</name>
      </trkpt>
      <trkpt lat="57.3589940" lon="-2.0819616">
        <name>Chievres Place</name>
      </trkpt>
      <trkpt lat="57.3589590" lon="-2.0820854">
        <name>Chievres Place</name>
      </trkpt>
      <trkpt lat="57.3589240" lon="-2.0822092">
        <name>Chievres Place</name>
      </trkpt>
      <trkpt lat="57.3588890" lon="-2.0823330">
        <name>Chievres Place</name>
      </trkpt>
      <trkpt lat="57.3588625" lon="-2.0824260">
        <name>Chievres Place</name>
      </trkpt>
      <trkpt lat="57.3588360" lon="-2.0825190">
        <name>Chievres Place</name>
      </trkpt>
      <trkpt lat="57.3588080" lon="-2.0826310">
        <name>Chievres Place</name>
      </trkpt>
      <trkpt lat="57.3587930" lon="-2.0827190">
        <name>Chievres Place</name>
      </trkpt>
      <trkpt lat="57.3587880" lon="-2.0828690">
        <name>Chievres Place</name>
      </trkpt>
      <trkpt lat="57.3587980" lon="-2.0830090">
        <name>Chievres Place</name>
      </trkpt>
      <trkpt lat="57.3588265" lon="-2.0831340">
        <name>Chievres Place</name>
      </trkpt>
      <trkpt lat="57.3588550" lon="-2.0832590">
        <name>Chievres Place</name>
      </trkpt>
      <trkpt lat="57.3588887" lon="-2.0833590">
        <name>Chievres Place</name>
      </trkpt>
      <trkpt lat="57.3589223" lon="-2.0834590">
        <name>Chievres Place</name>
      </trkpt>
      <trkpt lat="57.3589560" lon="-2.0835590">
        <name>Chievres Place</name>
      </trkpt>
      <trkpt lat="57.3589610" lon="-2.0835730">
        <name>Chapelhill Road</name>
      </trkpt>
      <trkpt lat="57.3590040" lon="-2.0836920">
        <name>Chapelhill Road</name>
      </trkpt>
      <trkpt lat="57.3590757" lon="-2.0836110">
        <name>Chapelhill Road</name>
      </trkpt>
      <trkpt lat="57.3591473" lon="-2.0835300">
        <name>Chapelhill Road</name>
      </trkpt>
      <trkpt lat="57.3592190" lon="-2.0834490">
        <name>Chapelhill Road</name>
      </trkpt>
      <trkpt lat="57.3592820" lon="-2.0833780">
        <name>Chapelhill Road</name>
      </trkpt>
      <trkpt lat="57.3592960" lon="-2.0833620">
        <name>Hillhead Drive</name>
      </trkpt>
      <trkpt lat="57.3593360" lon="-2.0833095">
        <name>Hillhead Drive</name>
      </trkpt>
      <trkpt lat="57.3593760" lon="-2.0832570">
        <name>Hillhead Drive</name>
      </trkpt>
      <trkpt lat="57.3594145" lon="-2.0831875">
        <name>Hillhead Drive</name>
      </trkpt>
      <trkpt lat="57.3594530" lon="-2.0831180">
        <name>Hillhead Drive</name>
      </trkpt>
      <trkpt lat="57.3594780" lon="-2.0830440">
        <name>Hillhead Drive</name>
      </trkpt>
      <trkpt lat="57.3594860" lon="-2.0830210">
        <name>Hillhead Drive</name>
      </trkpt>
      <trkpt lat="57.3595030" lon="-2.0829210">
        <name>Hillhead Drive</name>
      </trkpt>
      <trkpt lat="57.3595200" lon="-2.0828210">
        <name>Hillhead Drive</name>
      </trkpt>
      <trkpt lat="57.3595395" lon="-2.0826700">
        <name>Hillhead Drive</name>
      </trkpt>
      <trkpt lat="57.3595590" lon="-2.0825190">
        <name>Hillhead Drive</name>
      </trkpt>
      <trkpt lat="57.3595785" lon="-2.0823680">
        <name>Hillhead Drive</name>
      </trkpt>
      <trkpt lat="57.3595980" lon="-2.0822170">
        <name>Hillhead Drive</name>
      </trkpt>
      <trkpt lat="57.3595785" lon="-2.0823680">
        <name>Hillhead Drive</name>
      </trkpt>
      <trkpt lat="57.3595590" lon="-2.0825190">
        <name>Hillhead Drive</name>
      </trkpt>
      <trkpt lat="57.3595395" lon="-2.0826700">
        <name>Hillhead Drive</name>
      </trkpt>
      <trkpt lat="57.3595200" lon="-2.0828210">
        <name>Hillhead Drive</name>
      </trkpt>
      <trkpt lat="57.3595030" lon="-2.0829210">
        <name>Hillhead Drive</name>
      </trkpt>
      <trkpt lat="57.3594860" lon="-2.0830210">
        <name>Hillhead Drive</name>
      </trkpt>
      <trkpt lat="57.3594530" lon="-2.0831180">
        <name>Hillhead Drive</name>
      </trkpt>
      <trkpt lat="57.3594145" lon="-2.0831875">
        <name>Hillhead Drive</name>
      </trkpt>
      <trkpt lat="57.3593760" lon="-2.0832570">
        <name>Hillhead Drive</name>
      </trkpt>
      <trkpt lat="57.3593360" lon="-2.0833095">
        <name>Hillhead Drive</name>
      </trkpt>
      <trkpt lat="57.3592960" lon="-2.0833620">
        <name>Hillhead Drive</name>
      </trkpt>
      <trkpt lat="57.3592575" lon="-2.0834055">
        <name>Hillhead Drive</name>
      </trkpt>
      <trkpt lat="57.3592190" lon="-2.0834490">
        <name>Hillhead Drive</name>
      </trkpt>
      <trkpt lat="57.3591690" lon="-2.0835055">
        <name>Hillhead Drive</name>
      </trkpt>
      <trkpt lat="57.3591190" lon="-2.0835620">
        <name>Hillhead Drive</name>
      </trkpt>
      <trkpt lat="57.3590615" lon="-2.0836270">
        <name>Hillhead Drive</name>
      </trkpt>
      <trkpt lat="57.3590040" lon="-2.0836920">
        <name>Hillhead Drive</name>
      </trkpt>
      <trkpt lat="57.3589450" lon="-2.0837638">
        <name>Hillhead Drive</name>
      </trkpt>
      <trkpt lat="57.3588860" lon="-2.0838355">
        <name>Hillhead Drive</name>
      </trkpt>
      <trkpt lat="57.3588270" lon="-2.0839072">
        <name>Hillhead Drive</name>
      </trkpt>
      <trkpt lat="57.3587680" lon="-2.0839790">
        <name>Hillhead Drive</name>
      </trkpt>
      <trkpt lat="57.3587095" lon="-2.0840467">
        <name>Hillhead Drive</name>
      </trkpt>
      <trkpt lat="57.3586510" lon="-2.0841145">
        <name>Hillhead Drive</name>
      </trkpt>
      <trkpt lat="57.3585925" lon="-2.0841823">
        <name>Hillhead Drive</name>
      </trkpt>
      <trkpt lat="57.3585340" lon="-2.0842500">
        <name>Hillhead Drive</name>
      </trkpt>
      <trkpt lat="57.3584577" lon="-2.0843345">
        <name>Hillhead Drive</name>
      </trkpt>
      <trkpt lat="57.3583815" lon="-2.0844190">
        <name>Hillhead Drive</name>
      </trkpt>
      <trkpt lat="57.3583053" lon="-2.0845035">
        <name>Hillhead Drive</name>
      </trkpt>
      <trkpt lat="57.3582290" lon="-2.0845880">
        <name>Hillhead Drive</name>
      </trkpt>
      <trkpt lat="57.3581597" lon="-2.0846700">
        <name>Hillhead Drive</name>
      </trkpt>
      <trkpt lat="57.3580903" lon="-2.0847520">
        <name>Hillhead Drive</name>
      </trkpt>
      <trkpt lat="57.3580210" lon="-2.0848340">
        <name>Hillhead Drive</name>
      </trkpt>
      <trkpt lat="57.3579820" lon="-2.0847300">
        <name>Patey Road</name>
      </trkpt>
      <trkpt lat="57.3579435" lon="-2.0846845">
        <name>Patey Road</name>
      </trkpt>
      <trkpt lat="57.3579050" lon="-2.0846390">
        <name>Patey Road</name>
      </trkpt>
      <trkpt lat="57.3578340" lon="-2.0845670">
        <name>Patey Road</name>
      </trkpt>
      <trkpt lat="57.3577890" lon="-2.0845465">
        <name>Patey Road</name>
      </trkpt>
      <trkpt lat="57.3577440" lon="-2.0845260">
        <name>Patey Road</name>
      </trkpt>
      <trkpt lat="57.3577890" lon="-2.0845465">
        <name>Patey Road</name>
      </trkpt>
      <trkpt lat="57.3578340" lon="-2.0845670">
        <name>Patey Road</name>
      </trkpt>
      <trkpt lat="57.3579050" lon="-2.0846390">
        <name>Patey Road</name>
      </trkpt>
      <trkpt lat="57.3579435" lon="-2.0846845">
        <name>Patey Road</name>
      </trkpt>
      <trkpt lat="57.3579820" lon="-2.0847300">
        <name>Patey Road</name>
      </trkpt>
      <trkpt lat="57.3580210" lon="-2.0848340">
        <name>Patey Road</name>
      </trkpt>
      <trkpt lat="57.3580903" lon="-2.0847520">
        <name>Patey Road</name>
      </trkpt>
      <trkpt lat="57.3581597" lon="-2.0846700">
        <name>Patey Road</name>
      </trkpt>
      <trkpt lat="57.3582290" lon="-2.0845880">
        <name>Patey Road</name>
      </trkpt>
      <trkpt lat="57.3583053" lon="-2.0845035">
        <name>Patey Road</name>
      </trkpt>
      <trkpt lat="57.3583815" lon="-2.0844190">
        <name>Patey Road</name>
      </trkpt>
      <trkpt lat="57.3584577" lon="-2.0843345">
        <name>Patey Road</name>
      </trkpt>
      <trkpt lat="57.3585340" lon="-2.0842500">
        <name>Patey Road</name>
      </trkpt>
      <trkpt lat="57.3585993" lon="-2.0841743">
        <name>Patey Road</name>
      </trkpt>
      <trkpt lat="57.3586647" lon="-2.0840987">
        <name>Patey Road</name>
      </trkpt>
      <trkpt lat="57.3587300" lon="-2.0840230">
        <name>Patey Road</name>
      </trkpt>
      <trkpt lat="57.3587680" lon="-2.0839790">
        <name>Patey Road</name>
      </trkpt>
      <trkpt lat="57.3588112" lon="-2.0841094">
        <name>Patey Road</name>
      </trkpt>
      <trkpt lat="57.3588544" lon="-2.0842398">
        <name>Patey Road</name>
      </trkpt>
      <trkpt lat="57.3588976" lon="-2.0843702">
        <name>Patey Road</name>
      </trkpt>
      <trkpt lat="57.3589408" lon="-2.0845006">
        <name>Patey Road</name>
      </trkpt>
      <trkpt lat="57.3589840" lon="-2.0846310">
        <name>Patey Road</name>
      </trkpt>
      <trkpt lat="57.3590275" lon="-2.0847615">
        <name>Patey Road</name>
      </trkpt>
      <trkpt lat="57.3590710" lon="-2.0848920">
        <name>Patey Road</name>
      </trkpt>
      <trkpt lat="57.3590900" lon="-2.0850050">
        <name>Patey Road</name>
      </trkpt>
      <trkpt lat="57.3590930" lon="-2.0851090">
        <name>Patey Road</name>
      </trkpt>
      <trkpt lat="57.3590890" lon="-2.0852240">
        <name>Patey Road</name>
      </trkpt>
      <trkpt lat="57.3590850" lon="-2.0852670">
        <name>Patey Road</name>
      </trkpt>
      <trkpt lat="57.3590690" lon="-2.0854150">
        <name>Patey Road</name>
      </trkpt>
      <trkpt lat="57.3590555" lon="-2.0855495">
        <name>Patey Road</name>
      </trkpt>
      <trkpt lat="57.3590420" lon="-2.0856840">
        <name>Patey Road</name>
      </trkpt>
      <trkpt lat="57.3590270" lon="-2.0858290">
        <name>Patey Road</name>
      </trkpt>
      <trkpt lat="57.3590140" lon="-2.0859590">
        <name>Patey Road</name>
      </trkpt>
      <trkpt lat="57.3590775" lon="-2.0859795">
        <name>Patey Road</name>
      </trkpt>
      <trkpt lat="57.3591410" lon="-2.0860000">
        <name>Patey Road</name>
      </trkpt>
      <trkpt lat="57.3592250" lon="-2.0860280">
        <name>Patey Road</name>
      </trkpt>
      <trkpt lat="57.3593020" lon="-2.0860605">
        <name>Patey Road</name>
      </trkpt>
      <trkpt lat="57.3593790" lon="-2.0860930">
        <name>Patey Road</name>
      </trkpt>
      <trkpt lat="57.3593655" lon="-2.0862060">
        <name>Patey Road</name>
      </trkpt>
      <trkpt lat="57.3593520" lon="-2.0863190">
        <name>Patey Road</name>
      </trkpt>
    </trkseg>
  </trk>
</gpx>