<?xml version="1.0" encoding="UTF-8"?>
<gpx version="1.1" creator="TurboSanta Route Planner">
  <trk>
    <name>TurboSanta Route (10m density)</name>
    <trkseg>
      <trkpt lat="57.3721870" lon="-2.0785540">
        <name>Golf Road</name>
      </trkpt>
      <trkpt lat="57.3721700" lon="-2.0785360">
        <name>Golf Road</name>
      </trkpt>
      <trkpt lat="57.3721930" lon="-2.0784650">
        <name>McDonald Drive</name>
      </trkpt>
      <trkpt lat="57.3722070" lon="-2.0784190">
        <name>McDonald Drive</name>
      </trkpt>
      <trkpt lat="57.3722320" lon="-2.0783460">
        <name>McDonald Drive</name>
      </trkpt>
      <trkpt lat="57.3722697" lon="-2.0782397">
        <name>McDonald Drive</name>
      </trkpt>
      <trkpt lat="57.3723073" lon="-2.0781333">
        <name>McDonald Drive</name>
      </trkpt>
      <trkpt lat="57.3723450" lon="-2.0780270">
        <name>McDonald Drive</name>
      </trkpt>
      <trkpt lat="57.3723805" lon="-2.0780795">
        <name>McDonald Drive</name>
      </trkpt>
      <trkpt lat="57.3724160" lon="-2.0781320">
        <name>McDonald Drive</name>
      </trkpt>
      <trkpt lat="57.3724748" lon="-2.0781995">
        <name>Laverock Hill</name>
      </trkpt>
      <trkpt lat="57.3725335" lon="-2.0782670">
        <name>Laverock Hill</name>
      </trkpt>
      <trkpt lat="57.3725922" lon="-2.0783345">
        <name>Laverock Hill</name>
      </trkpt>
      <trkpt lat="57.3726510" lon="-2.0784020">
        <name>Laverock Hill</name>
      </trkpt>
      <trkpt lat="57.3726880" lon="-2.0784410">
        <name>Laverock Hill</name>
      </trkpt>
      <trkpt lat="57.3727492" lon="-2.0785063">
        <name>Laverock Hill</name>
      </trkpt>
      <trkpt lat="57.3728105" lon="-2.0785715">
        <name>Laverock Hill</name>
      </trkpt>
      <trkpt lat="57.3728718" lon="-2.0786367">
        <name>Laverock Hill</name>
      </trkpt>
      <trkpt lat="57.3729330" lon="-2.0787020">
        <name>Laverock Hill</name>
      </trkpt>
      <trkpt lat="57.3730100" lon="-2.0787470">
        <name>Laverock Hill</name>
      </trkpt>
      <trkpt lat="57.3730930" lon="-2.0787690">
        <name>Laverock Hill</name>
      </trkpt>
      <trkpt lat="57.3731700" lon="-2.0787750">
        <name>Laverock Hill</name>
      </trkpt>
      <trkpt lat="57.3732430" lon="-2.0787680">
        <name>Laverock Hill</name>
      </trkpt>
      <trkpt lat="57.3732985" lon="-2.0787300">
        <name>Laverock Hill</name>
      </trkpt>
      <trkpt lat="57.3733540" lon="-2.0786920">
        <name>Laverock Hill</name>
      </trkpt>
      <trkpt lat="57.3732985" lon="-2.0787300">
        <name>Laverock Hill</name>
      </trkpt>
      <trkpt lat="57.3732430" lon="-2.0787680">
        <name>Laverock Hill</name>
      </trkpt>
      <trkpt lat="57.3731700" lon="-2.0787750">
        <name>Laverock Hill</name>
      </trkpt>
      <trkpt lat="57.3730930" lon="-2.0787690">
        <name>Laverock Hill</name>
      </trkpt>
      <trkpt lat="57.3730100" lon="-2.0787470">
        <name>Laverock Hill</name>
      </trkpt>
      <trkpt lat="57.3729330" lon="-2.0787020">
        <name>Laverock Hill</name>
      </trkpt>
      <trkpt lat="57.3728625" lon="-2.0786270">
        <name>Laverock Hill</name>
      </trkpt>
      <trkpt lat="57.3727920" lon="-2.0785520">
        <name>Laverock Hill</name>
      </trkpt>
      <trkpt lat="57.3727215" lon="-2.0784770">
        <name>Laverock Hill</name>
      </trkpt>
      <trkpt lat="57.3726510" lon="-2.0784020">
        <name>Laverock Hill</name>
      </trkpt>
      <trkpt lat="57.3725922" lon="-2.0783345">
        <name>Laverock Hill</name>
      </trkpt>
      <trkpt lat="57.3725335" lon="-2.0782670">
        <name>Laverock Hill</name>
      </trkpt>
      <trkpt lat="57.3724748" lon="-2.0781995">
        <name>Laverock Hill</name>
      </trkpt>
      <trkpt lat="57.3724160" lon="-2.0781320">
        <name>Laverock Hill</name>
      </trkpt>
      <trkpt lat="57.3723805" lon="-2.0780795">
        <name>Laverock Hill</name>
      </trkpt>
      <trkpt lat="57.3723450" lon="-2.0780270">
        <name>Laverock Hill</name>
      </trkpt>
      <trkpt lat="57.3723970" lon="-2.0779100">
        <name>Laverock Hill</name>
      </trkpt>
      <trkpt lat="57.3723485" lon="-2.0778095">
        <name>Laverock Hill</name>
      </trkpt>
      <trkpt lat="57.3723000" lon="-2.0777090">
        <name>Laverock Hill</name>
      </trkpt>
      <trkpt lat="57.3722480" lon="-2.0776430">
        <name>Laverock Hill</name>
      </trkpt>
      <trkpt lat="57.3721800" lon="-2.0775850">
        <name>Laverock Hill</name>
      </trkpt>
      <trkpt lat="57.3721305" lon="-2.0775625">
        <name>Laverock Hill</name>
      </trkpt>
      <trkpt lat="57.3720810" lon="-2.0775400">
        <name>Laverock Hill</name>
      </trkpt>
      <trkpt lat="57.3720145" lon="-2.0775300">
        <name>Laverock Hill</name>
      </trkpt>
      <trkpt lat="57.3719480" lon="-2.0775200">
        <name>Laverock Hill</name>
      </trkpt>
      <trkpt lat="57.3718990" lon="-2.0774940">
        <name>Laverock Hill</name>
      </trkpt>
      <trkpt lat="57.3718590" lon="-2.0774550">
        <name>Laverock Hill</name>
      </trkpt>
      <trkpt lat="57.3718050" lon="-2.0773770">
        <name>McDonald Drive</name>
      </trkpt>
      <trkpt lat="57.3717510" lon="-2.0772990">
        <name>McDonald Drive</name>
      </trkpt>
      <trkpt lat="57.3716840" lon="-2.0771890">
        <name>McDonald Drive</name>
      </trkpt>
      <trkpt lat="57.3716170" lon="-2.0770790">
        <name>McDonald Drive</name>
      </trkpt>
      <trkpt lat="57.3715590" lon="-2.0769940">
        <name>Turnishaw Hill</name>
      </trkpt>
      <trkpt lat="57.3715170" lon="-2.0769280">
        <name>Turnishaw Hill</name>
      </trkpt>
      <trkpt lat="57.3715590" lon="-2.0769940">
        <name>Turnishaw Hill</name>
      </trkpt>
      <trkpt lat="57.3716170" lon="-2.0770790">
        <name>Turnishaw Hill</name>
      </trkpt>
      <trkpt lat="57.3716840" lon="-2.0771890">
        <name>Turnishaw Hill</name>
      </trkpt>
      <trkpt lat="57.3717510" lon="-2.0772990">
        <name>Turnishaw Hill</name>
      </trkpt>
      <trkpt lat="57.3718050" lon="-2.0773770">
        <name>Turnishaw Hill</name>
      </trkpt>
      <trkpt lat="57.3718590" lon="-2.0774550">
        <name>Turnishaw Hill</name>
      </trkpt>
      <trkpt lat="57.3718990" lon="-2.0774940">
        <name>Turnishaw Hill</name>
      </trkpt>
      <trkpt lat="57.3719480" lon="-2.0775200">
        <name>Turnishaw Hill</name>
      </trkpt>
      <trkpt lat="57.3720145" lon="-2.0775300">
        <name>Turnishaw Hill</name>
      </trkpt>
      <trkpt lat="57.3720810" lon="-2.0775400">
        <name>Turnishaw Hill</name>
      </trkpt>
      <trkpt lat="57.3721305" lon="-2.0775625">
        <name>Turnishaw Hill</name>
      </trkpt>
      <trkpt lat="57.3721800" lon="-2.0775850">
        <name>Turnishaw Hill</name>
      </trkpt>
      <trkpt lat="57.3722480" lon="-2.0776430">
        <name>Turnishaw Hill</name>
      </trkpt>
      <trkpt lat="57.3723000" lon="-2.0777090">
        <name>Turnishaw Hill</name>
      </trkpt>
      <trkpt lat="57.3723485" lon="-2.0778095">
        <name>Turnishaw Hill</name>
      </trkpt>
      <trkpt lat="57.3723970" lon="-2.0779100">
        <name>Turnishaw Hill</name>
      </trkpt>
      <trkpt lat="57.3724590" lon="-2.0778275">
        <name>Turnishaw Hill</name>
      </trkpt>
      <trkpt lat="57.3725210" lon="-2.0777450">
        <name>Turnishaw Hill</name>
      </trkpt>
      <trkpt lat="57.3725740" lon="-2.0777020">
        <name>Turnishaw Hill</name>
      </trkpt>
      <trkpt lat="57.3726270" lon="-2.0776590">
        <name>Turnishaw Hill</name>
      </trkpt>
      <trkpt lat="57.3726780" lon="-2.0776420">
        <name>Turnishaw Hill</name>
      </trkpt>
      <trkpt lat="57.3727290" lon="-2.0776250">
        <name>Turnishaw Hill</name>
      </trkpt>
      <trkpt lat="57.3728020" lon="-2.0776335">
        <name>Turnishaw Hill</name>
      </trkpt>
      <trkpt lat="57.3728750" lon="-2.0776420">
        <name>Turnishaw Hill</name>
      </trkpt>
      <trkpt lat="57.3729343" lon="-2.0776617">
        <name>Turnishaw Hill</name>
      </trkpt>
      <trkpt lat="57.3729937" lon="-2.0776813">
        <name>Turnishaw Hill</name>
      </trkpt>
      <trkpt lat="57.3730530" lon="-2.0777010">
        <name>Turnishaw Hill</name>
      </trkpt>
      <trkpt lat="57.3731200" lon="-2.0777230">
        <name>Turnishaw Hill</name>
      </trkpt>
      <trkpt lat="57.3731870" lon="-2.0777450">
        <name>Turnishaw Hill</name>
      </trkpt>
      <trkpt lat="57.3732533" lon="-2.0777650">
        <name>Turnishaw Hill</name>
      </trkpt>
      <trkpt lat="57.3733197" lon="-2.0777850">
        <name>Turnishaw Hill</name>
      </trkpt>
      <trkpt lat="57.3733860" lon="-2.0778050">
        <name>Turnishaw Hill</name>
      </trkpt>
      <trkpt lat="57.3734455" lon="-2.0777945">
        <name>Turnishaw Hill</name>
      </trkpt>
      <trkpt lat="57.3735050" lon="-2.0777840">
        <name>Turnishaw Hill</name>
      </trkpt>
      <trkpt lat="57.3735650" lon="-2.0777435">
        <name>Turnishaw Hill</name>
      </trkpt>
      <trkpt lat="57.3736250" lon="-2.0777030">
        <name>Turnishaw Hill</name>
      </trkpt>
      <trkpt lat="57.3736625" lon="-2.0776545">
        <name>Turnishaw Hill</name>
      </trkpt>
      <trkpt lat="57.3737000" lon="-2.0776060">
        <name>Turnishaw Hill</name>
      </trkpt>
      <trkpt lat="57.3737387" lon="-2.0775133">
        <name>Turnishaw Hill</name>
      </trkpt>
      <trkpt lat="57.3737773" lon="-2.0774207">
        <name>Turnishaw Hill</name>
      </trkpt>
      <trkpt lat="57.3738160" lon="-2.0773280">
        <name>Turnishaw Hill</name>
      </trkpt>
      <trkpt lat="57.3738405" lon="-2.0772105">
        <name>Turnishaw Hill</name>
      </trkpt>
      <trkpt lat="57.3738650" lon="-2.0770930">
        <name>Turnishaw Hill</name>
      </trkpt>
      <trkpt lat="57.3738840" lon="-2.0769540">
        <name>Turnishaw Hill</name>
      </trkpt>
      <trkpt lat="57.3738860" lon="-2.0768210">
        <name>McDonald Drive</name>
      </trkpt>
      <trkpt lat="57.3738780" lon="-2.0766970">
        <name>McDonald Drive</name>
      </trkpt>
      <trkpt lat="57.3738560" lon="-2.0765540">
        <name>McDonald Drive</name>
      </trkpt>
      <trkpt lat="57.3738120" lon="-2.0764330">
        <name>McDonald Drive</name>
      </trkpt>
      <trkpt lat="57.3737600" lon="-2.0763200">
        <name>McDonald Drive</name>
      </trkpt>
      <trkpt lat="57.3736890" lon="-2.0762440">
        <name>McDonald Drive</name>
      </trkpt>
      <trkpt lat="57.3736203" lon="-2.0761940">
        <name>McDonald Drive</name>
      </trkpt>
      <trkpt lat="57.3735517" lon="-2.0761440">
        <name>McDonald Drive</name>
      </trkpt>
      <trkpt lat="57.3734830" lon="-2.0760940">
        <name>McDonald Drive</name>
      </trkpt>
      <trkpt lat="57.3734542" lon="-2.0762388">
        <name>McDonald Drive</name>
      </trkpt>
      <trkpt lat="57.3734254" lon="-2.0763836">
        <name>McDonald Drive</name>
      </trkpt>
      <trkpt lat="57.3733966" lon="-2.0765284">
        <name>McDonald Drive</name>
      </trkpt>
      <trkpt lat="57.3733678" lon="-2.0766732">
        <name>McDonald Drive</name>
      </trkpt>
      <trkpt lat="57.3733390" lon="-2.0768180">
        <name>McDonald Drive</name>
      </trkpt>
      <trkpt lat="57.3733678" lon="-2.0766732">
        <name>McDonald Drive</name>
      </trkpt>
      <trkpt lat="57.3733966" lon="-2.0765284">
        <name>McDonald Drive</name>
      </trkpt>
      <trkpt lat="57.3734254" lon="-2.0763836">
        <name>McDonald Drive</name>
      </trkpt>
      <trkpt lat="57.3734542" lon="-2.0762388">
        <name>McDonald Drive</name>
      </trkpt>
      <trkpt lat="57.3734830" lon="-2.0760940">
        <name>McDonald Drive</name>
      </trkpt>
      <trkpt lat="57.3734040" lon="-2.0760307">
        <name>McDonald Drive</name>
      </trkpt>
      <trkpt lat="57.3733250" lon="-2.0759673">
        <name>McDonald Drive</name>
      </trkpt>
      <trkpt lat="57.3732460" lon="-2.0759040">
        <name>McDonald Drive</name>
      </trkpt>
      <trkpt lat="57.3732680" lon="-2.0757910">
        <name>McDonald Drive</name>
      </trkpt>
      <trkpt lat="57.3732927" lon="-2.0756743">
        <name>McDonald Drive</name>
      </trkpt>
      <trkpt lat="57.3733173" lon="-2.0755577">
        <name>McDonald Drive</name>
      </trkpt>
      <trkpt lat="57.3733420" lon="-2.0754410">
        <name>McDonald Drive</name>
      </trkpt>
      <trkpt lat="57.3733823" lon="-2.0753053">
        <name>McDonald Drive</name>
      </trkpt>
      <trkpt lat="57.3734227" lon="-2.0751697">
        <name>McDonald Drive</name>
      </trkpt>
      <trkpt lat="57.3734630" lon="-2.0750340">
        <name>McDonald Drive</name>
      </trkpt>
      <trkpt lat="57.3735160" lon="-2.0749225">
        <name>McDonald Drive</name>
      </trkpt>
      <trkpt lat="57.3735690" lon="-2.0748110">
        <name>McDonald Drive</name>
      </trkpt>
      <trkpt lat="57.3736060" lon="-2.0747395">
        <name>McDonald Drive</name>
      </trkpt>
      <trkpt lat="57.3736430" lon="-2.0746680">
        <name>McDonald Drive</name>
      </trkpt>
      <trkpt lat="57.3736540" lon="-2.0746470">
        <name>McDonald Drive</name>
      </trkpt>
      <trkpt lat="57.3737083" lon="-2.0747727">
        <name>McDonald Drive</name>
      </trkpt>
      <trkpt lat="57.3737627" lon="-2.0748983">
        <name>McDonald Drive</name>
      </trkpt>
      <trkpt lat="57.3738170" lon="-2.0750240">
        <name>McDonald Drive</name>
      </trkpt>
      <trkpt lat="57.3738605" lon="-2.0751350">
        <name>McDonald Drive</name>
      </trkpt>
      <trkpt lat="57.3739040" lon="-2.0752460">
        <name>McDonald Drive</name>
      </trkpt>
      <trkpt lat="57.3739530" lon="-2.0753250">
        <name>McDonald Drive</name>
      </trkpt>
      <trkpt lat="57.3740020" lon="-2.0754040">
        <name>McDonald Drive</name>
      </trkpt>
      <trkpt lat="57.3740585" lon="-2.0754770">
        <name>McDonald Drive</name>
      </trkpt>
      <trkpt lat="57.3741150" lon="-2.0755500">
        <name>McDonald Drive</name>
      </trkpt>
      <trkpt lat="57.3741820" lon="-2.0756420">
        <name>McDonald Drive</name>
      </trkpt>
      <trkpt lat="57.3741150" lon="-2.0755500">
        <name>McDonald Drive</name>
      </trkpt>
      <trkpt lat="57.3740585" lon="-2.0754770">
        <name>McDonald Drive</name>
      </trkpt>
      <trkpt lat="57.3740020" lon="-2.0754040">
        <name>McDonald Drive</name>
      </trkpt>
      <trkpt lat="57.3739530" lon="-2.0753250">
        <name>McDonald Drive</name>
      </trkpt>
      <trkpt lat="57.3739040" lon="-2.0752460">
        <name>McDonald Drive</name>
      </trkpt>
      <trkpt lat="57.3738605" lon="-2.0751350">
        <name>Elphin Hill</name>
      </trkpt>
      <trkpt lat="57.3738170" lon="-2.0750240">
        <name>Elphin Hill</name>
      </trkpt>
      <trkpt lat="57.3737627" lon="-2.0748983">
        <name>Elphin Hill</name>
      </trkpt>
      <trkpt lat="57.3737083" lon="-2.0747727">
        <name>Elphin Hill</name>
      </trkpt>
      <trkpt lat="57.3736540" lon="-2.0746470">
        <name>Elphin Hill</name>
      </trkpt>
      <trkpt lat="57.3736115" lon="-2.0747290">
        <name>Elphin Hill</name>
      </trkpt>
      <trkpt lat="57.3735690" lon="-2.0748110">
        <name>Elphin Hill</name>
      </trkpt>
      <trkpt lat="57.3735160" lon="-2.0749225">
        <name>Elphin Hill</name>
      </trkpt>
      <trkpt lat="57.3734630" lon="-2.0750340">
        <name>Elphin Hill</name>
      </trkpt>
      <trkpt lat="57.3734227" lon="-2.0751697">
        <name>Elphin Hill</name>
      </trkpt>
      <trkpt lat="57.3733823" lon="-2.0753053">
        <name>Elphin Hill</name>
      </trkpt>
      <trkpt lat="57.3733420" lon="-2.0754410">
        <name>Elphin Hill</name>
      </trkpt>
      <trkpt lat="57.3733173" lon="-2.0755577">
        <name>Elphin Hill</name>
      </trkpt>
      <trkpt lat="57.3732927" lon="-2.0756743">
        <name>Elphin Hill</name>
      </trkpt>
      <trkpt lat="57.3732680" lon="-2.0757910">
        <name>Elphin Hill</name>
      </trkpt>
      <trkpt lat="57.3732460" lon="-2.0759040">
        <name>McDonald Drive</name>
      </trkpt>
      <trkpt lat="57.3731920" lon="-2.0758650">
        <name>McDonald Drive</name>
      </trkpt>
      <trkpt lat="57.3731380" lon="-2.0758260">
        <name>McDonald Drive</name>
      </trkpt>
      <trkpt lat="57.3730730" lon="-2.0757790">
        <name>McDonald Gardens</name>
      </trkpt>
      <trkpt lat="57.3730080" lon="-2.0757320">
        <name>McDonald Gardens</name>
      </trkpt>
      <trkpt lat="57.3729295" lon="-2.0756685">
        <name>McDonald Gardens</name>
      </trkpt>
      <trkpt lat="57.3728510" lon="-2.0756050">
        <name>McDonald Gardens</name>
      </trkpt>
      <trkpt lat="57.3728020" lon="-2.0755710">
        <name>McDonald Gardens</name>
      </trkpt>
      <trkpt lat="57.3727575" lon="-2.0755405">
        <name>McDonald Gardens</name>
      </trkpt>
      <trkpt lat="57.3727130" lon="-2.0755100">
        <name>McDonald Gardens</name>
      </trkpt>
      <trkpt lat="57.3726600" lon="-2.0754900">
        <name>McDonald Gardens</name>
      </trkpt>
      <trkpt lat="57.3726070" lon="-2.0754820">
        <name>McDonald Gardens</name>
      </trkpt>
      <trkpt lat="57.3726095" lon="-2.0753660">
        <name>McDonald Gardens</name>
      </trkpt>
      <trkpt lat="57.3726120" lon="-2.0752500">
        <name>McDonald Gardens</name>
      </trkpt>
      <trkpt lat="57.3726105" lon="-2.0751285">
        <name>McDonald Gardens</name>
      </trkpt>
      <trkpt lat="57.3726090" lon="-2.0750070">
        <name>McDonald Gardens</name>
      </trkpt>
      <trkpt lat="57.3725960" lon="-2.0749010">
        <name>McDonald Gardens</name>
      </trkpt>
      <trkpt lat="57.3725720" lon="-2.0748060">
        <name>McDonald Gardens</name>
      </trkpt>
      <trkpt lat="57.3725325" lon="-2.0747020">
        <name>McDonald Gardens</name>
      </trkpt>
      <trkpt lat="57.3724930" lon="-2.0745980">
        <name>McDonald Gardens</name>
      </trkpt>
      <trkpt lat="57.3724670" lon="-2.0744800">
        <name>McDonald Gardens</name>
      </trkpt>
      <trkpt lat="57.3724480" lon="-2.0743580">
        <name>McDonald Gardens</name>
      </trkpt>
      <trkpt lat="57.3724510" lon="-2.0742290">
        <name>McDonald Gardens</name>
      </trkpt>
      <trkpt lat="57.3724480" lon="-2.0743580">
        <name>McDonald Gardens</name>
      </trkpt>
      <trkpt lat="57.3724670" lon="-2.0744800">
        <name>McDonald Gardens</name>
      </trkpt>
      <trkpt lat="57.3724930" lon="-2.0745980">
        <name>McDonald Gardens</name>
      </trkpt>
      <trkpt lat="57.3725325" lon="-2.0747020">
        <name>McDonald Gardens</name>
      </trkpt>
      <trkpt lat="57.3725720" lon="-2.0748060">
        <name>McDonald Gardens</name>
      </trkpt>
      <trkpt lat="57.3725960" lon="-2.0749010">
        <name>McDonald Gardens</name>
      </trkpt>
      <trkpt lat="57.3726090" lon="-2.0750070">
        <name>McDonald Gardens</name>
      </trkpt>
      <trkpt lat="57.3726105" lon="-2.0751285">
        <name>McDonald Gardens</name>
      </trkpt>
      <trkpt lat="57.3726120" lon="-2.0752500">
        <name>McDonald Gardens</name>
      </trkpt>
      <trkpt lat="57.3726095" lon="-2.0753660">
        <name>McDonald Gardens</name>
      </trkpt>
      <trkpt lat="57.3726070" lon="-2.0754820">
        <name>McDonald Gardens</name>
      </trkpt>
      <trkpt lat="57.3725480" lon="-2.0754950">
        <name>McDonald Gardens</name>
      </trkpt>
      <trkpt lat="57.3724900" lon="-2.0755190">
        <name>McDonald Gardens</name>
      </trkpt>
      <trkpt lat="57.3724450" lon="-2.0755625">
        <name>McDonald Gardens</name>
      </trkpt>
      <trkpt lat="57.3724000" lon="-2.0756060">
        <name>McDonald Gardens</name>
      </trkpt>
      <trkpt lat="57.3723490" lon="-2.0756850">
        <name>McDonald Gardens</name>
      </trkpt>
      <trkpt lat="57.3722930" lon="-2.0758100">
        <name>McDonald Gardens</name>
      </trkpt>
      <trkpt lat="57.3722495" lon="-2.0759073">
        <name>McDonald Gardens</name>
      </trkpt>
      <trkpt lat="57.3722060" lon="-2.0760045">
        <name>McDonald Gardens</name>
      </trkpt>
      <trkpt lat="57.3721625" lon="-2.0761017">
        <name>McDonald Gardens</name>
      </trkpt>
      <trkpt lat="57.3721190" lon="-2.0761990">
        <name>McDonald Gardens</name>
      </trkpt>
      <trkpt lat="57.3720690" lon="-2.0763030">
        <name>McDonald Gardens</name>
      </trkpt>
      <trkpt lat="57.3720280" lon="-2.0763900">
        <name>McDonald Gardens</name>
      </trkpt>
      <trkpt lat="57.3719870" lon="-2.0764770">
        <name>McDonald Drive</name>
      </trkpt>
      <trkpt lat="57.3720403" lon="-2.0765713">
        <name>McDonald Drive</name>
      </trkpt>
      <trkpt lat="57.3720937" lon="-2.0766657">
        <name>McDonald Drive</name>
      </trkpt>
      <trkpt lat="57.3721470" lon="-2.0767600">
        <name>McDonald Drive</name>
      </trkpt>
      <trkpt lat="57.3721965" lon="-2.0767975">
        <name>McDonald Drive</name>
      </trkpt>
      <trkpt lat="57.3722460" lon="-2.0768350">
        <name>McDonald Drive</name>
      </trkpt>
      <trkpt lat="57.3723020" lon="-2.0768430">
        <name>McDonald Drive</name>
      </trkpt>
      <trkpt lat="57.3723580" lon="-2.0768510">
        <name>McDonald Drive</name>
      </trkpt>
      <trkpt lat="57.3724065" lon="-2.0768395">
        <name>McDonald Drive</name>
      </trkpt>
      <trkpt lat="57.3724550" lon="-2.0768280">
        <name>McDonald Drive</name>
      </trkpt>
      <trkpt lat="57.3725080" lon="-2.0767945">
        <name>McDonald Drive</name>
      </trkpt>
      <trkpt lat="57.3725610" lon="-2.0767610">
        <name>McDonald Drive</name>
      </trkpt>
      <trkpt lat="57.3725720" lon="-2.0768180">
        <name>McDonald Drive</name>
      </trkpt>
      <trkpt lat="57.3725610" lon="-2.0767610">
        <name>McDonald Drive</name>
      </trkpt>
      <trkpt lat="57.3725080" lon="-2.0767945">
        <name>McDonald Drive</name>
      </trkpt>
      <trkpt lat="57.3724550" lon="-2.0768280">
        <name>McDonald Drive</name>
      </trkpt>
      <trkpt lat="57.3724065" lon="-2.0768395">
        <name>McDonald Drive</name>
      </trkpt>
      <trkpt lat="57.3723580" lon="-2.0768510">
        <name>McDonald Drive</name>
      </trkpt>
      <trkpt lat="57.3723020" lon="-2.0768430">
        <name>McDonald Drive</name>
      </trkpt>
      <trkpt lat="57.3722460" lon="-2.0768350">
        <name>McDonald Drive</name>
      </trkpt>
      <trkpt lat="57.3721965" lon="-2.0767975">
        <name>Carding Hill</name>
      </trkpt>
      <trkpt lat="57.3721470" lon="-2.0767600">
        <name>Carding Hill</name>
      </trkpt>
      <trkpt lat="57.3720937" lon="-2.0766657">
        <name>Carding Hill</name>
      </trkpt>
      <trkpt lat="57.3720403" lon="-2.0765713">
        <name>Carding Hill</name>
      </trkpt>
      <trkpt lat="57.3719870" lon="-2.0764770">
        <name>Carding Hill</name>
      </trkpt>
      <trkpt lat="57.3719390" lon="-2.0765435">
        <name>Carding Hill</name>
      </trkpt>
      <trkpt lat="57.3718910" lon="-2.0766100">
        <name>Carding Hill</name>
      </trkpt>
      <trkpt lat="57.3718270" lon="-2.0766550">
        <name>Carding Hill</name>
      </trkpt>
      <trkpt lat="57.3717610" lon="-2.0766780">
        <name>Carding Hill</name>
      </trkpt>
      <trkpt lat="57.3716930" lon="-2.0766800">
        <name>Carding Hill</name>
      </trkpt>
      <trkpt lat="57.3716220" lon="-2.0766580">
        <name>Carding Hill</name>
      </trkpt>
      <trkpt lat="57.3715470" lon="-2.0766100">
        <name>Carding Hill</name>
      </trkpt>
      <trkpt lat="57.3714720" lon="-2.0765450">
        <name>Carding Hill</name>
      </trkpt>
      <trkpt lat="57.3714200" lon="-2.0764633">
        <name>Carding Hill</name>
      </trkpt>
      <trkpt lat="57.3713680" lon="-2.0763817">
        <name>Carding Hill</name>
      </trkpt>
      <trkpt lat="57.3713160" lon="-2.0763000">
        <name>Carding Hill</name>
      </trkpt>
      <trkpt lat="57.3712810" lon="-2.0762445">
        <name>Carding Hill</name>
      </trkpt>
      <trkpt lat="57.3712460" lon="-2.0761890">
        <name>Carding Hill</name>
      </trkpt>
      <trkpt lat="57.3712875" lon="-2.0760995">
        <name>Carding Hill</name>
      </trkpt>
      <trkpt lat="57.3713290" lon="-2.0760100">
        <name>Carding Hill</name>
      </trkpt>
      <trkpt lat="57.3712615" lon="-2.0759055">
        <name>Carding Hill</name>
      </trkpt>
      <trkpt lat="57.3711940" lon="-2.0758010">
        <name>Carding Hill</name>
      </trkpt>
      <trkpt lat="57.3711445" lon="-2.0757280">
        <name>Carding Hill</name>
      </trkpt>
      <trkpt lat="57.3710950" lon="-2.0756550">
        <name>Carding Hill</name>
      </trkpt>
      <trkpt lat="57.3710240" lon="-2.0755940">
        <name>Carding Hill</name>
      </trkpt>
      <trkpt lat="57.3709460" lon="-2.0755340">
        <name>Carding Hill</name>
      </trkpt>
      <trkpt lat="57.3708990" lon="-2.0754660">
        <name>Carding Hill</name>
      </trkpt>
      <trkpt lat="57.3708250" lon="-2.0753940">
        <name>Carding Hill</name>
      </trkpt>
      <trkpt lat="57.3707540" lon="-2.0753340">
        <name>Carding Hill</name>
      </trkpt>
      <trkpt lat="57.3706987" lon="-2.0752720">
        <name>Carding Hill</name>
      </trkpt>
      <trkpt lat="57.3706433" lon="-2.0752100">
        <name>Carding Hill</name>
      </trkpt>
      <trkpt lat="57.3705880" lon="-2.0751480">
        <name>Carding Hill</name>
      </trkpt>
      <trkpt lat="57.3705510" lon="-2.0750880">
        <name>McDonald Drive</name>
      </trkpt>
      <trkpt lat="57.3705120" lon="-2.0750170">
        <name>McDonald Drive</name>
      </trkpt>
      <trkpt lat="57.3704730" lon="-2.0749460">
        <name>McDonald Drive</name>
      </trkpt>
      <trkpt lat="57.3705120" lon="-2.0750170">
        <name>McDonald Drive</name>
      </trkpt>
      <trkpt lat="57.3705510" lon="-2.0750880">
        <name>McDonald Drive</name>
      </trkpt>
      <trkpt lat="57.3705880" lon="-2.0751480">
        <name>McDonald Drive</name>
      </trkpt>
      <trkpt lat="57.3706433" lon="-2.0752100">
        <name>McDonald Drive</name>
      </trkpt>
      <trkpt lat="57.3706987" lon="-2.0752720">
        <name>McDonald Drive</name>
      </trkpt>
      <trkpt lat="57.3707540" lon="-2.0753340">
        <name>McDonald Drive</name>
      </trkpt>
      <trkpt lat="57.3708250" lon="-2.0753940">
        <name>McDonald Drive</name>
      </trkpt>
      <trkpt lat="57.3708990" lon="-2.0754660">
        <name>McDonald Drive</name>
      </trkpt>
      <trkpt lat="57.3709460" lon="-2.0755340">
        <name>McDonald Drive</name>
      </trkpt>
      <trkpt lat="57.3710240" lon="-2.0755940">
        <name>McDonald Drive</name>
      </trkpt>
      <trkpt lat="57.3710950" lon="-2.0756550">
        <name>McDonald Drive</name>
      </trkpt>
      <trkpt lat="57.3711445" lon="-2.0757280">
        <name>McDonald Drive</name>
      </trkpt>
      <trkpt lat="57.3711940" lon="-2.0758010">
        <name>McDonald Drive</name>
      </trkpt>
      <trkpt lat="57.3712615" lon="-2.0759055">
        <name>McDonald Drive</name>
      </trkpt>
      <trkpt lat="57.3713290" lon="-2.0760100">
        <name>McDonald Drive</name>
      </trkpt>
      <trkpt lat="57.3713850" lon="-2.0758830">
        <name>McDonald Drive</name>
      </trkpt>
      <trkpt lat="57.3714410" lon="-2.0757560">
        <name>McDonald Drive</name>
      </trkpt>
      <trkpt lat="57.3714970" lon="-2.0756290">
        <name>McDonald Drive</name>
      </trkpt>
      <trkpt lat="57.3715530" lon="-2.0755020">
        <name>McDonald Drive</name>
      </trkpt>
      <trkpt lat="57.3715957" lon="-2.0753997">
        <name>Knockothie Hill</name>
      </trkpt>
      <trkpt lat="57.3716383" lon="-2.0752973">
        <name>Knockothie Hill</name>
      </trkpt>
      <trkpt lat="57.3716810" lon="-2.0751950">
        <name>Knockothie Hill</name>
      </trkpt>
      <trkpt lat="57.3717336" lon="-2.0750786">
        <name>Knockothie Hill</name>
      </trkpt>
      <trkpt lat="57.3717862" lon="-2.0749622">
        <name>Knockothie Hill</name>
      </trkpt>
      <trkpt lat="57.3718388" lon="-2.0748458">
        <name>Knockothie Hill</name>
      </trkpt>
      <trkpt lat="57.3718914" lon="-2.0747294">
        <name>Knockothie Hill</name>
      </trkpt>
      <trkpt lat="57.3719440" lon="-2.0746130">
        <name>Knockothie Hill</name>
      </trkpt>
      <trkpt lat="57.3719610" lon="-2.0745750">
        <name>Knockothie Hill</name>
      </trkpt>
      <trkpt lat="57.3719440" lon="-2.0746130">
        <name>Knockothie Hill</name>
      </trkpt>
      <trkpt lat="57.3718770" lon="-2.0745060">
        <name>Knockothie Hill</name>
      </trkpt>
      <trkpt lat="57.3718325" lon="-2.0744140">
        <name>Knockothie Hill</name>
      </trkpt>
      <trkpt lat="57.3717880" lon="-2.0743220">
        <name>Knockothie Hill</name>
      </trkpt>
      <trkpt lat="57.3717390" lon="-2.0743450">
        <name>Knockothie Hill</name>
      </trkpt>
      <trkpt lat="57.3716620" lon="-2.0744045">
        <name>Knockothie Hill</name>
      </trkpt>
      <trkpt lat="57.3715850" lon="-2.0744640">
        <name>Knockothie Hill</name>
      </trkpt>
      <trkpt lat="57.3715080" lon="-2.0745190">
        <name>Knockothie Hill</name>
      </trkpt>
      <trkpt lat="57.3714540" lon="-2.0745360">
        <name>Knockothie Hill</name>
      </trkpt>
      <trkpt lat="57.3714280" lon="-2.0745390">
        <name>Knockothie Hill</name>
      </trkpt>
      <trkpt lat="57.3714040" lon="-2.0745340">
        <name>Knockothie Hill</name>
      </trkpt>
      <trkpt lat="57.3713370" lon="-2.0744810">
        <name>Knockothie Hill</name>
      </trkpt>
      <trkpt lat="57.3712850" lon="-2.0744260">
        <name>Knockothie Hill</name>
      </trkpt>
      <trkpt lat="57.3712108" lon="-2.0743385">
        <name>Knockothie Hill</name>
      </trkpt>
      <trkpt lat="57.3711367" lon="-2.0742510">
        <name>Knockothie Hill</name>
      </trkpt>
      <trkpt lat="57.3710625" lon="-2.0741635">
        <name>Knockothie Hill</name>
      </trkpt>
      <trkpt lat="57.3709883" lon="-2.0740760">
        <name>Knockothie Hill</name>
      </trkpt>
      <trkpt lat="57.3709142" lon="-2.0739885">
        <name>Knockothie Hill</name>
      </trkpt>
      <trkpt lat="57.3708400" lon="-2.0739010">
        <name>Knockothie Hill</name>
      </trkpt>
      <trkpt lat="57.3707700" lon="-2.0738260">
        <name>Knockothie Hill</name>
      </trkpt>
      <trkpt lat="57.3708400" lon="-2.0739010">
        <name>Knockothie Hill</name>
      </trkpt>
      <trkpt lat="57.3709142" lon="-2.0739885">
        <name>Knockothie Hill</name>
      </trkpt>
      <trkpt lat="57.3709883" lon="-2.0740760">
        <name>Knockothie Hill</name>
      </trkpt>
      <trkpt lat="57.3710625" lon="-2.0741635">
        <name>Knockothie Hill</name>
      </trkpt>
      <trkpt lat="57.3711367" lon="-2.0742510">
        <name>Knockothie Hill</name>
      </trkpt>
      <trkpt lat="57.3712108" lon="-2.0743385">
        <name>Knockothie Hill</name>
      </trkpt>
      <trkpt lat="57.3712850" lon="-2.0744260">
        <name>Knockothie Hill</name>
      </trkpt>
      <trkpt lat="57.3713370" lon="-2.0744810">
        <name>McDonald Drive</name>
      </trkpt>
      <trkpt lat="57.3714040" lon="-2.0745340">
        <name>McDonald Drive</name>
      </trkpt>
      <trkpt lat="57.3714280" lon="-2.0745390">
        <name>McDonald Drive</name>
      </trkpt>
      <trkpt lat="57.3714540" lon="-2.0745360">
        <name>McDonald Drive</name>
      </trkpt>
      <trkpt lat="57.3715080" lon="-2.0745190">
        <name>McDonald Drive</name>
      </trkpt>
      <trkpt lat="57.3715850" lon="-2.0744640">
        <name>McDonald Drive</name>
      </trkpt>
      <trkpt lat="57.3716620" lon="-2.0744045">
        <name>McDonald Drive</name>
      </trkpt>
      <trkpt lat="57.3717390" lon="-2.0743450">
        <name>McDonald Drive</name>
      </trkpt>
      <trkpt lat="57.3717880" lon="-2.0743220">
        <name>McDonald Drive</name>
      </trkpt>
      <trkpt lat="57.3717680" lon="-2.0741860">
        <name>McDonald Drive</name>
      </trkpt>
      <trkpt lat="57.3717720" lon="-2.0741010">
        <name>McDonald Drive</name>
      </trkpt>
      <trkpt lat="57.3717800" lon="-2.0740060">
        <name>McDonald Drive</name>
      </trkpt>
      <trkpt lat="57.3718110" lon="-2.0738980">
        <name>McDonald Drive</name>
      </trkpt>
      <trkpt lat="57.3718470" lon="-2.0738080">
        <name>McDonald Drive</name>
      </trkpt>
      <trkpt lat="57.3718897" lon="-2.0737093">
        <name>Knockothie Brae</name>
      </trkpt>
      <trkpt lat="57.3719323" lon="-2.0736107">
        <name>Knockothie Brae</name>
      </trkpt>
      <trkpt lat="57.3719750" lon="-2.0735120">
        <name>Knockothie Brae</name>
      </trkpt>
      <trkpt lat="57.3720190" lon="-2.0734100">
        <name>Knockothie Brae</name>
      </trkpt>
      <trkpt lat="57.3720630" lon="-2.0733080">
        <name>Knockothie Brae</name>
      </trkpt>
      <trkpt lat="57.3721087" lon="-2.0731877">
        <name>Knockothie Road</name>
      </trkpt>
      <trkpt lat="57.3721543" lon="-2.0730673">
        <name>Knockothie Road</name>
      </trkpt>
      <trkpt lat="57.3722000" lon="-2.0729470">
        <name>Knockothie Road</name>
      </trkpt>
      <trkpt lat="57.3721570" lon="-2.0728840">
        <name>Knockothie Road</name>
      </trkpt>
      <trkpt lat="57.3720937" lon="-2.0727777">
        <name>Knockothie Road</name>
      </trkpt>
      <trkpt lat="57.3720303" lon="-2.0726713">
        <name>Knockothie Road</name>
      </trkpt>
      <trkpt lat="57.3719670" lon="-2.0725650">
        <name>Knockothie Road</name>
      </trkpt>
      <trkpt lat="57.3719180" lon="-2.0724550">
        <name>Knockothie Road</name>
      </trkpt>
      <trkpt lat="57.3718970" lon="-2.0724080">
        <name>Knockothie Road</name>
      </trkpt>
      <trkpt lat="57.3718610" lon="-2.0723205">
        <name>Knockothie Road</name>
      </trkpt>
      <trkpt lat="57.3718250" lon="-2.0722330">
        <name>Knockothie Road</name>
      </trkpt>
      <trkpt lat="57.3717910" lon="-2.0721250">
        <name>Knockothie Road</name>
      </trkpt>
      <trkpt lat="57.3717610" lon="-2.0720140">
        <name>Knockothie Road</name>
      </trkpt>
      <trkpt lat="57.3717265" lon="-2.0719270">
        <name>Knockothie Road</name>
      </trkpt>
      <trkpt lat="57.3716920" lon="-2.0718400">
        <name>Knockothie Road</name>
      </trkpt>
      <trkpt lat="57.3716530" lon="-2.0717705">
        <name>Knockothie Road</name>
      </trkpt>
      <trkpt lat="57.3716140" lon="-2.0717010">
        <name>Knockothie Road</name>
      </trkpt>
      <trkpt lat="57.3715605" lon="-2.0716375">
        <name>Knockothie Road</name>
      </trkpt>
      <trkpt lat="57.3715070" lon="-2.0715740">
        <name>Knockothie Road</name>
      </trkpt>
      <trkpt lat="57.3714630" lon="-2.0715465">
        <name>Knockothie Road</name>
      </trkpt>
      <trkpt lat="57.3714190" lon="-2.0715190">
        <name>Knockothie Road</name>
      </trkpt>
      <trkpt lat="57.3713410" lon="-2.0714970">
        <name>Knockothie Road</name>
      </trkpt>
      <trkpt lat="57.3712730" lon="-2.0714910">
        <name>Knockothie Road</name>
      </trkpt>
      <trkpt lat="57.3712050" lon="-2.0714950">
        <name>Knockothie Road</name>
      </trkpt>
      <trkpt lat="57.3711570" lon="-2.0715000">
        <name>Knockothie Road</name>
      </trkpt>
      <trkpt lat="57.3711090" lon="-2.0715050">
        <name>Knockothie Road</name>
      </trkpt>
      <trkpt lat="57.3710535" lon="-2.0715135">
        <name>Knockothie Road</name>
      </trkpt>
      <trkpt lat="57.3709980" lon="-2.0715220">
        <name>Knockothie Road</name>
      </trkpt>
      <trkpt lat="57.3709170" lon="-2.0715910">
        <name>Knockothie Road</name>
      </trkpt>
      <trkpt lat="57.3708840" lon="-2.0716520">
        <name>Knockothie Road</name>
      </trkpt>
      <trkpt lat="57.3708610" lon="-2.0716930">
        <name>Knockothie Road</name>
      </trkpt>
      <trkpt lat="57.3708330" lon="-2.0717840">
        <name>Knockothie Road</name>
      </trkpt>
      <trkpt lat="57.3708190" lon="-2.0718910">
        <name>Knockothie Road</name>
      </trkpt>
      <trkpt lat="57.3708160" lon="-2.0720330">
        <name>Knockothie Road</name>
      </trkpt>
      <trkpt lat="57.3708130" lon="-2.0721750">
        <name>Knockothie Road</name>
      </trkpt>
      <trkpt lat="57.3708100" lon="-2.0723170">
        <name>Knockothie Road</name>
      </trkpt>
      <trkpt lat="57.3708165" lon="-2.0724195">
        <name>Knockothie Road</name>
      </trkpt>
      <trkpt lat="57.3708230" lon="-2.0725220">
        <name>Knockothie Road</name>
      </trkpt>
      <trkpt lat="57.3708500" lon="-2.0726120">
        <name>Knockothie Brae</name>
      </trkpt>
      <trkpt lat="57.3708880" lon="-2.0726950">
        <name>Knockothie Brae</name>
      </trkpt>
      <trkpt lat="57.3709170" lon="-2.0727350">
        <name>Knockothie Brae</name>
      </trkpt>
      <trkpt lat="57.3709675" lon="-2.0727860">
        <name>Knockothie Brae</name>
      </trkpt>
      <trkpt lat="57.3710180" lon="-2.0728370">
        <name>Knockothie Brae</name>
      </trkpt>
      <trkpt lat="57.3710775" lon="-2.0728960">
        <name>Knockothie Brae</name>
      </trkpt>
      <trkpt lat="57.3711370" lon="-2.0729550">
        <name>Knockothie Brae</name>
      </trkpt>
      <trkpt lat="57.3712020" lon="-2.0730225">
        <name>Knockothie Brae</name>
      </trkpt>
      <trkpt lat="57.3712670" lon="-2.0730900">
        <name>Knockothie Brae</name>
      </trkpt>
      <trkpt lat="57.3713135" lon="-2.0731390">
        <name>Knockothie Brae</name>
      </trkpt>
      <trkpt lat="57.3713600" lon="-2.0731880">
        <name>Knockothie Brae</name>
      </trkpt>
      <trkpt lat="57.3713810" lon="-2.0732100">
        <name>Knockothie Brae</name>
      </trkpt>
      <trkpt lat="57.3714470" lon="-2.0732830">
        <name>Knockothie Brae</name>
      </trkpt>
      <trkpt lat="57.3715130" lon="-2.0733560">
        <name>Knockothie Brae</name>
      </trkpt>
      <trkpt lat="57.3715765" lon="-2.0734365">
        <name>Market Brae</name>
      </trkpt>
      <trkpt lat="57.3716400" lon="-2.0735170">
        <name>Market Brae</name>
      </trkpt>
      <trkpt lat="57.3716995" lon="-2.0736040">
        <name>Market Brae</name>
      </trkpt>
      <trkpt lat="57.3717590" lon="-2.0736910">
        <name>Market Brae</name>
      </trkpt>
      <trkpt lat="57.3718180" lon="-2.0737660">
        <name>Market Brae</name>
      </trkpt>
      <trkpt lat="57.3718470" lon="-2.0738080">
        <name>Market Hill</name>
      </trkpt>
      <trkpt lat="57.3719010" lon="-2.0736830">
        <name>Market Hill</name>
      </trkpt>
      <trkpt lat="57.3719550" lon="-2.0735580">
        <name>Market Hill</name>
      </trkpt>
      <trkpt lat="57.3720090" lon="-2.0734330">
        <name>Market Hill</name>
      </trkpt>
      <trkpt lat="57.3720630" lon="-2.0733080">
        <name>Market Hill</name>
      </trkpt>
      <trkpt lat="57.3721010" lon="-2.0732085">
        <name>Market Hill</name>
      </trkpt>
      <trkpt lat="57.3721390" lon="-2.0731090">
        <name>Market Hill</name>
      </trkpt>
      <trkpt lat="57.3721695" lon="-2.0730280">
        <name>Market Hill</name>
      </trkpt>
      <trkpt lat="57.3722000" lon="-2.0729470">
        <name>Market Hill</name>
      </trkpt>
      <trkpt lat="57.3722400" lon="-2.0728765">
        <name>Market Hill</name>
      </trkpt>
      <trkpt lat="57.3722800" lon="-2.0728060">
        <name>Market Hill</name>
      </trkpt>
      <trkpt lat="57.3723415" lon="-2.0727175">
        <name>Market Hill</name>
      </trkpt>
      <trkpt lat="57.3724030" lon="-2.0726290">
        <name>Market Hill</name>
      </trkpt>
      <trkpt lat="57.3724603" lon="-2.0725467">
        <name>Market Hill</name>
      </trkpt>
      <trkpt lat="57.3725177" lon="-2.0724643">
        <name>Market Hill</name>
      </trkpt>
      <trkpt lat="57.3725750" lon="-2.0723820">
        <name>Market Hill</name>
      </trkpt>
      <trkpt lat="57.3726335" lon="-2.0723010">
        <name>Market Hill</name>
      </trkpt>
      <trkpt lat="57.3726920" lon="-2.0722200">
        <name>Market Hill</name>
      </trkpt>
      <trkpt lat="57.3726790" lon="-2.0721870">
        <name>Market Hill</name>
      </trkpt>
      <trkpt lat="57.3726920" lon="-2.0722200">
        <name>Market Hill</name>
      </trkpt>
      <trkpt lat="57.3727310" lon="-2.0723130">
        <name>Market Hill</name>
      </trkpt>
      <trkpt lat="57.3727700" lon="-2.0724060">
        <name>Market Hill</name>
      </trkpt>
      <trkpt lat="57.3728090" lon="-2.0724990">
        <name>Market Hill</name>
      </trkpt>
      <trkpt lat="57.3728375" lon="-2.0725720">
        <name>Market Hill</name>
      </trkpt>
      <trkpt lat="57.3728660" lon="-2.0726450">
        <name>Market Hill</name>
      </trkpt>
      <trkpt lat="57.3728960" lon="-2.0727750">
        <name>Market Hill</name>
      </trkpt>
      <trkpt lat="57.3729155" lon="-2.0728570">
        <name>Market Hill</name>
      </trkpt>
      <trkpt lat="57.3729350" lon="-2.0729390">
        <name>Market Hill</name>
      </trkpt>
      <trkpt lat="57.3729880" lon="-2.0729000">
        <name>Market Hill</name>
      </trkpt>
      <trkpt lat="57.3729350" lon="-2.0729390">
        <name>Market Hill</name>
      </trkpt>
      <trkpt lat="57.3729155" lon="-2.0728570">
        <name>Market Hill</name>
      </trkpt>
      <trkpt lat="57.3728960" lon="-2.0727750">
        <name>Market Hill</name>
      </trkpt>
      <trkpt lat="57.3728660" lon="-2.0726450">
        <name>Market Hill</name>
      </trkpt>
      <trkpt lat="57.3728375" lon="-2.0725720">
        <name>Market Hill</name>
      </trkpt>
      <trkpt lat="57.3728090" lon="-2.0724990">
        <name>Market Hill</name>
      </trkpt>
      <trkpt lat="57.3727700" lon="-2.0724060">
        <name>Market Hill</name>
      </trkpt>
      <trkpt lat="57.3727310" lon="-2.0723130">
        <name>Market Hill</name>
      </trkpt>
      <trkpt lat="57.3726920" lon="-2.0722200">
        <name>Market Hill</name>
      </trkpt>
      <trkpt lat="57.3726405" lon="-2.0720930">
        <name>Market Hill</name>
      </trkpt>
      <trkpt lat="57.3725890" lon="-2.0719660">
        <name>Market Hill</name>
      </trkpt>
      <trkpt lat="57.3725375" lon="-2.0718390">
        <name>Market Hill</name>
      </trkpt>
      <trkpt lat="57.3724860" lon="-2.0717120">
        <name>Market Hill</name>
      </trkpt>
      <trkpt lat="57.3724345" lon="-2.0715850">
        <name>Market Hill</name>
      </trkpt>
      <trkpt lat="57.3723830" lon="-2.0714580">
        <name>Market Hill</name>
      </trkpt>
      <trkpt lat="57.3723270" lon="-2.0713350">
        <name>Market Hill</name>
      </trkpt>
      <trkpt lat="57.3722710" lon="-2.0712120">
        <name>Market Hill</name>
      </trkpt>
      <trkpt lat="57.3722150" lon="-2.0710890">
        <name>Market Hill</name>
      </trkpt>
      <trkpt lat="57.3721707" lon="-2.0709920">
        <name>Market Hill</name>
      </trkpt>
      <trkpt lat="57.3721263" lon="-2.0708950">
        <name>Market Hill</name>
      </trkpt>
      <trkpt lat="57.3720820" lon="-2.0707980">
        <name>Market Hill</name>
      </trkpt>
      <trkpt lat="57.3720190" lon="-2.0707010">
        <name>Market Hill</name>
      </trkpt>
      <trkpt lat="57.3719560" lon="-2.0706040">
        <name>Market Hill</name>
      </trkpt>
      <trkpt lat="57.3719010" lon="-2.0705510">
        <name>Market Brae</name>
      </trkpt>
      <trkpt lat="57.3718460" lon="-2.0704980">
        <name>Market Brae</name>
      </trkpt>
      <trkpt lat="57.3717945" lon="-2.0704650">
        <name>Market Brae</name>
      </trkpt>
      <trkpt lat="57.3717430" lon="-2.0704320">
        <name>Market Brae</name>
      </trkpt>
      <trkpt lat="57.3716885" lon="-2.0704150">
        <name>Market Brae</name>
      </trkpt>
      <trkpt lat="57.3716340" lon="-2.0703980">
        <name>Market Brae</name>
      </trkpt>
      <trkpt lat="57.3715685" lon="-2.0703955">
        <name>Market Brae</name>
      </trkpt>
      <trkpt lat="57.3715030" lon="-2.0703930">
        <name>Market Brae</name>
      </trkpt>
      <trkpt lat="57.3714860" lon="-2.0703940">
        <name>Market Brae</name>
      </trkpt>
      <trkpt lat="57.3714050" lon="-2.0704010">
        <name>Market Brae</name>
      </trkpt>
      <trkpt lat="57.3713240" lon="-2.0704080">
        <name>Market Brae</name>
      </trkpt>
      <trkpt lat="57.3712430" lon="-2.0704150">
        <name>Market Brae</name>
      </trkpt>
      <trkpt lat="57.3711620" lon="-2.0704220">
        <name>Market Brae</name>
      </trkpt>
      <trkpt lat="57.3710810" lon="-2.0704290">
        <name>Market Brae</name>
      </trkpt>
      <trkpt lat="57.3710000" lon="-2.0704360">
        <name>Market Brae</name>
      </trkpt>
      <trkpt lat="57.3709400" lon="-2.0704530">
        <name>Market Brae</name>
      </trkpt>
      <trkpt lat="57.3708800" lon="-2.0704700">
        <name>Market Brae</name>
      </trkpt>
      <trkpt lat="57.3707990" lon="-2.0705180">
        <name>Market Brae</name>
      </trkpt>
      <trkpt lat="57.3707710" lon="-2.0704320">
        <name>Market Brae</name>
      </trkpt>
      <trkpt lat="57.3707560" lon="-2.0703325">
        <name>Market Brae</name>
      </trkpt>
      <trkpt lat="57.3707410" lon="-2.0702330">
        <name>Market Brae</name>
      </trkpt>
      <trkpt lat="57.3707355" lon="-2.0701000">
        <name>Market Brae</name>
      </trkpt>
      <trkpt lat="57.3707300" lon="-2.0699670">
        <name>Market Brae</name>
      </trkpt>
      <trkpt lat="57.3707330" lon="-2.0698890">
        <name>Market Brae</name>
      </trkpt>
      <trkpt lat="57.3707340" lon="-2.0697643">
        <name>Carolines Crescent</name>
      </trkpt>
      <trkpt lat="57.3707350" lon="-2.0696397">
        <name>Carolines Crescent</name>
      </trkpt>
      <trkpt lat="57.3707360" lon="-2.0695150">
        <name>Carolines Crescent</name>
      </trkpt>
      <trkpt lat="57.3707345" lon="-2.0693900">
        <name>Carolines Crescent</name>
      </trkpt>
      <trkpt lat="57.3707330" lon="-2.0692650">
        <name>Carolines Crescent</name>
      </trkpt>
      <trkpt lat="57.3708090" lon="-2.0692520">
        <name>Carolines Crescent</name>
      </trkpt>
      <trkpt lat="57.3708910" lon="-2.0692355">
        <name>Carolines Crescent</name>
      </trkpt>
      <trkpt lat="57.3709730" lon="-2.0692190">
        <name>Carolines Crescent</name>
      </trkpt>
      <trkpt lat="57.3710625" lon="-2.0692120">
        <name>Carolines Crescent</name>
      </trkpt>
      <trkpt lat="57.3711520" lon="-2.0692050">
        <name>Carolines Crescent</name>
      </trkpt>
      <trkpt lat="57.3711810" lon="-2.0692030">
        <name>Carolines Crescent</name>
      </trkpt>
      <trkpt lat="57.3712400" lon="-2.0691840">
        <name>Carolines Crescent</name>
      </trkpt>
      <trkpt lat="57.3713157" lon="-2.0691443">
        <name>Carolines Crescent</name>
      </trkpt>
      <trkpt lat="57.3713913" lon="-2.0691047">
        <name>Carolines Crescent</name>
      </trkpt>
      <trkpt lat="57.3714670" lon="-2.0690650">
        <name>Carolines Crescent</name>
      </trkpt>
      <trkpt lat="57.3715230" lon="-2.0690400">
        <name>Carolines Crescent</name>
      </trkpt>
      <trkpt lat="57.3715790" lon="-2.0690150">
        <name>Carolines Crescent</name>
      </trkpt>
      <trkpt lat="57.3715230" lon="-2.0690400">
        <name>Carolines Crescent</name>
      </trkpt>
      <trkpt lat="57.3714670" lon="-2.0690650">
        <name>Carolines Crescent</name>
      </trkpt>
      <trkpt lat="57.3713913" lon="-2.0691047">
        <name>Carolines Crescent</name>
      </trkpt>
      <trkpt lat="57.3713157" lon="-2.0691443">
        <name>Carolines Crescent</name>
      </trkpt>
      <trkpt lat="57.3712400" lon="-2.0691840">
        <name>Carolines Crescent</name>
      </trkpt>
      <trkpt lat="57.3711810" lon="-2.0692030">
        <name>Carolines Crescent</name>
      </trkpt>
      <trkpt lat="57.3711117" lon="-2.0692083">
        <name>Carolines Crescent</name>
      </trkpt>
      <trkpt lat="57.3710423" lon="-2.0692137">
        <name>Carolines Crescent</name>
      </trkpt>
      <trkpt lat="57.3709730" lon="-2.0692190">
        <name>Carolines Crescent</name>
      </trkpt>
      <trkpt lat="57.3708910" lon="-2.0692355">
        <name>Carolines Crescent</name>
      </trkpt>
      <trkpt lat="57.3708090" lon="-2.0692520">
        <name>Carolines Crescent</name>
      </trkpt>
      <trkpt lat="57.3707330" lon="-2.0692650">
        <name>Carolines Crescent</name>
      </trkpt>
      <trkpt lat="57.3707140" lon="-2.0691100">
        <name>Carolines Crescent</name>
      </trkpt>
      <trkpt lat="57.3706860" lon="-2.0689990">
        <name>Carolines Crescent</name>
      </trkpt>
      <trkpt lat="57.3706430" lon="-2.0688730">
        <name>Carolines Crescent</name>
      </trkpt>
      <trkpt lat="57.3706100" lon="-2.0688070">
        <name>Carolines Crescent</name>
      </trkpt>
      <trkpt lat="57.3705770" lon="-2.0687410">
        <name>Carolines Crescent</name>
      </trkpt>
      <trkpt lat="57.3705400" lon="-2.0686280">
        <name>Carolines Crescent</name>
      </trkpt>
      <trkpt lat="57.3705030" lon="-2.0685150">
        <name>Carolines Crescent</name>
      </trkpt>
      <trkpt lat="57.3704950" lon="-2.0684660">
        <name>Carolines Crescent</name>
      </trkpt>
      <trkpt lat="57.3704720" lon="-2.0683330">
        <name>Carolines Crescent</name>
      </trkpt>
      <trkpt lat="57.3705537" lon="-2.0683000">
        <name>Carolines Crescent</name>
      </trkpt>
      <trkpt lat="57.3706353" lon="-2.0682670">
        <name>Carolines Crescent</name>
      </trkpt>
      <trkpt lat="57.3707170" lon="-2.0682340">
        <name>Carolines Crescent</name>
      </trkpt>
      <trkpt lat="57.3707635" lon="-2.0682145">
        <name>Carolines Crescent</name>
      </trkpt>
      <trkpt lat="57.3708100" lon="-2.0681950">
        <name>Carolines Crescent</name>
      </trkpt>
      <trkpt lat="57.3708600" lon="-2.0681605">
        <name>Carolines Crescent</name>
      </trkpt>
      <trkpt lat="57.3709100" lon="-2.0681260">
        <name>Carolines Crescent</name>
      </trkpt>
      <trkpt lat="57.3709680" lon="-2.0680920">
        <name>Carolines Crescent</name>
      </trkpt>
      <trkpt lat="57.3710100" lon="-2.0680770">
        <name>Carolines Crescent</name>
      </trkpt>
      <trkpt lat="57.3710660" lon="-2.0680670">
        <name>Carolines Crescent</name>
      </trkpt>
      <trkpt lat="57.3711493" lon="-2.0680658">
        <name>Carolines Crescent</name>
      </trkpt>
      <trkpt lat="57.3712325" lon="-2.0680645">
        <name>Carolines Crescent</name>
      </trkpt>
      <trkpt lat="57.3713157" lon="-2.0680632">
        <name>Carolines Crescent</name>
      </trkpt>
      <trkpt lat="57.3713990" lon="-2.0680620">
        <name>Carolines Crescent</name>
      </trkpt>
      <trkpt lat="57.3714480" lon="-2.0680615">
        <name>Carolines Crescent</name>
      </trkpt>
      <trkpt lat="57.3714970" lon="-2.0680610">
        <name>Carolines Crescent</name>
      </trkpt>
      <trkpt lat="57.3714480" lon="-2.0680615">
        <name>Carolines Crescent</name>
      </trkpt>
      <trkpt lat="57.3713990" lon="-2.0680620">
        <name>Carolines Crescent</name>
      </trkpt>
      <trkpt lat="57.3713157" lon="-2.0680632">
        <name>Carolines Crescent</name>
      </trkpt>
      <trkpt lat="57.3712325" lon="-2.0680645">
        <name>Carolines Crescent</name>
      </trkpt>
      <trkpt lat="57.3711493" lon="-2.0680658">
        <name>Carolines Crescent</name>
      </trkpt>
      <trkpt lat="57.3710660" lon="-2.0680670">
        <name>Carolines Crescent</name>
      </trkpt>
      <trkpt lat="57.3710100" lon="-2.0680770">
        <name>Carolines Crescent</name>
      </trkpt>
      <trkpt lat="57.3709680" lon="-2.0680920">
        <name>Carolines Crescent</name>
      </trkpt>
      <trkpt lat="57.3709100" lon="-2.0681260">
        <name>Carolines Crescent</name>
      </trkpt>
      <trkpt lat="57.3708600" lon="-2.0681605">
        <name>Carolines Crescent</name>
      </trkpt>
      <trkpt lat="57.3708100" lon="-2.0681950">
        <name>Carolines Crescent</name>
      </trkpt>
      <trkpt lat="57.3707635" lon="-2.0682145">
        <name>Carolines Crescent</name>
      </trkpt>
      <trkpt lat="57.3707170" lon="-2.0682340">
        <name>Carolines Crescent</name>
      </trkpt>
      <trkpt lat="57.3706353" lon="-2.0682670">
        <name>Carolines Crescent</name>
      </trkpt>
      <trkpt lat="57.3705537" lon="-2.0683000">
        <name>Carolines Crescent</name>
      </trkpt>
      <trkpt lat="57.3704720" lon="-2.0683330">
        <name>Carolines Crescent</name>
      </trkpt>
      <trkpt lat="57.3704645" lon="-2.0682250">
        <name>Carolines Crescent</name>
      </trkpt>
      <trkpt lat="57.3704570" lon="-2.0681170">
        <name>Carolines Crescent</name>
      </trkpt>
      <trkpt lat="57.3704560" lon="-2.0680250">
        <name>Carolines Crescent</name>
      </trkpt>
      <trkpt lat="57.3704550" lon="-2.0679330">
        <name>Carolines Crescent</name>
      </trkpt>
      <trkpt lat="57.3704575" lon="-2.0678375">
        <name>Carolines Crescent</name>
      </trkpt>
      <trkpt lat="57.3704600" lon="-2.0677420">
        <name>Carolines Crescent</name>
      </trkpt>
      <trkpt lat="57.3704690" lon="-2.0676075">
        <name>Carolines Crescent</name>
      </trkpt>
      <trkpt lat="57.3704780" lon="-2.0674730">
        <name>Carolines Crescent</name>
      </trkpt>
      <trkpt lat="57.3705030" lon="-2.0673780">
        <name>Carolines Crescent</name>
      </trkpt>
      <trkpt lat="57.3705280" lon="-2.0672850">
        <name>Carolines Crescent</name>
      </trkpt>
      <trkpt lat="57.3705650" lon="-2.0672080">
        <name>Carolines Crescent</name>
      </trkpt>
      <trkpt lat="57.3706180" lon="-2.0670950">
        <name>Carolines Crescent</name>
      </trkpt>
      <trkpt lat="57.3706610" lon="-2.0670320">
        <name>Market Brae</name>
      </trkpt>
      <trkpt lat="57.3707040" lon="-2.0669690">
        <name>Market Brae</name>
      </trkpt>
      <trkpt lat="57.3707580" lon="-2.0669230">
        <name>Market Brae</name>
      </trkpt>
      <trkpt lat="57.3708060" lon="-2.0668830">
        <name>Market Brae</name>
      </trkpt>
      <trkpt lat="57.3708520" lon="-2.0668655">
        <name>Market Brae</name>
      </trkpt>
      <trkpt lat="57.3708980" lon="-2.0668480">
        <name>Market Brae</name>
      </trkpt>
      <trkpt lat="57.3709470" lon="-2.0668470">
        <name>Market Brae</name>
      </trkpt>
      <trkpt lat="57.3709960" lon="-2.0668460">
        <name>Market Brae</name>
      </trkpt>
      <trkpt lat="57.3710625" lon="-2.0668660">
        <name>Market Brae</name>
      </trkpt>
      <trkpt lat="57.3711290" lon="-2.0668860">
        <name>Market Brae</name>
      </trkpt>
      <trkpt lat="57.3712065" lon="-2.0669030">
        <name>Market Brae</name>
      </trkpt>
      <trkpt lat="57.3712840" lon="-2.0669200">
        <name>Market Brae</name>
      </trkpt>
      <trkpt lat="57.3713480" lon="-2.0669220">
        <name>Market Brae</name>
      </trkpt>
      <trkpt lat="57.3714120" lon="-2.0669240">
        <name>Market Brae</name>
      </trkpt>
      <trkpt lat="57.3714760" lon="-2.0669260">
        <name>Market Brae</name>
      </trkpt>
      <trkpt lat="57.3715655" lon="-2.0669145">
        <name>Market Brae</name>
      </trkpt>
      <trkpt lat="57.3716550" lon="-2.0669030">
        <name>Market Brae</name>
      </trkpt>
      <trkpt lat="57.3716710" lon="-2.0669010">
        <name>Market Brae</name>
      </trkpt>
      <trkpt lat="57.3716550" lon="-2.0669030">
        <name>Market Brae</name>
      </trkpt>
      <trkpt lat="57.3716540" lon="-2.0668030">
        <name>Woodlands Edge</name>
      </trkpt>
      <trkpt lat="57.3716537" lon="-2.0666470">
        <name>Woodlands Edge</name>
      </trkpt>
      <trkpt lat="57.3716533" lon="-2.0664910">
        <name>Woodlands Edge</name>
      </trkpt>
      <trkpt lat="57.3716530" lon="-2.0663350">
        <name>Woodlands Edge</name>
      </trkpt>
      <trkpt lat="57.3716533" lon="-2.0661850">
        <name>Woodlands Edge</name>
      </trkpt>
      <trkpt lat="57.3716537" lon="-2.0660350">
        <name>Woodlands Edge</name>
      </trkpt>
      <trkpt lat="57.3716540" lon="-2.0658850">
        <name>Woodlands Edge</name>
      </trkpt>
      <trkpt lat="57.3716543" lon="-2.0657350">
        <name>Woodlands Edge</name>
      </trkpt>
      <trkpt lat="57.3716547" lon="-2.0655850">
        <name>Woodlands Edge</name>
      </trkpt>
      <trkpt lat="57.3716550" lon="-2.0654350">
        <name>Woodlands Edge</name>
      </trkpt>
      <trkpt lat="57.3716560" lon="-2.0653040">
        <name>Woodlands Edge</name>
      </trkpt>
      <trkpt lat="57.3716527" lon="-2.0651750">
        <name>Woodlands Edge</name>
      </trkpt>
      <trkpt lat="57.3716493" lon="-2.0650460">
        <name>Woodlands Edge</name>
      </trkpt>
      <trkpt lat="57.3716460" lon="-2.0649170">
        <name>Woodlands Edge</name>
      </trkpt>
      <trkpt lat="57.3716485" lon="-2.0648090">
        <name>Woodlands Edge</name>
      </trkpt>
      <trkpt lat="57.3716510" lon="-2.0647010">
        <name>Woodlands Edge</name>
      </trkpt>
      <trkpt lat="57.3716550" lon="-2.0645850">
        <name>Woodlands Edge</name>
      </trkpt>
      <trkpt lat="57.3716470" lon="-2.0645150">
        <name>Woodlands Edge</name>
      </trkpt>
      <trkpt lat="57.3716480" lon="-2.0644030">
        <name>Woodlands Edge</name>
      </trkpt>
      <trkpt lat="57.3715785" lon="-2.0644020">
        <name>Woodlands Edge</name>
      </trkpt>
      <trkpt lat="57.3715090" lon="-2.0644010">
        <name>Woodlands Edge</name>
      </trkpt>
      <trkpt lat="57.3714620" lon="-2.0644005">
        <name>Knockothie Brae</name>
      </trkpt>
      <trkpt lat="57.3714150" lon="-2.0644000">
        <name>Knockothie Brae</name>
      </trkpt>
      <trkpt lat="57.3713342" lon="-2.0643997">
        <name>Knockothie Brae</name>
      </trkpt>
      <trkpt lat="57.3712533" lon="-2.0643993">
        <name>Knockothie Brae</name>
      </trkpt>
      <trkpt lat="57.3711725" lon="-2.0643990">
        <name>Knockothie Brae</name>
      </trkpt>
      <trkpt lat="57.3710917" lon="-2.0643987">
        <name>Knockothie Brae</name>
      </trkpt>
      <trkpt lat="57.3710108" lon="-2.0643983">
        <name>Knockothie Brae</name>
      </trkpt>
      <trkpt lat="57.3709300" lon="-2.0643980">
        <name>Knockothie Brae</name>
      </trkpt>
      <trkpt lat="57.3708410" lon="-2.0643770">
        <name>Knockothie Brae</name>
      </trkpt>
      <trkpt lat="57.3707940" lon="-2.0643370">
        <name>Knockothie Brae</name>
      </trkpt>
      <trkpt lat="57.3707530" lon="-2.0642800">
        <name>Knockothie Brae</name>
      </trkpt>
      <trkpt lat="57.3707170" lon="-2.0641965">
        <name>Knockothie Brae</name>
      </trkpt>
      <trkpt lat="57.3706810" lon="-2.0641130">
        <name>Knockothie Brae</name>
      </trkpt>
      <trkpt lat="57.3706340" lon="-2.0639775">
        <name>Woodlands Edge</name>
      </trkpt>
      <trkpt lat="57.3705870" lon="-2.0638420">
        <name>Woodlands Edge</name>
      </trkpt>
      <trkpt lat="57.3705525" lon="-2.0637085">
        <name>Woodlands Edge</name>
      </trkpt>
      <trkpt lat="57.3705180" lon="-2.0635750">
        <name>Woodlands Edge</name>
      </trkpt>
      <trkpt lat="57.3705050" lon="-2.0635050">
        <name>Woodlands Edge</name>
      </trkpt>
      <trkpt lat="57.3704950" lon="-2.0634510">
        <name>Woodlands Edge</name>
      </trkpt>
      <trkpt lat="57.3705480" lon="-2.0634190">
        <name>Woodlands Edge</name>
      </trkpt>
      <trkpt lat="57.3705990" lon="-2.0633890">
        <name>Woodlands Edge</name>
      </trkpt>
      <trkpt lat="57.3706750" lon="-2.0633500">
        <name>Woodlands Edge</name>
      </trkpt>
      <trkpt lat="57.3707530" lon="-2.0633300">
        <name>Woodlands Edge</name>
      </trkpt>
      <trkpt lat="57.3708310" lon="-2.0633210">
        <name>Woodlands Edge</name>
      </trkpt>
      <trkpt lat="57.3709190" lon="-2.0633240">
        <name>Woodlands Edge</name>
      </trkpt>
      <trkpt lat="57.3710016" lon="-2.0633258">
        <name>Woodlands Edge</name>
      </trkpt>
      <trkpt lat="57.3710842" lon="-2.0633276">
        <name>Woodlands Edge</name>
      </trkpt>
      <trkpt lat="57.3711668" lon="-2.0633294">
        <name>Woodlands Edge</name>
      </trkpt>
      <trkpt lat="57.3712494" lon="-2.0633312">
        <name>Woodlands Edge</name>
      </trkpt>
      <trkpt lat="57.3713320" lon="-2.0633330">
        <name>Woodlands Edge</name>
      </trkpt>
      <trkpt lat="57.3713320" lon="-2.0633910">
        <name>Woodlands Edge</name>
      </trkpt>
      <trkpt lat="57.3713320" lon="-2.0633330">
        <name>Woodlands Edge</name>
      </trkpt>
      <trkpt lat="57.3712494" lon="-2.0633312">
        <name>Woodlands Edge</name>
      </trkpt>
      <trkpt lat="57.3711668" lon="-2.0633294">
        <name>Woodlands Edge</name>
      </trkpt>
      <trkpt lat="57.3710842" lon="-2.0633276">
        <name>Woodlands Edge</name>
      </trkpt>
      <trkpt lat="57.3710016" lon="-2.0633258">
        <name>Woodlands Edge</name>
      </trkpt>
      <trkpt lat="57.3709190" lon="-2.0633240">
        <name>Woodlands Edge</name>
      </trkpt>
      <trkpt lat="57.3708310" lon="-2.0633210">
        <name>Woodlands Edge</name>
      </trkpt>
      <trkpt lat="57.3707530" lon="-2.0633300">
        <name>Woodlands Edge</name>
      </trkpt>
      <trkpt lat="57.3706750" lon="-2.0633500">
        <name>Woodlands Edge</name>
      </trkpt>
      <trkpt lat="57.3705990" lon="-2.0633890">
        <name>Woodlands Edge</name>
      </trkpt>
      <trkpt lat="57.3705480" lon="-2.0634190">
        <name>Woodlands Edge</name>
      </trkpt>
      <trkpt lat="57.3704950" lon="-2.0634510">
        <name>Woodlands Edge</name>
      </trkpt>
      <trkpt lat="57.3704773" lon="-2.0633377">
        <name>Woodlands Edge</name>
      </trkpt>
      <trkpt lat="57.3704597" lon="-2.0632243">
        <name>Woodlands Edge</name>
      </trkpt>
      <trkpt lat="57.3704420" lon="-2.0631110">
        <name>Woodlands Edge</name>
      </trkpt>
      <trkpt lat="57.3704360" lon="-2.0629965">
        <name>Woodlands Edge</name>
      </trkpt>
      <trkpt lat="57.3704300" lon="-2.0628820">
        <name>Woodlands Edge</name>
      </trkpt>
      <trkpt lat="57.3704300" lon="-2.0627670">
        <name>Woodlands Edge</name>
      </trkpt>
      <trkpt lat="57.3704300" lon="-2.0626520">
        <name>Woodlands Edge</name>
      </trkpt>
      <trkpt lat="57.3704350" lon="-2.0625060">
        <name>Woodlands Drive</name>
      </trkpt>
      <trkpt lat="57.3704400" lon="-2.0623600">
        <name>Woodlands Drive</name>
      </trkpt>
      <trkpt lat="57.3704450" lon="-2.0622140">
        <name>Woodlands Drive</name>
      </trkpt>
      <trkpt lat="57.3705153" lon="-2.0622220">
        <name>Woodlands Drive</name>
      </trkpt>
      <trkpt lat="57.3705857" lon="-2.0622300">
        <name>Woodlands Drive</name>
      </trkpt>
      <trkpt lat="57.3706560" lon="-2.0622380">
        <name>Woodlands Drive</name>
      </trkpt>
      <trkpt lat="57.3707412" lon="-2.0622488">
        <name>Woodlands Drive</name>
      </trkpt>
      <trkpt lat="57.3708264" lon="-2.0622596">
        <name>Woodlands Drive</name>
      </trkpt>
      <trkpt lat="57.3709116" lon="-2.0622704">
        <name>Woodlands Drive</name>
      </trkpt>
      <trkpt lat="57.3709968" lon="-2.0622812">
        <name>Woodlands Drive</name>
      </trkpt>
      <trkpt lat="57.3710820" lon="-2.0622920">
        <name>Woodlands Drive</name>
      </trkpt>
      <trkpt lat="57.3711405" lon="-2.0622870">
        <name>Woodlands Drive</name>
      </trkpt>
      <trkpt lat="57.3711990" lon="-2.0622820">
        <name>Woodlands Drive</name>
      </trkpt>
      <trkpt lat="57.3712575" lon="-2.0622845">
        <name>Woodlands Drive</name>
      </trkpt>
      <trkpt lat="57.3713160" lon="-2.0622870">
        <name>Woodlands Drive</name>
      </trkpt>
      <trkpt lat="57.3713750" lon="-2.0622875">
        <name>Woodlands Drive</name>
      </trkpt>
      <trkpt lat="57.3714340" lon="-2.0622880">
        <name>Woodlands Drive</name>
      </trkpt>
      <trkpt lat="57.3713750" lon="-2.0622875">
        <name>Woodlands Drive</name>
      </trkpt>
      <trkpt lat="57.3713160" lon="-2.0622870">
        <name>Woodlands Drive</name>
      </trkpt>
      <trkpt lat="57.3712575" lon="-2.0622845">
        <name>Woodlands Drive</name>
      </trkpt>
      <trkpt lat="57.3711990" lon="-2.0622820">
        <name>Woodlands Drive</name>
      </trkpt>
      <trkpt lat="57.3711405" lon="-2.0622870">
        <name>Woodlands Drive</name>
      </trkpt>
      <trkpt lat="57.3710820" lon="-2.0622920">
        <name>Woodlands Drive</name>
      </trkpt>
      <trkpt lat="57.3709968" lon="-2.0622812">
        <name>Woodlands Drive</name>
      </trkpt>
      <trkpt lat="57.3709116" lon="-2.0622704">
        <name>Woodlands Drive</name>
      </trkpt>
      <trkpt lat="57.3708264" lon="-2.0622596">
        <name>Woodlands Drive</name>
      </trkpt>
      <trkpt lat="57.3707412" lon="-2.0622488">
        <name>Woodlands Drive</name>
      </trkpt>
      <trkpt lat="57.3706560" lon="-2.0622380">
        <name>Woodlands Drive</name>
      </trkpt>
      <trkpt lat="57.3705857" lon="-2.0622300">
        <name>Beech Avenue</name>
      </trkpt>
      <trkpt lat="57.3705153" lon="-2.0622220">
        <name>Beech Avenue</name>
      </trkpt>
      <trkpt lat="57.3704450" lon="-2.0622140">
        <name>Beech Avenue</name>
      </trkpt>
      <trkpt lat="57.3704453" lon="-2.0620553">
        <name>Beech Avenue</name>
      </trkpt>
      <trkpt lat="57.3704456" lon="-2.0618966">
        <name>Beech Avenue</name>
      </trkpt>
      <trkpt lat="57.3704459" lon="-2.0617379">
        <name>Beech Avenue</name>
      </trkpt>
      <trkpt lat="57.3704461" lon="-2.0615791">
        <name>Beech Avenue</name>
      </trkpt>
      <trkpt lat="57.3704464" lon="-2.0614204">
        <name>Beech Avenue</name>
      </trkpt>
      <trkpt lat="57.3704467" lon="-2.0612617">
        <name>Beech Avenue</name>
      </trkpt>
      <trkpt lat="57.3704470" lon="-2.0611030">
        <name>Beech Avenue</name>
      </trkpt>
      <trkpt lat="57.3704610" lon="-2.0610050">
        <name>Beech Avenue</name>
      </trkpt>
      <trkpt lat="57.3704910" lon="-2.0609200">
        <name>Beech Avenue</name>
      </trkpt>
      <trkpt lat="57.3705190" lon="-2.0608690">
        <name>Beech Avenue</name>
      </trkpt>
      <trkpt lat="57.3705380" lon="-2.0608330">
        <name>Beech Avenue</name>
      </trkpt>
      <trkpt lat="57.3705910" lon="-2.0607760">
        <name>Beech Avenue</name>
      </trkpt>
      <trkpt lat="57.3706545" lon="-2.0607080">
        <name>Beech Avenue</name>
      </trkpt>
      <trkpt lat="57.3707180" lon="-2.0606400">
        <name>Beech Avenue</name>
      </trkpt>
      <trkpt lat="57.3707745" lon="-2.0605690">
        <name>Beech Avenue</name>
      </trkpt>
      <trkpt lat="57.3708310" lon="-2.0604980">
        <name>Beech Avenue</name>
      </trkpt>
      <trkpt lat="57.3708680" lon="-2.0604270">
        <name>Beech Avenue</name>
      </trkpt>
      <trkpt lat="57.3709050" lon="-2.0603560">
        <name>Beech Avenue</name>
      </trkpt>
      <trkpt lat="57.3709430" lon="-2.0602660">
        <name>Beech Avenue</name>
      </trkpt>
      <trkpt lat="57.3709810" lon="-2.0601760">
        <name>Beech Avenue</name>
      </trkpt>
      <trkpt lat="57.3710180" lon="-2.0600970">
        <name>Beech Avenue</name>
      </trkpt>
      <trkpt lat="57.3710850" lon="-2.0599910">
        <name>Beech Avenue</name>
      </trkpt>
      <trkpt lat="57.3711490" lon="-2.0599020">
        <name>Beech Avenue</name>
      </trkpt>
      <trkpt lat="57.3712130" lon="-2.0598130">
        <name>Beech Avenue</name>
      </trkpt>
      <trkpt lat="57.3712780" lon="-2.0597390">
        <name>Beech Avenue</name>
      </trkpt>
      <trkpt lat="57.3713470" lon="-2.0596770">
        <name>Beech Avenue</name>
      </trkpt>
      <trkpt lat="57.3713930" lon="-2.0596415">
        <name>Beech Avenue</name>
      </trkpt>
      <trkpt lat="57.3714390" lon="-2.0596060">
        <name>Beech Avenue</name>
      </trkpt>
      <trkpt lat="57.3714925" lon="-2.0595720">
        <name>Beech Avenue</name>
      </trkpt>
      <trkpt lat="57.3715460" lon="-2.0595380">
        <name>Beech Avenue</name>
      </trkpt>
      <trkpt lat="57.3716060" lon="-2.0595140">
        <name>Beech Avenue</name>
      </trkpt>
      <trkpt lat="57.3716660" lon="-2.0594900">
        <name>Beech Avenue</name>
      </trkpt>
      <trkpt lat="57.3717490" lon="-2.0594820">
        <name>Beech Avenue</name>
      </trkpt>
      <trkpt lat="57.3718200" lon="-2.0594813">
        <name>Woodlands Drive</name>
      </trkpt>
      <trkpt lat="57.3718910" lon="-2.0594805">
        <name>Woodlands Drive</name>
      </trkpt>
      <trkpt lat="57.3719620" lon="-2.0594797">
        <name>Woodlands Drive</name>
      </trkpt>
      <trkpt lat="57.3720330" lon="-2.0594790">
        <name>Woodlands Drive</name>
      </trkpt>
      <trkpt lat="57.3720330" lon="-2.0594970">
        <name>Woodlands Drive</name>
      </trkpt>
      <trkpt lat="57.3720329" lon="-2.0596577">
        <name>Woodlands Drive</name>
      </trkpt>
      <trkpt lat="57.3720327" lon="-2.0598184">
        <name>Woodlands Drive</name>
      </trkpt>
      <trkpt lat="57.3720326" lon="-2.0599791">
        <name>Woodlands Drive</name>
      </trkpt>
      <trkpt lat="57.3720324" lon="-2.0601399">
        <name>Woodlands Drive</name>
      </trkpt>
      <trkpt lat="57.3720323" lon="-2.0603006">
        <name>Woodlands Drive</name>
      </trkpt>
      <trkpt lat="57.3720321" lon="-2.0604613">
        <name>Woodlands Drive</name>
      </trkpt>
      <trkpt lat="57.3720320" lon="-2.0606220">
        <name>Woodlands Drive</name>
      </trkpt>
      <trkpt lat="57.3719900" lon="-2.0606170">
        <name>Woodlands Drive</name>
      </trkpt>
      <trkpt lat="57.3719200" lon="-2.0606080">
        <name>Woodlands Drive</name>
      </trkpt>
      <trkpt lat="57.3718415" lon="-2.0606120">
        <name>Woodlands Drive</name>
      </trkpt>
      <trkpt lat="57.3717630" lon="-2.0606160">
        <name>Woodlands Drive</name>
      </trkpt>
      <trkpt lat="57.3717140" lon="-2.0606405">
        <name>Woodlands Drive</name>
      </trkpt>
      <trkpt lat="57.3716650" lon="-2.0606650">
        <name>Woodlands Drive</name>
      </trkpt>
      <trkpt lat="57.3716100" lon="-2.0607175">
        <name>Woodlands Drive</name>
      </trkpt>
      <trkpt lat="57.3715550" lon="-2.0607700">
        <name>Woodlands Drive</name>
      </trkpt>
      <trkpt lat="57.3715170" lon="-2.0608170">
        <name>Woodlands Drive</name>
      </trkpt>
      <trkpt lat="57.3714740" lon="-2.0608900">
        <name>Woodlands Drive</name>
      </trkpt>
      <trkpt lat="57.3714395" lon="-2.0609660">
        <name>Woodlands Drive</name>
      </trkpt>
      <trkpt lat="57.3714050" lon="-2.0610420">
        <name>Woodlands Drive</name>
      </trkpt>
      <trkpt lat="57.3713570" lon="-2.0611620">
        <name>Birch Grove</name>
      </trkpt>
      <trkpt lat="57.3713280" lon="-2.0612630">
        <name>Birch Grove</name>
      </trkpt>
      <trkpt lat="57.3712490" lon="-2.0612330">
        <name>Birch Grove</name>
      </trkpt>
      <trkpt lat="57.3711635" lon="-2.0612305">
        <name>Birch Grove</name>
      </trkpt>
      <trkpt lat="57.3710780" lon="-2.0612280">
        <name>Birch Grove</name>
      </trkpt>
      <trkpt lat="57.3709925" lon="-2.0612255">
        <name>Birch Grove</name>
      </trkpt>
      <trkpt lat="57.3709070" lon="-2.0612230">
        <name>Birch Grove</name>
      </trkpt>
      <trkpt lat="57.3708615" lon="-2.0612135">
        <name>Birch Grove</name>
      </trkpt>
      <trkpt lat="57.3708160" lon="-2.0612040">
        <name>Birch Grove</name>
      </trkpt>
      <trkpt lat="57.3707520" lon="-2.0611770">
        <name>Birch Grove</name>
      </trkpt>
      <trkpt lat="57.3707050" lon="-2.0611360">
        <name>Birch Grove</name>
      </trkpt>
      <trkpt lat="57.3706620" lon="-2.0610760">
        <name>Birch Grove</name>
      </trkpt>
      <trkpt lat="57.3706210" lon="-2.0610050">
        <name>Birch Grove</name>
      </trkpt>
      <trkpt lat="57.3706080" lon="-2.0609830">
        <name>Birch Grove</name>
      </trkpt>
      <trkpt lat="57.3705720" lon="-2.0609220">
        <name>Birch Grove</name>
      </trkpt>
      <trkpt lat="57.3705540" lon="-2.0608710">
        <name>Birch Grove</name>
      </trkpt>
      <trkpt lat="57.3705380" lon="-2.0608330">
        <name>Birch Grove</name>
      </trkpt>
      <trkpt lat="57.3705910" lon="-2.0607760">
        <name>Birch Grove</name>
      </trkpt>
      <trkpt lat="57.3706545" lon="-2.0607080">
        <name>Birch Grove</name>
      </trkpt>
      <trkpt lat="57.3707180" lon="-2.0606400">
        <name>Birch Grove</name>
      </trkpt>
      <trkpt lat="57.3707745" lon="-2.0605690">
        <name>Birch Grove</name>
      </trkpt>
      <trkpt lat="57.3708310" lon="-2.0604980">
        <name>Birch Grove</name>
      </trkpt>
      <trkpt lat="57.3708680" lon="-2.0604270">
        <name>Birch Grove</name>
      </trkpt>
      <trkpt lat="57.3709050" lon="-2.0603560">
        <name>Birch Grove</name>
      </trkpt>
      <trkpt lat="57.3709440" lon="-2.0602640">
        <name>Birch Grove</name>
      </trkpt>
      <trkpt lat="57.3709810" lon="-2.0601760">
        <name>Birch Grove</name>
      </trkpt>
      <trkpt lat="57.3710180" lon="-2.0600970">
        <name>Birch Grove</name>
      </trkpt>
      <trkpt lat="57.3710850" lon="-2.0599910">
        <name>Woodlands Drive</name>
      </trkpt>
      <trkpt lat="57.3711490" lon="-2.0599020">
        <name>Woodlands Drive</name>
      </trkpt>
      <trkpt lat="57.3712130" lon="-2.0598130">
        <name>Woodlands Drive</name>
      </trkpt>
      <trkpt lat="57.3712780" lon="-2.0597390">
        <name>Woodlands Drive</name>
      </trkpt>
      <trkpt lat="57.3713470" lon="-2.0596770">
        <name>Woodlands Drive</name>
      </trkpt>
      <trkpt lat="57.3713920" lon="-2.0596420">
        <name>Woodlands Drive</name>
      </trkpt>
      <trkpt lat="57.3714370" lon="-2.0596070">
        <name>Woodlands Drive</name>
      </trkpt>
      <trkpt lat="57.3714915" lon="-2.0595725">
        <name>Woodlands Drive</name>
      </trkpt>
      <trkpt lat="57.3715460" lon="-2.0595380">
        <name>Woodlands Drive</name>
      </trkpt>
      <trkpt lat="57.3716060" lon="-2.0595140">
        <name>Woodlands Drive</name>
      </trkpt>
      <trkpt lat="57.3716660" lon="-2.0594900">
        <name>Woodlands Drive</name>
      </trkpt>
      <trkpt lat="57.3717490" lon="-2.0594820">
        <name>Woodlands Drive</name>
      </trkpt>
      <trkpt lat="57.3717980" lon="-2.0594810">
        <name>Woodlands Drive</name>
      </trkpt>
      <trkpt lat="57.3718763" lon="-2.0594803">
        <name>Woodlands Drive</name>
      </trkpt>
      <trkpt lat="57.3719547" lon="-2.0594797">
        <name>Woodlands Drive</name>
      </trkpt>
      <trkpt lat="57.3720330" lon="-2.0594790">
        <name>Woodlands Drive</name>
      </trkpt>
      <trkpt lat="57.3720935" lon="-2.0594815">
        <name>Woodlands Drive</name>
      </trkpt>
      <trkpt lat="57.3721540" lon="-2.0594840">
        <name>Woodlands Drive</name>
      </trkpt>
      <trkpt lat="57.3722330" lon="-2.0594875">
        <name>Woodlands Drive</name>
      </trkpt>
      <trkpt lat="57.3723120" lon="-2.0594910">
        <name>Woodlands Drive</name>
      </trkpt>
      <trkpt lat="57.3723910" lon="-2.0594945">
        <name>Woodlands Drive</name>
      </trkpt>
      <trkpt lat="57.3724700" lon="-2.0594980">
        <name>Woodlands Drive</name>
      </trkpt>
      <trkpt lat="57.3725490" lon="-2.0595015">
        <name>Woodlands Drive</name>
      </trkpt>
      <trkpt lat="57.3726280" lon="-2.0595050">
        <name>Woodlands Drive</name>
      </trkpt>
      <trkpt lat="57.3726870" lon="-2.0595270">
        <name>Woodlands Drive</name>
      </trkpt>
      <trkpt lat="57.3727180" lon="-2.0595650">
        <name>Woodlands Drive</name>
      </trkpt>
      <trkpt lat="57.3727400" lon="-2.0595910">
        <name>Woodlands Drive</name>
      </trkpt>
      <trkpt lat="57.3727740" lon="-2.0596720">
        <name>Woodlands Drive</name>
      </trkpt>
      <trkpt lat="57.3728260" lon="-2.0596075">
        <name>Woodlands Drive</name>
      </trkpt>
      <trkpt lat="57.3728780" lon="-2.0595430">
        <name>Woodlands Drive</name>
      </trkpt>
      <trkpt lat="57.3729210" lon="-2.0595100">
        <name>Woodlands Drive</name>
      </trkpt>
      <trkpt lat="57.3729640" lon="-2.0594770">
        <name>Woodlands Drive</name>
      </trkpt>
      <trkpt lat="57.3730205" lon="-2.0594670">
        <name>Woodlands Drive</name>
      </trkpt>
      <trkpt lat="57.3730770" lon="-2.0594570">
        <name>Woodlands Drive</name>
      </trkpt>
      <trkpt lat="57.3731350" lon="-2.0594595">
        <name>Woodlands Drive</name>
      </trkpt>
      <trkpt lat="57.3731930" lon="-2.0594620">
        <name>Woodlands Drive</name>
      </trkpt>
      <trkpt lat="57.3732470" lon="-2.0594645">
        <name>Woodlands Drive</name>
      </trkpt>
      <trkpt lat="57.3733010" lon="-2.0594670">
        <name>Woodlands Drive</name>
      </trkpt>
      <trkpt lat="57.3733280" lon="-2.0594770">
        <name>Woodlands Drive</name>
      </trkpt>
      <trkpt lat="57.3733700" lon="-2.0594920">
        <name>Woodlands Drive</name>
      </trkpt>
      <trkpt lat="57.3734180" lon="-2.0595325">
        <name>Woodlands Drive</name>
      </trkpt>
      <trkpt lat="57.3734660" lon="-2.0595730">
        <name>Woodlands Drive</name>
      </trkpt>
      <trkpt lat="57.3735065" lon="-2.0597115">
        <name>Woodlands Drive</name>
      </trkpt>
      <trkpt lat="57.3735470" lon="-2.0598500">
        <name>Woodlands Drive</name>
      </trkpt>
      <trkpt lat="57.3735065" lon="-2.0597115">
        <name>Woodlands Drive</name>
      </trkpt>
      <trkpt lat="57.3734660" lon="-2.0595730">
        <name>Woodlands Drive</name>
      </trkpt>
      <trkpt lat="57.3734180" lon="-2.0595325">
        <name>Woodlands Drive</name>
      </trkpt>
      <trkpt lat="57.3733700" lon="-2.0594920">
        <name>Woodlands Drive</name>
      </trkpt>
      <trkpt lat="57.3733010" lon="-2.0594670">
        <name>Woodlands Drive</name>
      </trkpt>
      <trkpt lat="57.3732470" lon="-2.0594645">
        <name>Woodlands Drive</name>
      </trkpt>
      <trkpt lat="57.3731930" lon="-2.0594620">
        <name>Woodlands Drive</name>
      </trkpt>
      <trkpt lat="57.3731350" lon="-2.0594595">
        <name>Woodlands Drive</name>
      </trkpt>
      <trkpt lat="57.3730770" lon="-2.0594570">
        <name>Woodlands Drive</name>
      </trkpt>
      <trkpt lat="57.3730205" lon="-2.0594670">
      </trkpt>
      <trkpt lat="57.3729640" lon="-2.0594770">
      </trkpt>
      <trkpt lat="57.3729210" lon="-2.0595100">
      </trkpt>
      <trkpt lat="57.3728780" lon="-2.0595430">
      </trkpt>
      <trkpt lat="57.3728260" lon="-2.0596075">
      </trkpt>
      <trkpt lat="57.3727740" lon="-2.0596720">
      </trkpt>
      <trkpt lat="57.3727400" lon="-2.0595910">
      </trkpt>
      <trkpt lat="57.3727250" lon="-2.0595730">
      </trkpt>
      <trkpt lat="57.3727440" lon="-2.0596000">
      </trkpt>
      <trkpt lat="57.3727740" lon="-2.0596720">
      </trkpt>
      <trkpt lat="57.3728225" lon="-2.0598000">
      </trkpt>
      <trkpt lat="57.3728710" lon="-2.0599280">
      </trkpt>
      <trkpt lat="57.3729073" lon="-2.0600260">
      </trkpt>
      <trkpt lat="57.3729437" lon="-2.0601240">
      </trkpt>
      <trkpt lat="57.3729800" lon="-2.0602220">
      </trkpt>
      <trkpt lat="57.3729088" lon="-2.0603088">
        <name>Portsoy Crescent</name>
      </trkpt>
      <trkpt lat="57.3728376" lon="-2.0603956">
        <name>Portsoy Crescent</name>
      </trkpt>
      <trkpt lat="57.3727664" lon="-2.0604824">
        <name>Portsoy Crescent</name>
      </trkpt>
      <trkpt lat="57.3726952" lon="-2.0605692">
        <name>Portsoy Crescent</name>
      </trkpt>
      <trkpt lat="57.3726240" lon="-2.0606560">
        <name>Portsoy Crescent</name>
      </trkpt>
      <trkpt lat="57.3725880" lon="-2.0606710">
        <name>Portsoy Crescent</name>
      </trkpt>
      <trkpt lat="57.3725370" lon="-2.0606745">
        <name>Portsoy Crescent</name>
      </trkpt>
      <trkpt lat="57.3724860" lon="-2.0606780">
        <name>Portsoy Crescent</name>
      </trkpt>
      <trkpt lat="57.3724660" lon="-2.0606710">
        <name>Portsoy Crescent</name>
      </trkpt>
      <trkpt lat="57.3724860" lon="-2.0606780">
        <name>Portsoy Crescent</name>
      </trkpt>
      <trkpt lat="57.3725370" lon="-2.0606745">
        <name>Portsoy Crescent</name>
      </trkpt>
      <trkpt lat="57.3725880" lon="-2.0606710">
        <name>Portsoy Crescent</name>
      </trkpt>
      <trkpt lat="57.3726240" lon="-2.0606560">
        <name>Portsoy Crescent</name>
      </trkpt>
      <trkpt lat="57.3726952" lon="-2.0605692">
        <name>Portsoy Crescent</name>
      </trkpt>
      <trkpt lat="57.3727664" lon="-2.0604824">
        <name>Portsoy Crescent</name>
      </trkpt>
      <trkpt lat="57.3728376" lon="-2.0603956">
        <name>Portsoy Crescent</name>
      </trkpt>
      <trkpt lat="57.3729088" lon="-2.0603088">
        <name>Portsoy Crescent</name>
      </trkpt>
      <trkpt lat="57.3729800" lon="-2.0602220">
        <name>Portsoy Crescent</name>
      </trkpt>
      <trkpt lat="57.3730207" lon="-2.0603357">
        <name>Portsoy Crescent</name>
      </trkpt>
      <trkpt lat="57.3730613" lon="-2.0604493">
        <name>Portsoy Crescent</name>
      </trkpt>
      <trkpt lat="57.3731020" lon="-2.0605630">
        <name>Portsoy Crescent</name>
      </trkpt>
      <trkpt lat="57.3731345" lon="-2.0606595">
        <name>Portsoy Crescent</name>
      </trkpt>
      <trkpt lat="57.3731670" lon="-2.0607560">
        <name>Portsoy Crescent</name>
      </trkpt>
      <trkpt lat="57.3732000" lon="-2.0608590">
        <name>Portsoy Crescent</name>
      </trkpt>
      <trkpt lat="57.3731253" lon="-2.0609498">
        <name>Portsoy Crescent</name>
      </trkpt>
      <trkpt lat="57.3730507" lon="-2.0610407">
        <name>Portsoy Crescent</name>
      </trkpt>
      <trkpt lat="57.3729760" lon="-2.0611315">
        <name>Portsoy Crescent</name>
      </trkpt>
      <trkpt lat="57.3729013" lon="-2.0612223">
        <name>Portsoy Crescent</name>
      </trkpt>
      <trkpt lat="57.3728267" lon="-2.0613132">
        <name>Portsoy Crescent</name>
      </trkpt>
      <trkpt lat="57.3727520" lon="-2.0614040">
        <name>Portsoy Crescent</name>
      </trkpt>
      <trkpt lat="57.3727650" lon="-2.0614410">
        <name>Portsoy Crescent</name>
      </trkpt>
      <trkpt lat="57.3727880" lon="-2.0615080">
        <name>Portsoy Crescent</name>
      </trkpt>
      <trkpt lat="57.3728280" lon="-2.0616237">
        <name>Portsoy Crescent</name>
      </trkpt>
      <trkpt lat="57.3728680" lon="-2.0617393">
        <name>Portsoy Crescent</name>
      </trkpt>
      <trkpt lat="57.3729080" lon="-2.0618550">
        <name>Portsoy Crescent</name>
      </trkpt>
      <trkpt lat="57.3729330" lon="-2.0619690">
        <name>Portsoy Crescent</name>
      </trkpt>
      <trkpt lat="57.3729430" lon="-2.0620220">
        <name>Portsoy Crescent</name>
      </trkpt>
      <trkpt lat="57.3729330" lon="-2.0620390">
        <name>Portsoy Crescent</name>
      </trkpt>
      <trkpt lat="57.3729430" lon="-2.0620220">
        <name>Whitehills Court</name>
      </trkpt>
      <trkpt lat="57.3729330" lon="-2.0619690">
        <name>Whitehills Court</name>
      </trkpt>
      <trkpt lat="57.3729080" lon="-2.0618550">
        <name>Whitehills Court</name>
      </trkpt>
      <trkpt lat="57.3728680" lon="-2.0617393">
        <name>Whitehills Court</name>
      </trkpt>
      <trkpt lat="57.3728280" lon="-2.0616237">
        <name>Whitehills Court</name>
      </trkpt>
      <trkpt lat="57.3727880" lon="-2.0615080">
        <name>Whitehills Court</name>
      </trkpt>
      <trkpt lat="57.3727580" lon="-2.0615460">
        <name>Whitehills Court</name>
      </trkpt>
      <trkpt lat="57.3727880" lon="-2.0615080">
        <name>Whitehills Court</name>
      </trkpt>
      <trkpt lat="57.3727520" lon="-2.0614040">
        <name>Whitehills Court</name>
      </trkpt>
      <trkpt lat="57.3728160" lon="-2.0613260">
        <name>Whitehills Court</name>
      </trkpt>
      <trkpt lat="57.3728800" lon="-2.0612480">
        <name>Whitehills Court</name>
      </trkpt>
      <trkpt lat="57.3729440" lon="-2.0611700">
        <name>Whitehills Court</name>
      </trkpt>
      <trkpt lat="57.3730080" lon="-2.0610920">
        <name>Whitehills Court</name>
      </trkpt>
      <trkpt lat="57.3730720" lon="-2.0610140">
        <name>Whitehills Court</name>
      </trkpt>
      <trkpt lat="57.3731360" lon="-2.0609365">
        <name>Whitehills Court</name>
      </trkpt>
      <trkpt lat="57.3732000" lon="-2.0608590">
        <name>Whitehills Court</name>
      </trkpt>
      <trkpt lat="57.3732585" lon="-2.0607843">
        <name>Whitehills Court</name>
      </trkpt>
      <trkpt lat="57.3733170" lon="-2.0607095">
        <name>Whitehills Court</name>
      </trkpt>
      <trkpt lat="57.3733755" lon="-2.0606348">
        <name>Whitehills Court</name>
      </trkpt>
      <trkpt lat="57.3734340" lon="-2.0605600">
        <name>Whitehills Court</name>
      </trkpt>
      <trkpt lat="57.3734740" lon="-2.0605130">
        <name>Whitehills Court</name>
      </trkpt>
      <trkpt lat="57.3735393" lon="-2.0604277">
        <name>Whitehills Court</name>
      </trkpt>
      <trkpt lat="57.3736047" lon="-2.0603423">
        <name>Whitehills Court</name>
      </trkpt>
      <trkpt lat="57.3736700" lon="-2.0602570">
        <name>Whitehills Court</name>
      </trkpt>
      <trkpt lat="57.3736810" lon="-2.0602430">
        <name>Whitehills Court</name>
      </trkpt>
      <trkpt lat="57.3737145" lon="-2.0603635">
        <name>Whitehills Court</name>
      </trkpt>
      <trkpt lat="57.3737480" lon="-2.0604840">
        <name>Whitehills Court</name>
      </trkpt>
      <trkpt lat="57.3737630" lon="-2.0605550">
        <name>Whitehills Court</name>
      </trkpt>
      <trkpt lat="57.3737705" lon="-2.0606425">
        <name>Whitehills Court</name>
      </trkpt>
      <trkpt lat="57.3737780" lon="-2.0607300">
        <name>Whitehills Court</name>
      </trkpt>
      <trkpt lat="57.3737960" lon="-2.0608360">
        <name>Whitehills Court</name>
      </trkpt>
      <trkpt lat="57.3738165" lon="-2.0609110">
        <name>Whitehills Court</name>
      </trkpt>
      <trkpt lat="57.3738370" lon="-2.0609860">
        <name>Whitehills Court</name>
      </trkpt>
      <trkpt lat="57.3738650" lon="-2.0610910">
        <name>Whitehills Court</name>
      </trkpt>
      <trkpt lat="57.3738320" lon="-2.0611260">
        <name>Whitehills Court</name>
      </trkpt>
      <trkpt lat="57.3737648" lon="-2.0611972">
        <name>Whitehills Court</name>
      </trkpt>
      <trkpt lat="57.3736976" lon="-2.0612684">
        <name>Whitehills Court</name>
      </trkpt>
      <trkpt lat="57.3736304" lon="-2.0613396">
        <name>Whitehills Court</name>
      </trkpt>
      <trkpt lat="57.3735632" lon="-2.0614108">
        <name>Whitehills Court</name>
      </trkpt>
      <trkpt lat="57.3734960" lon="-2.0614820">
        <name>Whitehills Court</name>
      </trkpt>
      <trkpt lat="57.3734550" lon="-2.0615300">
        <name>Whitehills Court</name>
      </trkpt>
      <trkpt lat="57.3734960" lon="-2.0614820">
        <name>Portsoy Crescent</name>
      </trkpt>
      <trkpt lat="57.3735632" lon="-2.0614108">
        <name>Portsoy Crescent</name>
      </trkpt>
      <trkpt lat="57.3736304" lon="-2.0613396">
        <name>Portsoy Crescent</name>
      </trkpt>
      <trkpt lat="57.3736976" lon="-2.0612684">
        <name>Portsoy Crescent</name>
      </trkpt>
      <trkpt lat="57.3737648" lon="-2.0611972">
        <name>Portsoy Crescent</name>
      </trkpt>
      <trkpt lat="57.3738320" lon="-2.0611260">
        <name>Portsoy Crescent</name>
      </trkpt>
      <trkpt lat="57.3738650" lon="-2.0610910">
        <name>Portsoy Crescent</name>
      </trkpt>
      <trkpt lat="57.3738963" lon="-2.0611917">
        <name>Portsoy Crescent</name>
      </trkpt>
      <trkpt lat="57.3739277" lon="-2.0612923">
        <name>Portsoy Crescent</name>
      </trkpt>
      <trkpt lat="57.3739590" lon="-2.0613930">
        <name>Portsoy Crescent</name>
      </trkpt>
      <trkpt lat="57.3739850" lon="-2.0614390">
        <name>Portsoy Crescent</name>
      </trkpt>
      <trkpt lat="57.3740230" lon="-2.0615080">
        <name>Whitehills Drive</name>
      </trkpt>
      <trkpt lat="57.3740915" lon="-2.0615970">
        <name>Whitehills Drive</name>
      </trkpt>
      <trkpt lat="57.3741600" lon="-2.0616860">
        <name>Whitehills Drive</name>
      </trkpt>
      <trkpt lat="57.3742080" lon="-2.0617930">
        <name>Whitehills Drive</name>
      </trkpt>
      <trkpt lat="57.3742330" lon="-2.0618500">
        <name>Whitehills Drive</name>
      </trkpt>
      <trkpt lat="57.3742720" lon="-2.0619860">
        <name>Whitehills Drive</name>
      </trkpt>
      <trkpt lat="57.3742860" lon="-2.0620360">
        <name>Whitehills Drive</name>
      </trkpt>
      <trkpt lat="57.3743035" lon="-2.0621270">
        <name>Whitehills Drive</name>
      </trkpt>
      <trkpt lat="57.3743210" lon="-2.0622180">
        <name>Whitehills Drive</name>
      </trkpt>
      <trkpt lat="57.3743520" lon="-2.0623620">
        <name>Whitehills Drive</name>
      </trkpt>
      <trkpt lat="57.3743715" lon="-2.0624725">
        <name>Whitehills Drive</name>
      </trkpt>
      <trkpt lat="57.3743910" lon="-2.0625830">
        <name>Whitehills Drive</name>
      </trkpt>
      <trkpt lat="57.3744060" lon="-2.0626550">
        <name>Whitehills Drive</name>
      </trkpt>
      <trkpt lat="57.3744287" lon="-2.0627753">
        <name>Whitehills Drive</name>
      </trkpt>
      <trkpt lat="57.3744513" lon="-2.0628957">
        <name>Whitehills Drive</name>
      </trkpt>
      <trkpt lat="57.3744740" lon="-2.0630160">
        <name>Whitehills Drive</name>
      </trkpt>
      <trkpt lat="57.3744940" lon="-2.0631410">
        <name>Whitehills Drive</name>
      </trkpt>
      <trkpt lat="57.3745010" lon="-2.0631880">
        <name>Whitehills Drive</name>
      </trkpt>
      <trkpt lat="57.3745090" lon="-2.0633500">
        <name>Whitehills Drive</name>
      </trkpt>
      <trkpt lat="57.3745130" lon="-2.0635030">
        <name>Portsoy Crescent</name>
      </trkpt>
      <trkpt lat="57.3745155" lon="-2.0636020">
        <name>Portsoy Crescent</name>
      </trkpt>
      <trkpt lat="57.3745180" lon="-2.0637010">
        <name>Portsoy Crescent</name>
      </trkpt>
      <trkpt lat="57.3745130" lon="-2.0638370">
        <name>Portsoy Crescent</name>
      </trkpt>
      <trkpt lat="57.3745080" lon="-2.0639730">
        <name>Portsoy Crescent</name>
      </trkpt>
      <trkpt lat="57.3745060" lon="-2.0640865">
        <name>Portsoy Crescent</name>
      </trkpt>
      <trkpt lat="57.3745040" lon="-2.0642000">
        <name>Portsoy Crescent</name>
      </trkpt>
      <trkpt lat="57.3745175" lon="-2.0643235">
        <name>Portsoy Crescent</name>
      </trkpt>
      <trkpt lat="57.3745310" lon="-2.0644470">
        <name>Portsoy Crescent</name>
      </trkpt>
      <trkpt lat="57.3745460" lon="-2.0645385">
        <name>Portsoy Crescent</name>
      </trkpt>
      <trkpt lat="57.3745610" lon="-2.0646300">
        <name>Portsoy Crescent</name>
      </trkpt>
      <trkpt lat="57.3745900" lon="-2.0647580">
        <name>Portsoy Crescent</name>
      </trkpt>
      <trkpt lat="57.3745610" lon="-2.0646300">
        <name>Portsoy Crescent</name>
      </trkpt>
      <trkpt lat="57.3745460" lon="-2.0645385">
        <name>Portsoy Crescent</name>
      </trkpt>
      <trkpt lat="57.3745310" lon="-2.0644470">
        <name>Portsoy Crescent</name>
      </trkpt>
      <trkpt lat="57.3745175" lon="-2.0643235">
        <name>Portsoy Crescent</name>
      </trkpt>
      <trkpt lat="57.3745040" lon="-2.0642000">
        <name>Portsoy Crescent</name>
      </trkpt>
      <trkpt lat="57.3745060" lon="-2.0640865">
        <name>Portsoy Crescent</name>
      </trkpt>
      <trkpt lat="57.3745080" lon="-2.0639730">
        <name>Portsoy Crescent</name>
      </trkpt>
      <trkpt lat="57.3745130" lon="-2.0638370">
        <name>Portsoy Crescent</name>
      </trkpt>
      <trkpt lat="57.3745180" lon="-2.0637010">
        <name>Portsoy Crescent</name>
      </trkpt>
      <trkpt lat="57.3744740" lon="-2.0637030">
        <name>Portsoy Crescent</name>
      </trkpt>
      <trkpt lat="57.3743960" lon="-2.0637125">
        <name>Portsoy Crescent</name>
      </trkpt>
      <trkpt lat="57.3743180" lon="-2.0637220">
        <name>Portsoy Crescent</name>
      </trkpt>
      <trkpt lat="57.3742405" lon="-2.0637425">
        <name>Portsoy Crescent</name>
      </trkpt>
      <trkpt lat="57.3741630" lon="-2.0637630">
        <name>Portsoy Crescent</name>
      </trkpt>
      <trkpt lat="57.3741075" lon="-2.0637760">
        <name>Portsoy Crescent</name>
      </trkpt>
      <trkpt lat="57.3740520" lon="-2.0637890">
        <name>Portsoy Crescent</name>
      </trkpt>
      <trkpt lat="57.3740110" lon="-2.0637990">
        <name>Portsoy Crescent</name>
      </trkpt>
      <trkpt lat="57.3739470" lon="-2.0638255">
        <name>Portsoy Crescent</name>
      </trkpt>
      <trkpt lat="57.3738830" lon="-2.0638520">
        <name>Portsoy Crescent</name>
      </trkpt>
      <trkpt lat="57.3739470" lon="-2.0638255">
        <name>Portsoy Crescent</name>
      </trkpt>
      <trkpt lat="57.3740110" lon="-2.0637990">
        <name>Portsoy Crescent</name>
      </trkpt>
      <trkpt lat="57.3740520" lon="-2.0637890">
        <name>Portsoy Crescent</name>
      </trkpt>
      <trkpt lat="57.3741075" lon="-2.0637760">
        <name>Portsoy Crescent</name>
      </trkpt>
      <trkpt lat="57.3741630" lon="-2.0637630">
        <name>Portsoy Crescent</name>
      </trkpt>
      <trkpt lat="57.3742405" lon="-2.0637425">
        <name>Portsoy Crescent</name>
      </trkpt>
      <trkpt lat="57.3743180" lon="-2.0637220">
        <name>Portsoy Crescent</name>
      </trkpt>
      <trkpt lat="57.3743960" lon="-2.0637125">
        <name>Portsoy Crescent</name>
      </trkpt>
      <trkpt lat="57.3744740" lon="-2.0637030">
        <name>Portsoy Crescent</name>
      </trkpt>
      <trkpt lat="57.3745180" lon="-2.0637010">
        <name>Portsoy Crescent</name>
      </trkpt>
      <trkpt lat="57.3745155" lon="-2.0636020">
        <name>Portsoy Crescent</name>
      </trkpt>
      <trkpt lat="57.3745130" lon="-2.0635030">
        <name>Portsoy Crescent</name>
      </trkpt>
      <trkpt lat="57.3745090" lon="-2.0633500">
        <name>Portsoy Crescent</name>
      </trkpt>
      <trkpt lat="57.3745010" lon="-2.0631880">
        <name>Portsoy Crescent</name>
      </trkpt>
      <trkpt lat="57.3744875" lon="-2.0631020">
        <name>Kingston Gardens</name>
      </trkpt>
      <trkpt lat="57.3744740" lon="-2.0630160">
        <name>Kingston Gardens</name>
      </trkpt>
      <trkpt lat="57.3744513" lon="-2.0628957">
        <name>Kingston Gardens</name>
      </trkpt>
      <trkpt lat="57.3744287" lon="-2.0627753">
        <name>Kingston Gardens</name>
      </trkpt>
      <trkpt lat="57.3744060" lon="-2.0626550">
        <name>Kingston Gardens</name>
      </trkpt>
      <trkpt lat="57.3743910" lon="-2.0625830">
        <name>Kingston Gardens</name>
      </trkpt>
      <trkpt lat="57.3743380" lon="-2.0626220">
        <name>Kingston Gardens</name>
      </trkpt>
      <trkpt lat="57.3742850" lon="-2.0626555">
        <name>Kingston Gardens</name>
      </trkpt>
      <trkpt lat="57.3742320" lon="-2.0626890">
        <name>Kingston Gardens</name>
      </trkpt>
      <trkpt lat="57.3741540" lon="-2.0627210">
        <name>Kingston Gardens</name>
      </trkpt>
      <trkpt lat="57.3741060" lon="-2.0627175">
        <name>Kingston Gardens</name>
      </trkpt>
      <trkpt lat="57.3740580" lon="-2.0627140">
        <name>Kingston Gardens</name>
      </trkpt>
      <trkpt lat="57.3739850" lon="-2.0626950">
        <name>Kingston Gardens</name>
      </trkpt>
      <trkpt lat="57.3739120" lon="-2.0626760">
        <name>Kingston Gardens</name>
      </trkpt>
      <trkpt lat="57.3738595" lon="-2.0626615">
        <name>Kingston Gardens</name>
      </trkpt>
      <trkpt lat="57.3738070" lon="-2.0626470">
        <name>Kingston Gardens</name>
      </trkpt>
      <trkpt lat="57.3737580" lon="-2.0626580">
        <name>Kingston Gardens</name>
      </trkpt>
      <trkpt lat="57.3737490" lon="-2.0626610">
        <name>Kingston Gardens</name>
      </trkpt>
      <trkpt lat="57.3736975" lon="-2.0626765">
        <name>Kingston Gardens</name>
      </trkpt>
      <trkpt lat="57.3736460" lon="-2.0626920">
        <name>Kingston Gardens</name>
      </trkpt>
      <trkpt lat="57.3735785" lon="-2.0627125">
        <name>Kingston Gardens</name>
      </trkpt>
      <trkpt lat="57.3735110" lon="-2.0627330">
        <name>Kingston Gardens</name>
      </trkpt>
      <trkpt lat="57.3734600" lon="-2.0627605">
        <name>Kingston Gardens</name>
      </trkpt>
      <trkpt lat="57.3734090" lon="-2.0627880">
        <name>Kingston Gardens</name>
      </trkpt>
      <trkpt lat="57.3733390" lon="-2.0628490">
        <name>Kingston Gardens</name>
      </trkpt>
      <trkpt lat="57.3732770" lon="-2.0629210">
        <name>Kingston Gardens</name>
      </trkpt>
      <trkpt lat="57.3732225" lon="-2.0630175">
        <name>Kingston Gardens</name>
      </trkpt>
      <trkpt lat="57.3731680" lon="-2.0631140">
        <name>Kingston Gardens</name>
      </trkpt>
      <trkpt lat="57.3731260" lon="-2.0632025">
        <name>Kingston Gardens</name>
      </trkpt>
      <trkpt lat="57.3730840" lon="-2.0632910">
        <name>Kingston Gardens</name>
      </trkpt>
      <trkpt lat="57.3730620" lon="-2.0633670">
        <name>Kingston Gardens</name>
      </trkpt>
      <trkpt lat="57.3730400" lon="-2.0634430">
        <name>Kingston Gardens</name>
      </trkpt>
      <trkpt lat="57.3730320" lon="-2.0634690">
        <name>Kingston Gardens</name>
      </trkpt>
      <trkpt lat="57.3730140" lon="-2.0635420">
        <name>Kingston Gardens</name>
      </trkpt>
      <trkpt lat="57.3729930" lon="-2.0636230">
        <name>Kingston Gardens</name>
      </trkpt>
      <trkpt lat="57.3729880" lon="-2.0636460">
        <name>Kingston Gardens</name>
      </trkpt>
      <trkpt lat="57.3730300" lon="-2.0636710">
        <name>Kingston Gardens</name>
      </trkpt>
      <trkpt lat="57.3730950" lon="-2.0637140">
        <name>Kingston Gardens</name>
      </trkpt>
      <trkpt lat="57.3731410" lon="-2.0637445">
        <name>Kingston Gardens</name>
      </trkpt>
      <trkpt lat="57.3731870" lon="-2.0637750">
        <name>Kingston Gardens</name>
      </trkpt>
      <trkpt lat="57.3732380" lon="-2.0638050">
        <name>Kingston Gardens</name>
      </trkpt>
      <trkpt lat="57.3732890" lon="-2.0638350">
        <name>Kingston Gardens</name>
      </trkpt>
      <trkpt lat="57.3733540" lon="-2.0638520">
        <name>Kingston Gardens</name>
      </trkpt>
      <trkpt lat="57.3734070" lon="-2.0638515">
        <name>Kingston Gardens</name>
      </trkpt>
      <trkpt lat="57.3734600" lon="-2.0638510">
        <name>Kingston Gardens</name>
      </trkpt>
      <trkpt lat="57.3734600" lon="-2.0638310">
        <name>Kingston Gardens</name>
      </trkpt>
      <trkpt lat="57.3734600" lon="-2.0638510">
        <name>Kingston Gardens</name>
      </trkpt>
      <trkpt lat="57.3734070" lon="-2.0638515">
        <name>Kingston Gardens</name>
      </trkpt>
      <trkpt lat="57.3733540" lon="-2.0638520">
        <name>Kingston Gardens</name>
      </trkpt>
      <trkpt lat="57.3732890" lon="-2.0638350">
        <name>Kingston Gardens</name>
      </trkpt>
      <trkpt lat="57.3732380" lon="-2.0638050">
        <name>Kingston Gardens</name>
      </trkpt>
      <trkpt lat="57.3731870" lon="-2.0637750">
        <name>Kingston Gardens</name>
      </trkpt>
      <trkpt lat="57.3731410" lon="-2.0637445">
        <name>Kingston Gardens</name>
      </trkpt>
      <trkpt lat="57.3730950" lon="-2.0637140">
        <name>Kingston Gardens</name>
      </trkpt>
      <trkpt lat="57.3730300" lon="-2.0636710">
        <name>Kingston Gardens</name>
      </trkpt>
      <trkpt lat="57.3729880" lon="-2.0636460">
        <name>Kingston Gardens</name>
      </trkpt>
      <trkpt lat="57.3729680" lon="-2.0637625">
        <name>Portsoy Crescent</name>
      </trkpt>
      <trkpt lat="57.3729480" lon="-2.0638790">
        <name>Portsoy Crescent</name>
      </trkpt>
      <trkpt lat="57.3729395" lon="-2.0639785">
        <name>Portsoy Crescent</name>
      </trkpt>
      <trkpt lat="57.3729310" lon="-2.0640780">
        <name>Portsoy Crescent</name>
      </trkpt>
      <trkpt lat="57.3729230" lon="-2.0641765">
        <name>Portsoy Crescent</name>
      </trkpt>
      <trkpt lat="57.3729150" lon="-2.0642750">
        <name>Portsoy Crescent</name>
      </trkpt>
      <trkpt lat="57.3728790" lon="-2.0642730">
        <name>Portsoy Crescent</name>
      </trkpt>
      <trkpt lat="57.3728250" lon="-2.0642700">
        <name>Portsoy Crescent</name>
      </trkpt>
      <trkpt lat="57.3727623" lon="-2.0642633">
        <name>Portsoy Crescent</name>
      </trkpt>
      <trkpt lat="57.3726997" lon="-2.0642567">
        <name>Portsoy Crescent</name>
      </trkpt>
      <trkpt lat="57.3726370" lon="-2.0642500">
        <name>Portsoy Crescent</name>
      </trkpt>
      <trkpt lat="57.3725895" lon="-2.0642545">
        <name>Portsoy Crescent</name>
      </trkpt>
      <trkpt lat="57.3725420" lon="-2.0642590">
        <name>Portsoy Crescent</name>
      </trkpt>
      <trkpt lat="57.3724720" lon="-2.0642650">
        <name>Portsoy Crescent</name>
      </trkpt>
      <trkpt lat="57.3724020" lon="-2.0642710">
        <name>Portsoy Crescent</name>
      </trkpt>
      <trkpt lat="57.3723530" lon="-2.0642570">
        <name>Portsoy Crescent</name>
      </trkpt>
      <trkpt lat="57.3723120" lon="-2.0642330">
        <name>Portsoy Crescent</name>
      </trkpt>
      <trkpt lat="57.3722310" lon="-2.0641760">
        <name>Portsoy Crescent</name>
      </trkpt>
      <trkpt lat="57.3721640" lon="-2.0640950">
        <name>Portsoy Crescent</name>
      </trkpt>
      <trkpt lat="57.3721280" lon="-2.0640415">
        <name>Portsoy Crescent</name>
      </trkpt>
      <trkpt lat="57.3720920" lon="-2.0639880">
        <name>Portsoy Crescent</name>
      </trkpt>
      <trkpt lat="57.3721050" lon="-2.0639230">
        <name>Portsoy Crescent</name>
      </trkpt>
      <trkpt lat="57.3721310" lon="-2.0638153">
        <name>Portsoy Crescent</name>
      </trkpt>
      <trkpt lat="57.3721570" lon="-2.0637077">
        <name>Portsoy Crescent</name>
      </trkpt>
      <trkpt lat="57.3721830" lon="-2.0636000">
        <name>Portsoy Crescent</name>
      </trkpt>
      <trkpt lat="57.3722080" lon="-2.0634880">
        <name>Portsoy Crescent</name>
      </trkpt>
      <trkpt lat="57.3722330" lon="-2.0633760">
        <name>Portsoy Crescent</name>
      </trkpt>
      <trkpt lat="57.3722580" lon="-2.0632640">
        <name>Portsoy Crescent</name>
      </trkpt>
      <trkpt lat="57.3722790" lon="-2.0631800">
        <name>Portsoy Crescent</name>
      </trkpt>
      <trkpt lat="57.3723000" lon="-2.0630960">
        <name>Portsoy Crescent</name>
      </trkpt>
      <trkpt lat="57.3722790" lon="-2.0631800">
        <name>Portsoy Crescent</name>
      </trkpt>
      <trkpt lat="57.3722580" lon="-2.0632640">
        <name>Portsoy Crescent</name>
      </trkpt>
      <trkpt lat="57.3722330" lon="-2.0633760">
        <name>Portsoy Crescent</name>
      </trkpt>
      <trkpt lat="57.3722080" lon="-2.0634880">
        <name>Portsoy Crescent</name>
      </trkpt>
      <trkpt lat="57.3721830" lon="-2.0636000">
        <name>Portsoy Crescent</name>
      </trkpt>
      <trkpt lat="57.3721570" lon="-2.0637077">
        <name>Portsoy Crescent</name>
      </trkpt>
      <trkpt lat="57.3721310" lon="-2.0638153">
        <name>Portsoy Crescent</name>
      </trkpt>
      <trkpt lat="57.3721050" lon="-2.0639230">
        <name>Portsoy Crescent</name>
      </trkpt>
      <trkpt lat="57.3720920" lon="-2.0639880">
        <name>Portsoy Crescent</name>
      </trkpt>
      <trkpt lat="57.3720345" lon="-2.0639370">
        <name>Portsoy Crescent</name>
      </trkpt>
      <trkpt lat="57.3719770" lon="-2.0638860">
        <name>Portsoy Crescent</name>
      </trkpt>
      <trkpt lat="57.3719015" lon="-2.0638460">
        <name>Portsoy Crescent</name>
      </trkpt>
      <trkpt lat="57.3718260" lon="-2.0638060">
        <name>Portsoy Crescent</name>
      </trkpt>
      <trkpt lat="57.3717850" lon="-2.0637800">
        <name>Portsoy Crescent</name>
      </trkpt>
      <trkpt lat="57.3717390" lon="-2.0637620">
        <name>Portsoy Crescent</name>
      </trkpt>
      <trkpt lat="57.3717370" lon="-2.0637890">
        <name>Portsoy Crescent</name>
      </trkpt>
      <trkpt lat="57.3717390" lon="-2.0637620">
        <name>Portsoy Crescent</name>
      </trkpt>
      <trkpt lat="57.3717850" lon="-2.0637800">
        <name>Portsoy Crescent</name>
      </trkpt>
      <trkpt lat="57.3718260" lon="-2.0638060">
        <name>Portsoy Crescent</name>
      </trkpt>
      <trkpt lat="57.3717830" lon="-2.0639090">
        <name>Portsoy Crescent</name>
      </trkpt>
      <trkpt lat="57.3717793" lon="-2.0640340">
        <name>Portsoy Crescent</name>
      </trkpt>
      <trkpt lat="57.3717755" lon="-2.0641590">
        <name>Portsoy Crescent</name>
      </trkpt>
      <trkpt lat="57.3717718" lon="-2.0642840">
        <name>Portsoy Crescent</name>
      </trkpt>
      <trkpt lat="57.3717680" lon="-2.0644090">
        <name>Portsoy Crescent</name>
      </trkpt>
      <trkpt lat="57.3717713" lon="-2.0645360">
        <name>Portsoy Crescent</name>
      </trkpt>
      <trkpt lat="57.3717745" lon="-2.0646630">
        <name>Portsoy Crescent</name>
      </trkpt>
      <trkpt lat="57.3717777" lon="-2.0647900">
        <name>Portsoy Crescent</name>
      </trkpt>
      <trkpt lat="57.3717810" lon="-2.0649170">
        <name>Portsoy Crescent</name>
      </trkpt>
      <trkpt lat="57.3717773" lon="-2.0650450">
        <name>Portsoy Crescent</name>
      </trkpt>
      <trkpt lat="57.3717737" lon="-2.0651730">
        <name>Portsoy Crescent</name>
      </trkpt>
      <trkpt lat="57.3717700" lon="-2.0653010">
        <name>Portsoy Crescent</name>
      </trkpt>
      <trkpt lat="57.3717680" lon="-2.0654340">
        <name>Portsoy Grove</name>
      </trkpt>
      <trkpt lat="57.3718560" lon="-2.0654350">
        <name>Portsoy Grove</name>
      </trkpt>
      <trkpt lat="57.3719308" lon="-2.0654357">
        <name>Portsoy Grove</name>
      </trkpt>
      <trkpt lat="57.3720055" lon="-2.0654365">
        <name>Portsoy Grove</name>
      </trkpt>
      <trkpt lat="57.3720802" lon="-2.0654373">
        <name>Portsoy Grove</name>
      </trkpt>
      <trkpt lat="57.3721550" lon="-2.0654380">
        <name>Portsoy Grove</name>
      </trkpt>
      <trkpt lat="57.3721580" lon="-2.0655700">
        <name>Portsoy Grove</name>
      </trkpt>
      <trkpt lat="57.3721570" lon="-2.0657075">
        <name>Portsoy Grove</name>
      </trkpt>
      <trkpt lat="57.3721560" lon="-2.0658450">
        <name>Portsoy Grove</name>
      </trkpt>
      <trkpt lat="57.3721580" lon="-2.0659220">
        <name>Portsoy Grove</name>
      </trkpt>
      <trkpt lat="57.3721615" lon="-2.0660250">
        <name>Portsoy Grove</name>
      </trkpt>
      <trkpt lat="57.3721650" lon="-2.0661280">
        <name>Portsoy Grove</name>
      </trkpt>
      <trkpt lat="57.3721757" lon="-2.0662733">
        <name>Portsoy Grove</name>
      </trkpt>
      <trkpt lat="57.3721863" lon="-2.0664187">
        <name>Portsoy Grove</name>
      </trkpt>
      <trkpt lat="57.3721970" lon="-2.0665640">
        <name>Portsoy Grove</name>
      </trkpt>
      <trkpt lat="57.3722020" lon="-2.0667245">
        <name>Portsoy Grove</name>
      </trkpt>
      <trkpt lat="57.3722070" lon="-2.0668850">
        <name>Portsoy Grove</name>
      </trkpt>
      <trkpt lat="57.3722047" lon="-2.0670007">
        <name>Portsoy Grove</name>
      </trkpt>
      <trkpt lat="57.3722023" lon="-2.0671163">
        <name>Portsoy Grove</name>
      </trkpt>
      <trkpt lat="57.3722000" lon="-2.0672320">
        <name>Portsoy Grove</name>
      </trkpt>
      <trkpt lat="57.3721960" lon="-2.0673940">
        <name>Portsoy Grove</name>
      </trkpt>
      <trkpt lat="57.3721920" lon="-2.0675560">
        <name>Portsoy Grove</name>
      </trkpt>
      <trkpt lat="57.3721960" lon="-2.0673940">
        <name>Portsoy Grove</name>
      </trkpt>
      <trkpt lat="57.3722000" lon="-2.0672320">
        <name>Portsoy Grove</name>
      </trkpt>
      <trkpt lat="57.3722023" lon="-2.0671163">
        <name>Portsoy Grove</name>
      </trkpt>
      <trkpt lat="57.3722047" lon="-2.0670007">
        <name>Portsoy Grove</name>
      </trkpt>
      <trkpt lat="57.3722070" lon="-2.0668850">
        <name>Portsoy Grove</name>
      </trkpt>
      <trkpt lat="57.3722020" lon="-2.0667245">
        <name>Portsoy Grove</name>
      </trkpt>
      <trkpt lat="57.3721970" lon="-2.0665640">
        <name>Portsoy Grove</name>
      </trkpt>
      <trkpt lat="57.3721863" lon="-2.0664187">
        <name>Portsoy Grove</name>
      </trkpt>
      <trkpt lat="57.3721757" lon="-2.0662733">
        <name>Portsoy Grove</name>
      </trkpt>
      <trkpt lat="57.3721650" lon="-2.0661280">
        <name>Portsoy Grove</name>
      </trkpt>
      <trkpt lat="57.3721605" lon="-2.0659865">
        <name>Portsoy Grove</name>
      </trkpt>
      <trkpt lat="57.3721560" lon="-2.0658450">
        <name>Portsoy Grove</name>
      </trkpt>
      <trkpt lat="57.3721570" lon="-2.0657075">
        <name>Portsoy Grove</name>
      </trkpt>
      <trkpt lat="57.3721580" lon="-2.0655700">
        <name>Portsoy Grove</name>
      </trkpt>
      <trkpt lat="57.3721550" lon="-2.0654380">
        <name>Portsoy Grove</name>
      </trkpt>
      <trkpt lat="57.3720990" lon="-2.0654370">
        <name>Portsoy Grove</name>
      </trkpt>
      <trkpt lat="57.3721550" lon="-2.0654380">
        <name>Portsoy Grove</name>
      </trkpt>
      <trkpt lat="57.3722434" lon="-2.0654387">
        <name>Portsoy Grove</name>
      </trkpt>
      <trkpt lat="57.3723318" lon="-2.0654395">
        <name>Portsoy Grove</name>
      </trkpt>
      <trkpt lat="57.3724201" lon="-2.0654402">
        <name>Portsoy Grove</name>
      </trkpt>
      <trkpt lat="57.3725085" lon="-2.0654410">
        <name>Portsoy Grove</name>
      </trkpt>
      <trkpt lat="57.3725969" lon="-2.0654417">
        <name>Portsoy Grove</name>
      </trkpt>
      <trkpt lat="57.3726852" lon="-2.0654425">
        <name>Portsoy Grove</name>
      </trkpt>
      <trkpt lat="57.3727736" lon="-2.0654432">
        <name>Portsoy Grove</name>
      </trkpt>
      <trkpt lat="57.3728620" lon="-2.0654440">
        <name>Portsoy Grove</name>
      </trkpt>
      <trkpt lat="57.3728920" lon="-2.0654440">
        <name>Portsoy Grove</name>
      </trkpt>
      <trkpt lat="57.3729737" lon="-2.0654446">
        <name>Portsoy Grove</name>
      </trkpt>
      <trkpt lat="57.3730554" lon="-2.0654451">
        <name>Portsoy Grove</name>
      </trkpt>
      <trkpt lat="57.3731371" lon="-2.0654457">
        <name>Portsoy Grove</name>
      </trkpt>
      <trkpt lat="57.3732189" lon="-2.0654463">
        <name>Portsoy Grove</name>
      </trkpt>
      <trkpt lat="57.3733006" lon="-2.0654469">
        <name>Portsoy Grove</name>
      </trkpt>
      <trkpt lat="57.3733823" lon="-2.0654474">
        <name>Portsoy Grove</name>
      </trkpt>
      <trkpt lat="57.3734640" lon="-2.0654480">
        <name>Portsoy Grove</name>
      </trkpt>
      <trkpt lat="57.3735170" lon="-2.0654480">
        <name>Portsoy Grove</name>
      </trkpt>
      <trkpt lat="57.3735210" lon="-2.0656090">
        <name>Portsoy Grove</name>
      </trkpt>
      <trkpt lat="57.3735250" lon="-2.0657700">
        <name>Portsoy Grove</name>
      </trkpt>
      <trkpt lat="57.3735620" lon="-2.0658430">
        <name>Portsoy Grove</name>
      </trkpt>
      <trkpt lat="57.3735990" lon="-2.0659160">
        <name>Portsoy Grove</name>
      </trkpt>
      <trkpt lat="57.3736430" lon="-2.0659160">
        <name>Portsoy Crescent</name>
      </trkpt>
      <trkpt lat="57.3737157" lon="-2.0659153">
        <name>Portsoy Crescent</name>
      </trkpt>
      <trkpt lat="57.3737883" lon="-2.0659147">
        <name>Portsoy Crescent</name>
      </trkpt>
      <trkpt lat="57.3738610" lon="-2.0659140">
        <name>Portsoy Crescent</name>
      </trkpt>
      <trkpt lat="57.3739350" lon="-2.0659135">
        <name>Portsoy Crescent</name>
      </trkpt>
      <trkpt lat="57.3740090" lon="-2.0659130">
        <name>Portsoy Crescent</name>
      </trkpt>
      <trkpt lat="57.3740750" lon="-2.0659110">
        <name>Portsoy Crescent</name>
      </trkpt>
      <trkpt lat="57.3741410" lon="-2.0659090">
        <name>Portsoy Crescent</name>
      </trkpt>
      <trkpt lat="57.3741590" lon="-2.0659090">
        <name>Portsoy Crescent</name>
      </trkpt>
      <trkpt lat="57.3742070" lon="-2.0658260">
        <name>Portsoy Crescent</name>
      </trkpt>
      <trkpt lat="57.3742080" lon="-2.0656930">
        <name>Portsoy Crescent</name>
      </trkpt>
      <trkpt lat="57.3742090" lon="-2.0655600">
        <name>Portsoy Crescent</name>
      </trkpt>
      <trkpt lat="57.3742100" lon="-2.0654270">
        <name>Portsoy Crescent</name>
      </trkpt>
      <trkpt lat="57.3742100" lon="-2.0653640">
        <name>Portsoy Crescent</name>
      </trkpt>
      <trkpt lat="57.3742110" lon="-2.0652470">
        <name>Portsoy Crescent</name>
      </trkpt>
      <trkpt lat="57.3742115" lon="-2.0651535">
        <name>Portsoy Crescent</name>
      </trkpt>
      <trkpt lat="57.3742120" lon="-2.0650600">
        <name>Portsoy Crescent</name>
      </trkpt>
      <trkpt lat="57.3741740" lon="-2.0649860">
        <name>Portsoy Crescent</name>
      </trkpt>
      <trkpt lat="57.3741360" lon="-2.0649120">
        <name>Portsoy Crescent</name>
      </trkpt>
      <trkpt lat="57.3740510" lon="-2.0649127">
        <name>Portsoy Crescent</name>
      </trkpt>
      <trkpt lat="57.3739660" lon="-2.0649133">
        <name>Portsoy Crescent</name>
      </trkpt>
      <trkpt lat="57.3738810" lon="-2.0649140">
        <name>Portsoy Crescent</name>
      </trkpt>
      <trkpt lat="57.3738650" lon="-2.0649150">
        <name>Portsoy Crescent</name>
      </trkpt>
      <trkpt lat="57.3737760" lon="-2.0649220">
        <name>Portsoy Place</name>
      </trkpt>
      <trkpt lat="57.3736870" lon="-2.0649290">
        <name>Portsoy Place</name>
      </trkpt>
      <trkpt lat="57.3735980" lon="-2.0649360">
        <name>Portsoy Place</name>
      </trkpt>
      <trkpt lat="57.3735800" lon="-2.0649580">
        <name>Portsoy Place</name>
      </trkpt>
      <trkpt lat="57.3735330" lon="-2.0650130">
        <name>Portsoy Place</name>
      </trkpt>
      <trkpt lat="57.3735277" lon="-2.0651580">
        <name>Portsoy Place</name>
      </trkpt>
      <trkpt lat="57.3735223" lon="-2.0653030">
        <name>Portsoy Place</name>
      </trkpt>
      <trkpt lat="57.3735170" lon="-2.0654480">
        <name>Portsoy Place</name>
      </trkpt>
      <trkpt lat="57.3734550" lon="-2.0654477">
        <name>Portsoy Place</name>
      </trkpt>
      <trkpt lat="57.3733930" lon="-2.0654473">
        <name>Portsoy Place</name>
      </trkpt>
      <trkpt lat="57.3733310" lon="-2.0654470">
        <name>Portsoy Place</name>
      </trkpt>
      <trkpt lat="57.3732432" lon="-2.0654464">
        <name>Portsoy Place</name>
      </trkpt>
      <trkpt lat="57.3731554" lon="-2.0654458">
        <name>Portsoy Place</name>
      </trkpt>
      <trkpt lat="57.3730676" lon="-2.0654452">
        <name>Portsoy Place</name>
      </trkpt>
      <trkpt lat="57.3729798" lon="-2.0654446">
        <name>Portsoy Place</name>
      </trkpt>
      <trkpt lat="57.3728920" lon="-2.0654440">
        <name>Portsoy Place</name>
      </trkpt>
      <trkpt lat="57.3728880" lon="-2.0655750">
      </trkpt>
      <trkpt lat="57.3728880" lon="-2.0656230">
      </trkpt>
      <trkpt lat="57.3728897" lon="-2.0657840">
      </trkpt>
      <trkpt lat="57.3728913" lon="-2.0659450">
      </trkpt>
      <trkpt lat="57.3728930" lon="-2.0661060">
      </trkpt>
      <trkpt lat="57.3728907" lon="-2.0662293">
        <name>Portsoy Place</name>
      </trkpt>
      <trkpt lat="57.3728883" lon="-2.0663527">
        <name>Portsoy Place</name>
      </trkpt>
      <trkpt lat="57.3728860" lon="-2.0664760">
        <name>Portsoy Place</name>
      </trkpt>
      <trkpt lat="57.3728930" lon="-2.0665700">
        <name>Portsoy Place</name>
      </trkpt>
      <trkpt lat="57.3729000" lon="-2.0666640">
        <name>Portsoy Place</name>
      </trkpt>
      <trkpt lat="57.3729310" lon="-2.0668070">
        <name>Portsoy Place</name>
      </trkpt>
      <trkpt lat="57.3729590" lon="-2.0668780">
        <name>Portsoy Place</name>
      </trkpt>
      <trkpt lat="57.3729870" lon="-2.0669490">
        <name>Portsoy Place</name>
      </trkpt>
      <trkpt lat="57.3730480" lon="-2.0670060">
        <name>Portsoy Crescent</name>
      </trkpt>
      <trkpt lat="57.3730830" lon="-2.0670380">
        <name>Portsoy Crescent</name>
      </trkpt>
      <trkpt lat="57.3731415" lon="-2.0670555">
        <name>Portsoy Crescent</name>
      </trkpt>
      <trkpt lat="57.3732000" lon="-2.0670730">
        <name>Portsoy Crescent</name>
      </trkpt>
      <trkpt lat="57.3732620" lon="-2.0670860">
        <name>Portsoy Crescent</name>
      </trkpt>
      <trkpt lat="57.3733300" lon="-2.0671020">
        <name>Knockothie Crescent</name>
      </trkpt>
      <trkpt lat="57.3733775" lon="-2.0671235">
        <name>Knockothie Crescent</name>
      </trkpt>
      <trkpt lat="57.3734250" lon="-2.0671450">
        <name>Knockothie Crescent</name>
      </trkpt>
      <trkpt lat="57.3734950" lon="-2.0671517">
        <name>Sandend Park</name>
      </trkpt>
      <trkpt lat="57.3735650" lon="-2.0671583">
        <name>Sandend Park</name>
      </trkpt>
      <trkpt lat="57.3736350" lon="-2.0671650">
        <name>Sandend Park</name>
      </trkpt>
      <trkpt lat="57.3737200" lon="-2.0671450">
        <name>Sandend Park</name>
      </trkpt>
      <trkpt lat="57.3737975" lon="-2.0671265">
        <name>Sandend Park</name>
      </trkpt>
      <trkpt lat="57.3738750" lon="-2.0671080">
        <name>Sandend Park</name>
      </trkpt>
      <trkpt lat="57.3739435" lon="-2.0670910">
        <name>Sandend Park</name>
      </trkpt>
      <trkpt lat="57.3740120" lon="-2.0670740">
        <name>Sandend Park</name>
      </trkpt>
      <trkpt lat="57.3740920" lon="-2.0670700">
        <name>Sandend Park</name>
      </trkpt>
      <trkpt lat="57.3741720" lon="-2.0670660">
        <name>Sandend Park</name>
      </trkpt>
      <trkpt lat="57.3742370" lon="-2.0670670">
        <name>Sandend Park</name>
      </trkpt>
      <trkpt lat="57.3743020" lon="-2.0670680">
        <name>Sandend Park</name>
      </trkpt>
      <trkpt lat="57.3743740" lon="-2.0670960">
        <name>Sandend Park</name>
      </trkpt>
      <trkpt lat="57.3744240" lon="-2.0671450">
        <name>Sandend Park</name>
      </trkpt>
      <trkpt lat="57.3744350" lon="-2.0671550">
        <name>Sandend Park</name>
      </trkpt>
      <trkpt lat="57.3744880" lon="-2.0670780">
        <name>Sandend Park</name>
      </trkpt>
      <trkpt lat="57.3745220" lon="-2.0670040">
        <name>Sandend Park</name>
      </trkpt>
      <trkpt lat="57.3745370" lon="-2.0668920">
        <name>Sandend Park</name>
      </trkpt>
      <trkpt lat="57.3745440" lon="-2.0667840">
        <name>Sandend Park</name>
      </trkpt>
      <trkpt lat="57.3745510" lon="-2.0666760">
        <name>Sandend Park</name>
      </trkpt>
      <trkpt lat="57.3745605" lon="-2.0665185">
        <name>Sandend Park</name>
      </trkpt>
      <trkpt lat="57.3745700" lon="-2.0663610">
        <name>Sandend Park</name>
      </trkpt>
      <trkpt lat="57.3745795" lon="-2.0662035">
        <name>Sandend Park</name>
      </trkpt>
      <trkpt lat="57.3745890" lon="-2.0660460">
        <name>Sandend Park</name>
      </trkpt>
      <trkpt lat="57.3745940" lon="-2.0659490">
        <name>Sandend Park</name>
      </trkpt>
      <trkpt lat="57.3745990" lon="-2.0658520">
        <name>Sandend Park</name>
      </trkpt>
      <trkpt lat="57.3745940" lon="-2.0659490">
        <name>Sandend Park</name>
      </trkpt>
      <trkpt lat="57.3745890" lon="-2.0660460">
        <name>Sandend Park</name>
      </trkpt>
      <trkpt lat="57.3745795" lon="-2.0662035">
        <name>Sandend Park</name>
      </trkpt>
      <trkpt lat="57.3745700" lon="-2.0663610">
        <name>Sandend Park</name>
      </trkpt>
      <trkpt lat="57.3745605" lon="-2.0665185">
        <name>Sandend Park</name>
      </trkpt>
      <trkpt lat="57.3745510" lon="-2.0666760">
        <name>Sandend Park</name>
      </trkpt>
      <trkpt lat="57.3745440" lon="-2.0667840">
        <name>Sandend Park</name>
      </trkpt>
      <trkpt lat="57.3745370" lon="-2.0668920">
        <name>Sandend Park</name>
      </trkpt>
      <trkpt lat="57.3745220" lon="-2.0670040">
        <name>Sandend Park</name>
      </trkpt>
      <trkpt lat="57.3744880" lon="-2.0670780">
        <name>Sandend Park</name>
      </trkpt>
      <trkpt lat="57.3744350" lon="-2.0671550">
      </trkpt>
      <trkpt lat="57.3744700" lon="-2.0672480">
      </trkpt>
      <trkpt lat="57.3744950" lon="-2.0673590">
      </trkpt>
      <trkpt lat="57.3744995" lon="-2.0674620">
      </trkpt>
      <trkpt lat="57.3745040" lon="-2.0675650">
      </trkpt>
      <trkpt lat="57.3744980" lon="-2.0676880">
      </trkpt>
      <trkpt lat="57.3744920" lon="-2.0678110">
      </trkpt>
      <trkpt lat="57.3744895" lon="-2.0679695">
        <name>Sandend Park</name>
      </trkpt>
      <trkpt lat="57.3744870" lon="-2.0681280">
        <name>Sandend Park</name>
      </trkpt>
      <trkpt lat="57.3744810" lon="-2.0682520">
        <name>Sandend Park</name>
      </trkpt>
      <trkpt lat="57.3744750" lon="-2.0683760">
        <name>Sandend Park</name>
      </trkpt>
      <trkpt lat="57.3744605" lon="-2.0685170">
        <name>Knockothie Crescent</name>
      </trkpt>
      <trkpt lat="57.3744460" lon="-2.0686580">
        <name>Knockothie Crescent</name>
      </trkpt>
      <trkpt lat="57.3744400" lon="-2.0687410">
        <name>Knockothie Crescent</name>
      </trkpt>
      <trkpt lat="57.3744340" lon="-2.0688240">
        <name>Knockothie Crescent</name>
      </trkpt>
      <trkpt lat="57.3744275" lon="-2.0689155">
        <name>Knockothie Crescent</name>
      </trkpt>
      <trkpt lat="57.3744210" lon="-2.0690070">
        <name>Knockothie Crescent</name>
      </trkpt>
      <trkpt lat="57.3743725" lon="-2.0689870">
        <name>Knockothie Crescent</name>
      </trkpt>
      <trkpt lat="57.3743240" lon="-2.0689670">
        <name>Knockothie Crescent</name>
      </trkpt>
      <trkpt lat="57.3742573" lon="-2.0689550">
        <name>Knockothie Crescent</name>
      </trkpt>
      <trkpt lat="57.3741907" lon="-2.0689430">
        <name>Knockothie Crescent</name>
      </trkpt>
      <trkpt lat="57.3741240" lon="-2.0689310">
        <name>Knockothie Crescent</name>
      </trkpt>
      <trkpt lat="57.3740710" lon="-2.0689445">
        <name>Knockothie Crescent</name>
      </trkpt>
      <trkpt lat="57.3740180" lon="-2.0689580">
        <name>Knockothie Crescent</name>
      </trkpt>
      <trkpt lat="57.3739650" lon="-2.0689720">
        <name>Knockothie Crescent</name>
      </trkpt>
      <trkpt lat="57.3739540" lon="-2.0688200">
        <name>Knockothie Crescent</name>
      </trkpt>
      <trkpt lat="57.3739540" lon="-2.0687185">
        <name>Knockothie Crescent</name>
      </trkpt>
      <trkpt lat="57.3739540" lon="-2.0686170">
        <name>Knockothie Crescent</name>
      </trkpt>
      <trkpt lat="57.3739295" lon="-2.0685335">
        <name>Knockothie Crescent</name>
      </trkpt>
      <trkpt lat="57.3739050" lon="-2.0684500">
        <name>Knockothie Crescent</name>
      </trkpt>
      <trkpt lat="57.3738670" lon="-2.0683685">
        <name>Knockothie Crescent</name>
      </trkpt>
      <trkpt lat="57.3738290" lon="-2.0682870">
        <name>Knockothie Crescent</name>
      </trkpt>
      <trkpt lat="57.3738625" lon="-2.0681930">
        <name>Knockothie Crescent</name>
      </trkpt>
      <trkpt lat="57.3738960" lon="-2.0680990">
        <name>Knockothie Crescent</name>
      </trkpt>
      <trkpt lat="57.3738625" lon="-2.0681930">
        <name>Knockothie Crescent</name>
      </trkpt>
      <trkpt lat="57.3738290" lon="-2.0682870">
        <name>Knockothie Crescent</name>
      </trkpt>
      <trkpt lat="57.3737530" lon="-2.0682785">
        <name>Findhorn Drive</name>
      </trkpt>
      <trkpt lat="57.3736770" lon="-2.0682700">
        <name>Findhorn Drive</name>
      </trkpt>
      <trkpt lat="57.3737530" lon="-2.0682785">
        <name>Findhorn Drive</name>
      </trkpt>
      <trkpt lat="57.3738290" lon="-2.0682870">
        <name>Findhorn Drive</name>
      </trkpt>
      <trkpt lat="57.3738670" lon="-2.0683685">
        <name>Findhorn Drive</name>
      </trkpt>
      <trkpt lat="57.3739050" lon="-2.0684500">
        <name>Findhorn Drive</name>
      </trkpt>
      <trkpt lat="57.3739295" lon="-2.0685335">
        <name>Findhorn Drive</name>
      </trkpt>
      <trkpt lat="57.3739540" lon="-2.0686170">
        <name>Findhorn Drive</name>
      </trkpt>
      <trkpt lat="57.3739540" lon="-2.0687185">
        <name>Findhorn Drive</name>
      </trkpt>
      <trkpt lat="57.3739540" lon="-2.0688200">
        <name>Findhorn Drive</name>
      </trkpt>
      <trkpt lat="57.3739650" lon="-2.0689720">
        <name>Findhorn Drive</name>
      </trkpt>
      <trkpt lat="57.3739090" lon="-2.0689900">
        <name>Findhorn Drive</name>
      </trkpt>
      <trkpt lat="57.3738300" lon="-2.0690200">
        <name>Findhorn Drive</name>
      </trkpt>
      <trkpt lat="57.3737710" lon="-2.0690390">
        <name>Findhorn Drive</name>
      </trkpt>
      <trkpt lat="57.3737180" lon="-2.0690740">
        <name>Findhorn Drive</name>
      </trkpt>
      <trkpt lat="57.3736480" lon="-2.0691570">
        <name>Findhorn Place</name>
      </trkpt>
      <trkpt lat="57.3735980" lon="-2.0691970">
        <name>Findhorn Place</name>
      </trkpt>
      <trkpt lat="57.3735210" lon="-2.0692680">
        <name>Findhorn Place</name>
      </trkpt>
      <trkpt lat="57.3734970" lon="-2.0692840">
        <name>Findhorn Place</name>
      </trkpt>
      <trkpt lat="57.3734760" lon="-2.0692910">
        <name>Findhorn Place</name>
      </trkpt>
      <trkpt lat="57.3734110" lon="-2.0692790">
        <name>Findhorn Place</name>
      </trkpt>
      <trkpt lat="57.3734010" lon="-2.0692670">
        <name>Findhorn Place</name>
      </trkpt>
      <trkpt lat="57.3733840" lon="-2.0692440">
        <name>Findhorn Place</name>
      </trkpt>
      <trkpt lat="57.3733660" lon="-2.0692030">
        <name>Findhorn Place</name>
      </trkpt>
      <trkpt lat="57.3733620" lon="-2.0691510">
        <name>Findhorn Place</name>
      </trkpt>
      <trkpt lat="57.3733685" lon="-2.0690090">
        <name>Findhorn Drive</name>
      </trkpt>
      <trkpt lat="57.3733750" lon="-2.0688670">
        <name>Findhorn Drive</name>
      </trkpt>
      <trkpt lat="57.3733680" lon="-2.0687830">
        <name>Findhorn Drive</name>
      </trkpt>
      <trkpt lat="57.3733520" lon="-2.0687040">
        <name>Findhorn Drive</name>
      </trkpt>
      <trkpt lat="57.3733190" lon="-2.0686410">
        <name>Findhorn Drive</name>
      </trkpt>
      <trkpt lat="57.3732660" lon="-2.0686050">
        <name>Findhorn Drive</name>
      </trkpt>
      <trkpt lat="57.3731860" lon="-2.0685570">
        <name>Findhorn Drive</name>
      </trkpt>
      <trkpt lat="57.3731680" lon="-2.0685360">
        <name>Findhorn Drive</name>
      </trkpt>
      <trkpt lat="57.3731540" lon="-2.0685020">
        <name>Findhorn Drive</name>
      </trkpt>
      <trkpt lat="57.3731320" lon="-2.0684240">
        <name>Findhorn Drive</name>
      </trkpt>
      <trkpt lat="57.3731030" lon="-2.0684370">
        <name>Findhorn Drive</name>
      </trkpt>
      <trkpt lat="57.3731320" lon="-2.0684240">
        <name>Findhorn Drive</name>
      </trkpt>
      <trkpt lat="57.3731100" lon="-2.0683147">
        <name>Findhorn Drive</name>
      </trkpt>
      <trkpt lat="57.3730880" lon="-2.0682053">
        <name>Findhorn Drive</name>
      </trkpt>
      <trkpt lat="57.3730660" lon="-2.0680960">
        <name>Findhorn Drive</name>
      </trkpt>
      <trkpt lat="57.3730320" lon="-2.0679620">
        <name>Findhorn Drive</name>
      </trkpt>
      <trkpt lat="57.3730055" lon="-2.0678690">
        <name>Findhorn Drive</name>
      </trkpt>
      <trkpt lat="57.3729790" lon="-2.0677760">
        <name>Findhorn Drive</name>
      </trkpt>
      <trkpt lat="57.3729533" lon="-2.0676430">
        <name>Findhorn Drive</name>
      </trkpt>
      <trkpt lat="57.3729277" lon="-2.0675100">
        <name>Findhorn Drive</name>
      </trkpt>
      <trkpt lat="57.3729020" lon="-2.0673770">
        <name>Findhorn Drive</name>
      </trkpt>
      <trkpt lat="57.3729020" lon="-2.0672320">
        <name>Findhorn Drive</name>
      </trkpt>
      <trkpt lat="57.3729240" lon="-2.0670980">
        <name>Findhorn Drive</name>
      </trkpt>
      <trkpt lat="57.3729690" lon="-2.0669930">
        <name>Findhorn Drive</name>
      </trkpt>
      <trkpt lat="57.3729240" lon="-2.0670980">
        <name>Findhorn Drive</name>
      </trkpt>
      <trkpt lat="57.3729020" lon="-2.0672320">
        <name>Findhorn Drive</name>
      </trkpt>
      <trkpt lat="57.3729020" lon="-2.0673770">
        <name>Findhorn Drive</name>
      </trkpt>
      <trkpt lat="57.3729277" lon="-2.0675100">
        <name>Findhorn Drive</name>
      </trkpt>
      <trkpt lat="57.3729533" lon="-2.0676430">
        <name>Findhorn Drive</name>
      </trkpt>
      <trkpt lat="57.3729790" lon="-2.0677760">
        <name>Findhorn Drive</name>
      </trkpt>
      <trkpt lat="57.3730055" lon="-2.0678690">
        <name>Findhorn Drive</name>
      </trkpt>
      <trkpt lat="57.3730320" lon="-2.0679620">
        <name>Findhorn Drive</name>
      </trkpt>
      <trkpt lat="57.3730660" lon="-2.0680960">
        <name>Findhorn Drive</name>
      </trkpt>
      <trkpt lat="57.3730880" lon="-2.0682053">
        <name>Findhorn Drive</name>
      </trkpt>
      <trkpt lat="57.3731100" lon="-2.0683147">
        <name>Findhorn Drive</name>
      </trkpt>
      <trkpt lat="57.3731320" lon="-2.0684240">
        <name>Findhorn Drive</name>
      </trkpt>
      <trkpt lat="57.3730635" lon="-2.0684540">
        <name>Findhorn Drive</name>
      </trkpt>
      <trkpt lat="57.3729950" lon="-2.0684840">
        <name>Findhorn Drive</name>
      </trkpt>
      <trkpt lat="57.3729390" lon="-2.0684910">
        <name>Findhorn Drive</name>
      </trkpt>
      <trkpt lat="57.3729060" lon="-2.0684940">
        <name>Findhorn Drive</name>
      </trkpt>
      <trkpt lat="57.3728680" lon="-2.0685020">
        <name>Findhorn Drive</name>
      </trkpt>
      <trkpt lat="57.3728430" lon="-2.0685260">
        <name>Findhorn Drive</name>
      </trkpt>
      <trkpt lat="57.3728240" lon="-2.0685720">
        <name>Findhorn Drive</name>
      </trkpt>
      <trkpt lat="57.3728120" lon="-2.0686380">
        <name>Findhorn Drive</name>
      </trkpt>
      <trkpt lat="57.3728110" lon="-2.0687060">
        <name>Findhorn Drive</name>
      </trkpt>
      <trkpt lat="57.3728060" lon="-2.0688180">
        <name>Findhorn Drive</name>
      </trkpt>
      <trkpt lat="57.3728010" lon="-2.0689300">
        <name>Findhorn Drive</name>
      </trkpt>
      <trkpt lat="57.3727960" lon="-2.0690420">
        <name>Findhorn Drive</name>
      </trkpt>
      <trkpt lat="57.3727640" lon="-2.0690380">
        <name>Findhorn Drive</name>
      </trkpt>
      <trkpt lat="57.3727005" lon="-2.0690295">
        <name>Findhorn Drive</name>
      </trkpt>
      <trkpt lat="57.3726370" lon="-2.0690210">
        <name>Findhorn Drive</name>
      </trkpt>
      <trkpt lat="57.3725800" lon="-2.0690140">
        <name>Findhorn Drive</name>
      </trkpt>
      <trkpt lat="57.3725440" lon="-2.0690050">
        <name>Findhorn Drive</name>
      </trkpt>
      <trkpt lat="57.3724970" lon="-2.0689830">
        <name>Findhorn Gardens</name>
      </trkpt>
      <trkpt lat="57.3724700" lon="-2.0689450">
        <name>Findhorn Gardens</name>
      </trkpt>
      <trkpt lat="57.3724570" lon="-2.0689150">
        <name>Findhorn Gardens</name>
      </trkpt>
      <trkpt lat="57.3724530" lon="-2.0688720">
        <name>Findhorn Gardens</name>
      </trkpt>
      <trkpt lat="57.3724590" lon="-2.0687210">
        <name>Findhorn Gardens</name>
      </trkpt>
      <trkpt lat="57.3724550" lon="-2.0686390">
        <name>Findhorn Gardens</name>
      </trkpt>
      <trkpt lat="57.3724370" lon="-2.0685550">
        <name>Findhorn Gardens</name>
      </trkpt>
      <trkpt lat="57.3724080" lon="-2.0684850">
        <name>Findhorn Gardens</name>
      </trkpt>
      <trkpt lat="57.3723860" lon="-2.0683550">
        <name>Findhorn Gardens</name>
      </trkpt>
      <trkpt lat="57.3723860" lon="-2.0682460">
        <name>Findhorn Gardens</name>
      </trkpt>
      <trkpt lat="57.3724050" lon="-2.0681290">
        <name>Findhorn Gardens</name>
      </trkpt>
      <trkpt lat="57.3724240" lon="-2.0680120">
        <name>Findhorn Gardens</name>
      </trkpt>
      <trkpt lat="57.3724050" lon="-2.0681290">
        <name>Findhorn Gardens</name>
      </trkpt>
      <trkpt lat="57.3723860" lon="-2.0682460">
        <name>Findhorn Gardens</name>
      </trkpt>
      <trkpt lat="57.3723860" lon="-2.0683550">
        <name>Findhorn Gardens</name>
      </trkpt>
      <trkpt lat="57.3724080" lon="-2.0684850">
        <name>Findhorn Gardens</name>
      </trkpt>
      <trkpt lat="57.3724370" lon="-2.0685550">
        <name>Findhorn Gardens</name>
      </trkpt>
      <trkpt lat="57.3724550" lon="-2.0686390">
        <name>Findhorn Gardens</name>
      </trkpt>
      <trkpt lat="57.3724590" lon="-2.0687210">
        <name>Findhorn Drive</name>
      </trkpt>
      <trkpt lat="57.3724530" lon="-2.0688720">
        <name>Findhorn Drive</name>
      </trkpt>
      <trkpt lat="57.3724570" lon="-2.0689150">
        <name>Findhorn Drive</name>
      </trkpt>
      <trkpt lat="57.3724700" lon="-2.0689450">
        <name>Findhorn Drive</name>
      </trkpt>
      <trkpt lat="57.3724970" lon="-2.0689830">
        <name>Findhorn Drive</name>
      </trkpt>
      <trkpt lat="57.3725440" lon="-2.0690050">
        <name>Findhorn Drive</name>
      </trkpt>
      <trkpt lat="57.3725800" lon="-2.0690140">
        <name>Findhorn Drive</name>
      </trkpt>
      <trkpt lat="57.3726370" lon="-2.0690210">
        <name>Sandhaven Wynd</name>
      </trkpt>
      <trkpt lat="57.3727165" lon="-2.0690315">
        <name>Sandhaven Wynd</name>
      </trkpt>
      <trkpt lat="57.3727960" lon="-2.0690420">
        <name>Sandhaven Wynd</name>
      </trkpt>
      <trkpt lat="57.3727900" lon="-2.0691795">
        <name>Sandhaven Wynd</name>
      </trkpt>
      <trkpt lat="57.3727840" lon="-2.0693170">
        <name>Sandhaven Wynd</name>
      </trkpt>
      <trkpt lat="57.3727900" lon="-2.0694580">
        <name>Sandhaven Wynd</name>
      </trkpt>
      <trkpt lat="57.3728090" lon="-2.0695670">
        <name>Sandhaven Wynd</name>
      </trkpt>
      <trkpt lat="57.3728190" lon="-2.0696430">
        <name>Sandhaven Wynd</name>
      </trkpt>
      <trkpt lat="57.3728230" lon="-2.0697090">
        <name>Sandhaven Wynd</name>
      </trkpt>
      <trkpt lat="57.3728160" lon="-2.0698020">
        <name>Sandhaven Wynd</name>
      </trkpt>
      <trkpt lat="57.3728130" lon="-2.0698210">
        <name>Sandhaven Wynd</name>
      </trkpt>
      <trkpt lat="57.3728100" lon="-2.0698390">
        <name>Sandhaven Wynd</name>
      </trkpt>
      <trkpt lat="57.3727980" lon="-2.0698700">
        <name>Sandhaven Wynd</name>
      </trkpt>
      <trkpt lat="57.3727750" lon="-2.0699000">
        <name>Sandhaven Wynd</name>
      </trkpt>
      <trkpt lat="57.3727560" lon="-2.0699090">
        <name>Sandhaven Wynd</name>
      </trkpt>
      <trkpt lat="57.3727010" lon="-2.0699000">
        <name>Sandhaven Wynd</name>
      </trkpt>
      <trkpt lat="57.3726340" lon="-2.0698930">
        <name>Sandhaven Wynd</name>
      </trkpt>
      <trkpt lat="57.3726080" lon="-2.0699020">
        <name>Sandhaven Wynd</name>
      </trkpt>
      <trkpt lat="57.3725570" lon="-2.0699430">
        <name>Sandhaven Wynd</name>
      </trkpt>
      <trkpt lat="57.3724925" lon="-2.0700215">
        <name>Sandhaven Wynd</name>
      </trkpt>
      <trkpt lat="57.3724280" lon="-2.0701000">
        <name>Sandhaven Wynd</name>
      </trkpt>
      <trkpt lat="57.3724925" lon="-2.0700215">
        <name>Sandhaven Wynd</name>
      </trkpt>
      <trkpt lat="57.3725570" lon="-2.0699430">
        <name>Sandhaven Wynd</name>
      </trkpt>
      <trkpt lat="57.3726080" lon="-2.0699020">
        <name>Sandhaven Wynd</name>
      </trkpt>
      <trkpt lat="57.3726340" lon="-2.0698930">
        <name>Sandhaven Wynd</name>
      </trkpt>
      <trkpt lat="57.3727010" lon="-2.0699000">
        <name>Sandhaven Wynd</name>
      </trkpt>
      <trkpt lat="57.3727560" lon="-2.0699090">
        <name>Sandhaven Wynd</name>
      </trkpt>
      <trkpt lat="57.3727750" lon="-2.0699000">
        <name>Sandhaven Wynd</name>
      </trkpt>
      <trkpt lat="57.3727980" lon="-2.0698700">
        <name>Sandhaven Wynd</name>
      </trkpt>
      <trkpt lat="57.3728100" lon="-2.0698390">
        <name>Sandhaven Wynd</name>
      </trkpt>
      <trkpt lat="57.3728160" lon="-2.0698020">
        <name>Sandhaven Wynd</name>
      </trkpt>
      <trkpt lat="57.3728230" lon="-2.0697090">
        <name>Sandhaven Wynd</name>
      </trkpt>
      <trkpt lat="57.3728190" lon="-2.0696430">
        <name>Sandhaven Wynd</name>
      </trkpt>
      <trkpt lat="57.3728090" lon="-2.0695670">
        <name>Sandhaven Close</name>
      </trkpt>
      <trkpt lat="57.3727900" lon="-2.0694580">
        <name>Sandhaven Close</name>
      </trkpt>
      <trkpt lat="57.3727840" lon="-2.0693170">
        <name>Sandhaven Close</name>
      </trkpt>
      <trkpt lat="57.3727900" lon="-2.0691795">
        <name>Sandhaven Close</name>
      </trkpt>
      <trkpt lat="57.3727960" lon="-2.0690420">
        <name>Sandhaven Close</name>
      </trkpt>
      <trkpt lat="57.3728010" lon="-2.0689300">
        <name>Sandhaven Close</name>
      </trkpt>
      <trkpt lat="57.3728060" lon="-2.0688180">
        <name>Sandhaven Close</name>
      </trkpt>
      <trkpt lat="57.3728110" lon="-2.0687060">
        <name>Sandhaven Close</name>
      </trkpt>
      <trkpt lat="57.3728120" lon="-2.0686380">
        <name>Sandhaven Close</name>
      </trkpt>
      <trkpt lat="57.3728240" lon="-2.0685720">
        <name>Sandhaven Close</name>
      </trkpt>
      <trkpt lat="57.3728430" lon="-2.0685260">
        <name>Sandhaven Close</name>
      </trkpt>
      <trkpt lat="57.3728680" lon="-2.0685020">
        <name>Sandhaven Close</name>
      </trkpt>
      <trkpt lat="57.3729060" lon="-2.0684940">
        <name>Sandhaven Close</name>
      </trkpt>
      <trkpt lat="57.3729390" lon="-2.0684910">
        <name>Sandhaven Close</name>
      </trkpt>
      <trkpt lat="57.3729950" lon="-2.0684840">
        <name>Sandhaven Close</name>
      </trkpt>
      <trkpt lat="57.3730635" lon="-2.0684540">
        <name>Sandhaven Close</name>
      </trkpt>
      <trkpt lat="57.3731320" lon="-2.0684240">
        <name>Sandhaven Close</name>
      </trkpt>
      <trkpt lat="57.3731540" lon="-2.0685020">
        <name>Sandhaven Close</name>
      </trkpt>
      <trkpt lat="57.3731680" lon="-2.0685360">
        <name>Sandhaven Close</name>
      </trkpt>
      <trkpt lat="57.3731860" lon="-2.0685570">
        <name>Sandhaven Close</name>
      </trkpt>
      <trkpt lat="57.3732660" lon="-2.0686050">
        <name>Sandhaven Close</name>
      </trkpt>
      <trkpt lat="57.3733190" lon="-2.0686410">
        <name>Sandhaven Close</name>
      </trkpt>
      <trkpt lat="57.3733520" lon="-2.0687040">
        <name>Sandhaven Close</name>
      </trkpt>
      <trkpt lat="57.3733680" lon="-2.0687830">
        <name>Sandhaven Close</name>
      </trkpt>
      <trkpt lat="57.3733750" lon="-2.0688670">
        <name>Sandhaven Wynd</name>
      </trkpt>
      <trkpt lat="57.3733710" lon="-2.0689470">
        <name>Sandhaven Wynd</name>
      </trkpt>
      <trkpt lat="57.3733665" lon="-2.0690490">
        <name>Sandhaven Wynd</name>
      </trkpt>
      <trkpt lat="57.3733620" lon="-2.0691510">
        <name>Sandhaven Wynd</name>
      </trkpt>
      <trkpt lat="57.3733660" lon="-2.0692030">
        <name>Sandhaven Wynd</name>
      </trkpt>
      <trkpt lat="57.3733840" lon="-2.0692440">
        <name>Cullen Way</name>
      </trkpt>
      <trkpt lat="57.3734010" lon="-2.0692670">
        <name>Cullen Way</name>
      </trkpt>
      <trkpt lat="57.3734110" lon="-2.0692790">
        <name>Cullen Way</name>
      </trkpt>
      <trkpt lat="57.3734760" lon="-2.0692910">
        <name>Cullen Way</name>
      </trkpt>
      <trkpt lat="57.3734970" lon="-2.0692840">
        <name>Cullen Way</name>
      </trkpt>
      <trkpt lat="57.3735210" lon="-2.0692680">
        <name>Cullen Way</name>
      </trkpt>
      <trkpt lat="57.3735990" lon="-2.0691960">
        <name>Cullen Way</name>
      </trkpt>
      <trkpt lat="57.3736480" lon="-2.0691570">
        <name>Cullen Way</name>
      </trkpt>
      <trkpt lat="57.3737180" lon="-2.0690740">
        <name>Cullen Way</name>
      </trkpt>
      <trkpt lat="57.3737710" lon="-2.0690390">
        <name>Cullen Way</name>
      </trkpt>
      <trkpt lat="57.3738300" lon="-2.0690200">
        <name>Cullen Way</name>
      </trkpt>
      <trkpt lat="57.3738800" lon="-2.0690010">
        <name>Cullen Way</name>
      </trkpt>
      <trkpt lat="57.3739090" lon="-2.0689900">
        <name>Cullen Way</name>
      </trkpt>
      <trkpt lat="57.3739650" lon="-2.0689720">
        <name>Cullen Way</name>
      </trkpt>
      <trkpt lat="57.3740445" lon="-2.0689515">
        <name>Cullen Way</name>
      </trkpt>
      <trkpt lat="57.3741240" lon="-2.0689310">
        <name>Cullen Way</name>
      </trkpt>
      <trkpt lat="57.3741907" lon="-2.0689430">
        <name>Cullen Way</name>
      </trkpt>
      <trkpt lat="57.3742573" lon="-2.0689550">
        <name>Cullen Way</name>
      </trkpt>
      <trkpt lat="57.3743240" lon="-2.0689670">
        <name>Cullen Way</name>
      </trkpt>
      <trkpt lat="57.3743725" lon="-2.0689870">
        <name>Cullen Court</name>
      </trkpt>
      <trkpt lat="57.3744210" lon="-2.0690070">
        <name>Cullen Court</name>
      </trkpt>
      <trkpt lat="57.3744173" lon="-2.0691270">
        <name>Cullen Court</name>
      </trkpt>
      <trkpt lat="57.3744137" lon="-2.0692470">
        <name>Cullen Court</name>
      </trkpt>
      <trkpt lat="57.3744100" lon="-2.0693670">
        <name>Cullen Court</name>
      </trkpt>
      <trkpt lat="57.3744067" lon="-2.0694857">
        <name>Cullen Court</name>
      </trkpt>
      <trkpt lat="57.3744033" lon="-2.0696043">
        <name>Cullen Court</name>
      </trkpt>
      <trkpt lat="57.3744000" lon="-2.0697230">
        <name>Cullen Court</name>
      </trkpt>
      <trkpt lat="57.3743893" lon="-2.0698373">
        <name>Cullen Court</name>
      </trkpt>
      <trkpt lat="57.3743787" lon="-2.0699517">
        <name>Cullen Court</name>
      </trkpt>
      <trkpt lat="57.3743680" lon="-2.0700660">
        <name>Cullen Court</name>
      </trkpt>
      <trkpt lat="57.3743620" lon="-2.0701300">
        <name>Cullen Court</name>
      </trkpt>
      <trkpt lat="57.3743480" lon="-2.0701260">
        <name>Cullen Court</name>
      </trkpt>
      <trkpt lat="57.3742615" lon="-2.0701010">
        <name>Cullen Court</name>
      </trkpt>
      <trkpt lat="57.3741750" lon="-2.0700760">
        <name>Cullen Court</name>
      </trkpt>
      <trkpt lat="57.3741280" lon="-2.0700640">
        <name>Cullen Court</name>
      </trkpt>
      <trkpt lat="57.3740810" lon="-2.0700520">
        <name>Cullen Court</name>
      </trkpt>
      <trkpt lat="57.3740450" lon="-2.0700560">
        <name>Cullen Court</name>
      </trkpt>
      <trkpt lat="57.3740030" lon="-2.0700870">
        <name>Cullen Court</name>
      </trkpt>
      <trkpt lat="57.3739545" lon="-2.0701340">
        <name>Cullen Court</name>
      </trkpt>
      <trkpt lat="57.3739060" lon="-2.0701810">
        <name>Cullen Court</name>
      </trkpt>
      <trkpt lat="57.3738310" lon="-2.0702680">
        <name>Cullen Court</name>
      </trkpt>
      <trkpt lat="57.3737560" lon="-2.0703550">
        <name>Cullen Court</name>
      </trkpt>
      <trkpt lat="57.3736760" lon="-2.0704110">
        <name>Cullen Way</name>
      </trkpt>
      <trkpt lat="57.3736000" lon="-2.0704450">
        <name>Cullen Way</name>
      </trkpt>
      <trkpt lat="57.3735200" lon="-2.0704780">
        <name>Cullen Way</name>
      </trkpt>
      <trkpt lat="57.3734750" lon="-2.0705130">
        <name>Cullen Way</name>
      </trkpt>
      <trkpt lat="57.3734085" lon="-2.0705595">
        <name>Cullen Way</name>
      </trkpt>
      <trkpt lat="57.3733420" lon="-2.0706060">
        <name>Cullen Way</name>
      </trkpt>
      <trkpt lat="57.3734085" lon="-2.0705595">
        <name>Knockothie Crescent</name>
      </trkpt>
      <trkpt lat="57.3734750" lon="-2.0705130">
        <name>Knockothie Crescent</name>
      </trkpt>
      <trkpt lat="57.3735200" lon="-2.0704780">
        <name>Knockothie Crescent</name>
      </trkpt>
      <trkpt lat="57.3736000" lon="-2.0704450">
        <name>Knockothie Crescent</name>
      </trkpt>
      <trkpt lat="57.3736760" lon="-2.0704110">
        <name>Knockothie Crescent</name>
      </trkpt>
      <trkpt lat="57.3737560" lon="-2.0703550">
        <name>Knockothie Crescent</name>
      </trkpt>
      <trkpt lat="57.3738310" lon="-2.0702680">
        <name>Knockothie Crescent</name>
      </trkpt>
      <trkpt lat="57.3739060" lon="-2.0701810">
        <name>Knockothie Crescent</name>
      </trkpt>
      <trkpt lat="57.3739545" lon="-2.0701340">
        <name>Cullen Way</name>
      </trkpt>
      <trkpt lat="57.3740030" lon="-2.0700870">
        <name>Cullen Way</name>
      </trkpt>
      <trkpt lat="57.3740450" lon="-2.0700560">
        <name>Cullen Way</name>
      </trkpt>
      <trkpt lat="57.3740810" lon="-2.0700520">
        <name>Cullen Way</name>
      </trkpt>
      <trkpt lat="57.3741280" lon="-2.0700640">
        <name>Cullen Way</name>
      </trkpt>
      <trkpt lat="57.3741750" lon="-2.0700760">
        <name>Cullen Way</name>
      </trkpt>
      <trkpt lat="57.3742373" lon="-2.0700940">
      </trkpt>
      <trkpt lat="57.3742997" lon="-2.0701120">
      </trkpt>
      <trkpt lat="57.3743620" lon="-2.0701300">
      </trkpt>
      <trkpt lat="57.3743540" lon="-2.0702550">
      </trkpt>
      <trkpt lat="57.3743460" lon="-2.0703800">
      </trkpt>
      <trkpt lat="57.3743440" lon="-2.0704090">
      </trkpt>
      <trkpt lat="57.3743370" lon="-2.0705470">
      </trkpt>
      <trkpt lat="57.3743160" lon="-2.0706655">
      </trkpt>
      <trkpt lat="57.3742950" lon="-2.0707840">
      </trkpt>
      <trkpt lat="57.3742575" lon="-2.0709005">
        <name>Crimond Drive</name>
      </trkpt>
      <trkpt lat="57.3742200" lon="-2.0710170">
        <name>Crimond Drive</name>
      </trkpt>
      <trkpt lat="57.3741710" lon="-2.0711015">
        <name>Crimond Drive</name>
      </trkpt>
      <trkpt lat="57.3741220" lon="-2.0711860">
        <name>Crimond Drive</name>
      </trkpt>
      <trkpt lat="57.3740685" lon="-2.0712560">
        <name>Crimond Drive</name>
      </trkpt>
      <trkpt lat="57.3740150" lon="-2.0713260">
        <name>Crimond Drive</name>
      </trkpt>
      <trkpt lat="57.3740010" lon="-2.0713450">
        <name>Crimond Drive</name>
      </trkpt>
      <trkpt lat="57.3740165" lon="-2.0714270">
        <name>Crimond Drive</name>
      </trkpt>
      <trkpt lat="57.3740320" lon="-2.0715090">
        <name>Crimond Drive</name>
      </trkpt>
      <trkpt lat="57.3740680" lon="-2.0716113">
        <name>Crimond Drive</name>
      </trkpt>
      <trkpt lat="57.3741040" lon="-2.0717137">
        <name>Crimond Drive</name>
      </trkpt>
      <trkpt lat="57.3741400" lon="-2.0718160">
        <name>Crimond Drive</name>
      </trkpt>
      <trkpt lat="57.3741575" lon="-2.0718965">
        <name>Crimond Park</name>
      </trkpt>
      <trkpt lat="57.3741750" lon="-2.0719770">
        <name>Crimond Park</name>
      </trkpt>
      <trkpt lat="57.3741890" lon="-2.0720600">
        <name>Crimond Park</name>
      </trkpt>
      <trkpt lat="57.3742055" lon="-2.0721465">
        <name>Crimond Park</name>
      </trkpt>
      <trkpt lat="57.3742220" lon="-2.0722330">
        <name>Crimond Park</name>
      </trkpt>
      <trkpt lat="57.3742475" lon="-2.0723510">
        <name>Crimond Park</name>
      </trkpt>
      <trkpt lat="57.3742730" lon="-2.0724690">
        <name>Crimond Park</name>
      </trkpt>
      <trkpt lat="57.3742805" lon="-2.0725845">
        <name>Crimond Park</name>
      </trkpt>
      <trkpt lat="57.3742880" lon="-2.0727000">
        <name>Crimond Park</name>
      </trkpt>
      <trkpt lat="57.3742940" lon="-2.0728170">
        <name>Crimond Park</name>
      </trkpt>
      <trkpt lat="57.3742930" lon="-2.0729300">
        <name>Crimond Park</name>
      </trkpt>
      <trkpt lat="57.3742835" lon="-2.0730485">
        <name>Crimond Park</name>
      </trkpt>
      <trkpt lat="57.3742740" lon="-2.0731670">
        <name>Crimond Park</name>
      </trkpt>
      <trkpt lat="57.3742660" lon="-2.0732200">
        <name>Crimond Park</name>
      </trkpt>
      <trkpt lat="57.3742510" lon="-2.0733240">
        <name>Crimond Park</name>
      </trkpt>
      <trkpt lat="57.3742390" lon="-2.0733900">
        <name>Crimond Park</name>
      </trkpt>
      <trkpt lat="57.3742290" lon="-2.0734400">
        <name>Crimond Park</name>
      </trkpt>
      <trkpt lat="57.3742120" lon="-2.0734920">
        <name>Crimond Park</name>
      </trkpt>
      <trkpt lat="57.3741800" lon="-2.0735170">
      </trkpt>
      <trkpt lat="57.3741450" lon="-2.0735270">
        <name>Crimond Park</name>
      </trkpt>
      <trkpt lat="57.3741100" lon="-2.0735250">
        <name>Crimond Park</name>
      </trkpt>
      <trkpt lat="57.3740750" lon="-2.0735080">
        <name>Crimond Park</name>
      </trkpt>
      <trkpt lat="57.3740490" lon="-2.0734650">
        <name>Crimond Park</name>
      </trkpt>
      <trkpt lat="57.3740240" lon="-2.0733850">
        <name>Crimond Park</name>
      </trkpt>
      <trkpt lat="57.3739910" lon="-2.0732690">
        <name>Crimond Park</name>
      </trkpt>
      <trkpt lat="57.3739680" lon="-2.0731280">
        <name>Crimond Park</name>
      </trkpt>
      <trkpt lat="57.3739485" lon="-2.0730290">
        <name>Crimond Park</name>
      </trkpt>
      <trkpt lat="57.3739290" lon="-2.0729300">
        <name>Crimond Park</name>
      </trkpt>
      <trkpt lat="57.3739485" lon="-2.0730290">
        <name>Crimond Drive</name>
      </trkpt>
      <trkpt lat="57.3739680" lon="-2.0731280">
        <name>Crimond Drive</name>
      </trkpt>
      <trkpt lat="57.3739910" lon="-2.0732690">
        <name>Crimond Drive</name>
      </trkpt>
      <trkpt lat="57.3740240" lon="-2.0733850">
        <name>Crimond Drive</name>
      </trkpt>
      <trkpt lat="57.3740430" lon="-2.0734450">
        <name>Crimond Drive</name>
      </trkpt>
      <trkpt lat="57.3740490" lon="-2.0734650">
        <name>Crimond Drive</name>
      </trkpt>
      <trkpt lat="57.3740750" lon="-2.0735080">
        <name>Crimond Drive</name>
      </trkpt>
      <trkpt lat="57.3741100" lon="-2.0735250">
        <name>Crimond Drive</name>
      </trkpt>
      <trkpt lat="57.3741450" lon="-2.0735270">
        <name>Crimond Drive</name>
      </trkpt>
      <trkpt lat="57.3741800" lon="-2.0735170">
        <name>Crimond Drive</name>
      </trkpt>
      <trkpt lat="57.3742120" lon="-2.0734920">
        <name>Crimond Drive</name>
      </trkpt>
      <trkpt lat="57.3742290" lon="-2.0734400">
        <name>Crimond Drive</name>
      </trkpt>
      <trkpt lat="57.3742290" lon="-2.0734400">
        <name>Crimond Drive</name>
      </trkpt>
      <trkpt lat="57.3742510" lon="-2.0733240">
        <name>Crimond Drive</name>
      </trkpt>
      <trkpt lat="57.3742660" lon="-2.0732200">
        <name>Crimond Drive</name>
      </trkpt>
      <trkpt lat="57.3742740" lon="-2.0731670">
        <name>Crimond Drive</name>
      </trkpt>
      <trkpt lat="57.3742790" lon="-2.0731020">
        <name>Crimond Drive</name>
      </trkpt>
      <trkpt lat="57.3742860" lon="-2.0730160">
        <name>Crimond Drive</name>
      </trkpt>
      <trkpt lat="57.3742930" lon="-2.0729300">
        <name>Crimond Drive</name>
      </trkpt>
      <trkpt lat="57.3742940" lon="-2.0728170">
        <name>Crimond Drive</name>
      </trkpt>
      <trkpt lat="57.3742880" lon="-2.0727000">
        <name>Crimond Drive</name>
      </trkpt>
      <trkpt lat="57.3742805" lon="-2.0725845">
        <name>Crimond Drive</name>
      </trkpt>
      <trkpt lat="57.3742730" lon="-2.0724690">
        <name>Crimond Drive</name>
      </trkpt>
      <trkpt lat="57.3742570" lon="-2.0723950">
        <name>Crimond Drive</name>
      </trkpt>
      <trkpt lat="57.3742395" lon="-2.0723140">
        <name>Crimond Drive</name>
      </trkpt>
      <trkpt lat="57.3742220" lon="-2.0722330">
        <name>Crimond Drive</name>
      </trkpt>
      <trkpt lat="57.3742055" lon="-2.0721465">
        <name>Crimond Drive</name>
      </trkpt>
      <trkpt lat="57.3741890" lon="-2.0720600">
        <name>Crimond Drive</name>
      </trkpt>
      <trkpt lat="57.3741750" lon="-2.0719770">
        <name>Crimond Drive</name>
      </trkpt>
      <trkpt lat="57.3741575" lon="-2.0718965">
        <name>Crimond Drive</name>
      </trkpt>
      <trkpt lat="57.3741400" lon="-2.0718160">
        <name>Crimond Drive</name>
      </trkpt>
      <trkpt lat="57.3741075" lon="-2.0717245">
        <name>Crimond Drive</name>
      </trkpt>
      <trkpt lat="57.3740750" lon="-2.0716330">
        <name>Crimond Drive</name>
      </trkpt>
      <trkpt lat="57.3740320" lon="-2.0715090">
        <name>Crimond Drive</name>
      </trkpt>
      <trkpt lat="57.3740165" lon="-2.0714270">
        <name>Crimond Drive</name>
      </trkpt>
      <trkpt lat="57.3740010" lon="-2.0713450">
        <name>Crimond Drive</name>
      </trkpt>
      <trkpt lat="57.3739510" lon="-2.0713835">
        <name>Crimond Drive</name>
      </trkpt>
      <trkpt lat="57.3739010" lon="-2.0714220">
        <name>Crimond Drive</name>
      </trkpt>
      <trkpt lat="57.3738327" lon="-2.0714787">
        <name>Crimond Drive</name>
      </trkpt>
      <trkpt lat="57.3737643" lon="-2.0715353">
        <name>Crimond Drive</name>
      </trkpt>
      <trkpt lat="57.3736960" lon="-2.0715920">
        <name>Crimond Drive</name>
      </trkpt>
      <trkpt lat="57.3736200" lon="-2.0716480">
        <name>Crimond Drive</name>
      </trkpt>
      <trkpt lat="57.3735625" lon="-2.0716765">
        <name>Crimond Drive</name>
      </trkpt>
      <trkpt lat="57.3735050" lon="-2.0717050">
        <name>Crimond Drive</name>
      </trkpt>
      <trkpt lat="57.3734565" lon="-2.0717330">
        <name>Crimond Drive</name>
      </trkpt>
      <trkpt lat="57.3734080" lon="-2.0717610">
        <name>Crimond Drive</name>
      </trkpt>
      <trkpt lat="57.3733495" lon="-2.0718150">
        <name>Crimond Drive</name>
      </trkpt>
      <trkpt lat="57.3732910" lon="-2.0718690">
        <name>Crimond Drive</name>
      </trkpt>
      <trkpt lat="57.3732170" lon="-2.0719460">
        <name>Crimond Drive</name>
      </trkpt>
      <trkpt lat="57.3731620" lon="-2.0720080">
        <name>Crimond Drive</name>
      </trkpt>
      <trkpt lat="57.3731270" lon="-2.0720470">
        <name>Crimond Drive</name>
      </trkpt>
      <trkpt lat="57.3731570" lon="-2.0721600">
        <name>Crimond Drive</name>
      </trkpt>
      <trkpt lat="57.3731997" lon="-2.0722755">
        <name>Crimond Drive</name>
      </trkpt>
      <trkpt lat="57.3732425" lon="-2.0723910">
        <name>Crimond Drive</name>
      </trkpt>
      <trkpt lat="57.3732853" lon="-2.0725065">
        <name>Crimond Drive</name>
      </trkpt>
      <trkpt lat="57.3733280" lon="-2.0726220">
        <name>Crimond Drive</name>
      </trkpt>
      <trkpt lat="57.3733700" lon="-2.0727413">
        <name>Crimond Drive</name>
      </trkpt>
      <trkpt lat="57.3734120" lon="-2.0728607">
        <name>Crimond Drive</name>
      </trkpt>
      <trkpt lat="57.3734540" lon="-2.0729800">
        <name>Crimond Drive</name>
      </trkpt>
      <trkpt lat="57.3735030" lon="-2.0730790">
        <name>Crimond Drive</name>
      </trkpt>
      <trkpt lat="57.3735250" lon="-2.0731410">
        <name>Crimond Drive</name>
      </trkpt>
      <trkpt lat="57.3734730" lon="-2.0732080">
        <name>Crimond Drive</name>
      </trkpt>
      <trkpt lat="57.3735150" lon="-2.0733040">
        <name>Crimond Drive</name>
      </trkpt>
    </trkseg>
  </trk>
</gpx>