<?xml version="1.0" encoding="UTF-8"?>
<gpx version="1.1" creator="TurboSanta Route Planner">
  <trk>
    <name>TurboSanta Route (10m density)</name>
    <trkseg>
      <trkpt lat="57.3706990" lon="-2.0863540">
        <name>Commercial Road</name>
      </trkpt>
      <trkpt lat="57.3707420" lon="-2.0863265">
        <name>Commercial Road</name>
      </trkpt>
      <trkpt lat="57.3707850" lon="-2.0862990">
        <name>Commercial Road</name>
      </trkpt>
      <trkpt lat="57.3708340" lon="-2.0862710">
        <name>Commercial Road</name>
      </trkpt>
      <trkpt lat="57.3708970" lon="-2.0862660">
        <name>Commercial Road</name>
      </trkpt>
      <trkpt lat="57.3709350" lon="-2.0862630">
        <name>Commercial Road</name>
      </trkpt>
      <trkpt lat="57.3710110" lon="-2.0862620">
        <name>Commercial Road</name>
      </trkpt>
      <trkpt lat="57.3710840" lon="-2.0862770">
        <name>Commercial Road</name>
      </trkpt>
      <trkpt lat="57.3711640" lon="-2.0863160">
        <name>Commercial Road</name>
      </trkpt>
      <trkpt lat="57.3712463" lon="-2.0863557">
        <name>Commercial Road</name>
      </trkpt>
      <trkpt lat="57.3713287" lon="-2.0863953">
        <name>Commercial Road</name>
      </trkpt>
      <trkpt lat="57.3714110" lon="-2.0864350">
        <name>Commercial Road</name>
      </trkpt>
      <trkpt lat="57.3714720" lon="-2.0864647">
        <name>Commercial Road</name>
      </trkpt>
      <trkpt lat="57.3715330" lon="-2.0864943">
        <name>Commercial Road</name>
      </trkpt>
      <trkpt lat="57.3715940" lon="-2.0865240">
        <name>Commercial Road</name>
      </trkpt>
      <trkpt lat="57.3716805" lon="-2.0865655">
        <name>Commercial Road</name>
      </trkpt>
      <trkpt lat="57.3717670" lon="-2.0866070">
        <name>Commercial Road</name>
      </trkpt>
      <trkpt lat="57.3718240" lon="-2.0866350">
        <name>Commercial Road</name>
      </trkpt>
      <trkpt lat="57.3718950" lon="-2.0866770">
        <name>Commercial Road</name>
      </trkpt>
      <trkpt lat="57.3719660" lon="-2.0867190">
        <name>Commercial Road</name>
      </trkpt>
      <trkpt lat="57.3720480" lon="-2.0867675">
        <name>Commercial Road</name>
      </trkpt>
      <trkpt lat="57.3721300" lon="-2.0868160">
        <name>Commercial Road</name>
      </trkpt>
      <trkpt lat="57.3722007" lon="-2.0868580">
        <name>Commercial Road</name>
      </trkpt>
      <trkpt lat="57.3722713" lon="-2.0869000">
        <name>Commercial Road</name>
      </trkpt>
      <trkpt lat="57.3723420" lon="-2.0869420">
        <name>Commercial Road</name>
      </trkpt>
      <trkpt lat="57.3723930" lon="-2.0869720">
        <name>Commercial Road</name>
      </trkpt>
      <trkpt lat="57.3724430" lon="-2.0870090">
        <name>Commercial Road</name>
      </trkpt>
      <trkpt lat="57.3725100" lon="-2.0870695">
        <name>Commercial Road</name>
      </trkpt>
      <trkpt lat="57.3725770" lon="-2.0871300">
        <name>Commercial Road</name>
      </trkpt>
      <trkpt lat="57.3726250" lon="-2.0871900">
        <name>Commercial Road</name>
      </trkpt>
      <trkpt lat="57.3726710" lon="-2.0872500">
        <name>Commercial Road</name>
      </trkpt>
      <trkpt lat="57.3726940" lon="-2.0872850">
        <name>Commercial Road</name>
      </trkpt>
      <trkpt lat="57.3727180" lon="-2.0873230">
        <name>Commercial Road</name>
      </trkpt>
      <trkpt lat="57.3727600" lon="-2.0874170">
        <name>Commercial Road</name>
      </trkpt>
      <trkpt lat="57.3728010" lon="-2.0875450">
        <name>Commercial Road</name>
      </trkpt>
      <trkpt lat="57.3728230" lon="-2.0876350">
        <name>Commercial Road</name>
      </trkpt>
      <trkpt lat="57.3728340" lon="-2.0876780">
        <name>Commercial Road</name>
      </trkpt>
      <trkpt lat="57.3728665" lon="-2.0878045">
        <name>Commercial Road</name>
      </trkpt>
      <trkpt lat="57.3728990" lon="-2.0879310">
        <name>Commercial Road</name>
      </trkpt>
      <trkpt lat="57.3728270" lon="-2.0879885">
        <name>Commercial Road</name>
      </trkpt>
      <trkpt lat="57.3727550" lon="-2.0880460">
        <name>Commercial Road</name>
      </trkpt>
      <trkpt lat="57.3727330" lon="-2.0880720">
        <name>Commercial Road</name>
      </trkpt>
      <trkpt lat="57.3727010" lon="-2.0881100">
        <name>Commercial Road</name>
      </trkpt>
      <trkpt lat="57.3726690" lon="-2.0881570">
        <name>Commercial Road</name>
      </trkpt>
      <trkpt lat="57.3726440" lon="-2.0882150">
        <name>Commercial Road</name>
      </trkpt>
      <trkpt lat="57.3726120" lon="-2.0883440">
        <name>Commercial Road</name>
      </trkpt>
      <trkpt lat="57.3725980" lon="-2.0884340">
        <name>Commercial Road</name>
      </trkpt>
      <trkpt lat="57.3725840" lon="-2.0885240">
        <name>Commercial Road</name>
      </trkpt>
      <trkpt lat="57.3725090" lon="-2.0884930">
        <name>Commercial Road</name>
      </trkpt>
      <trkpt lat="57.3725200" lon="-2.0884980">
        <name>Commercial Road</name>
      </trkpt>
      <trkpt lat="57.3725840" lon="-2.0885240">
        <name>Commercial Road</name>
      </trkpt>
      <trkpt lat="57.3726550" lon="-2.0885540">
        <name>Commercial Road</name>
      </trkpt>
      <trkpt lat="57.3725840" lon="-2.0885240">
        <name>Commercial Road</name>
      </trkpt>
      <trkpt lat="57.3725980" lon="-2.0884340">
        <name>Commercial Road</name>
      </trkpt>
      <trkpt lat="57.3726120" lon="-2.0883440">
        <name>Commercial Road</name>
      </trkpt>
      <trkpt lat="57.3726440" lon="-2.0882150">
        <name>Commercial Road</name>
      </trkpt>
      <trkpt lat="57.3726690" lon="-2.0881570">
        <name>Commercial Road</name>
      </trkpt>
      <trkpt lat="57.3727010" lon="-2.0881100">
        <name>Commercial Road</name>
      </trkpt>
      <trkpt lat="57.3727550" lon="-2.0880460">
        <name>Commercial Road</name>
      </trkpt>
      <trkpt lat="57.3728240" lon="-2.0879910">
        <name>Commercial Road</name>
      </trkpt>
      <trkpt lat="57.3728990" lon="-2.0879310">
        <name>Ness Circle</name>
      </trkpt>
      <trkpt lat="57.3729720" lon="-2.0879770">
        <name>Ness Circle</name>
      </trkpt>
      <trkpt lat="57.3729980" lon="-2.0879860">
        <name>Ness Circle</name>
      </trkpt>
      <trkpt lat="57.3730310" lon="-2.0879850">
        <name>Ness Circle</name>
      </trkpt>
      <trkpt lat="57.3730530" lon="-2.0879870">
        <name>Ness Circle</name>
      </trkpt>
      <trkpt lat="57.3730890" lon="-2.0879960">
        <name>Ness Circle</name>
      </trkpt>
      <trkpt lat="57.3731350" lon="-2.0880520">
        <name>Ness Circle</name>
      </trkpt>
      <trkpt lat="57.3731650" lon="-2.0880950">
        <name>Ness Circle</name>
      </trkpt>
      <trkpt lat="57.3731800" lon="-2.0881100">
        <name>Ness Circle</name>
      </trkpt>
      <trkpt lat="57.3731650" lon="-2.0880950">
        <name>Ness Circle</name>
      </trkpt>
      <trkpt lat="57.3731350" lon="-2.0880520">
        <name>Ness Circle</name>
      </trkpt>
      <trkpt lat="57.3730890" lon="-2.0879960">
        <name>Ness Circle</name>
      </trkpt>
      <trkpt lat="57.3730530" lon="-2.0879870">
        <name>Ness Circle</name>
      </trkpt>
      <trkpt lat="57.3730310" lon="-2.0879850">
        <name>Ness Circle</name>
      </trkpt>
      <trkpt lat="57.3729980" lon="-2.0879860">
        <name>Ness Circle</name>
      </trkpt>
      <trkpt lat="57.3729720" lon="-2.0879770">
        <name>Ness Circle</name>
      </trkpt>
      <trkpt lat="57.3728990" lon="-2.0879310">
        <name>Ness Circle</name>
      </trkpt>
      <trkpt lat="57.3729200" lon="-2.0880120">
        <name>Ness Circle</name>
      </trkpt>
      <trkpt lat="57.3729530" lon="-2.0881380">
        <name>Ness Circle</name>
      </trkpt>
      <trkpt lat="57.3729860" lon="-2.0882640">
        <name>Ness Circle</name>
      </trkpt>
      <trkpt lat="57.3730125" lon="-2.0883345">
        <name>Ness Circle</name>
      </trkpt>
      <trkpt lat="57.3730390" lon="-2.0884050">
        <name>Ness Circle</name>
      </trkpt>
      <trkpt lat="57.3730660" lon="-2.0884760">
        <name>Ness Circle</name>
      </trkpt>
      <trkpt lat="57.3731055" lon="-2.0885640">
        <name>Ness Circle</name>
      </trkpt>
      <trkpt lat="57.3731450" lon="-2.0886520">
        <name>Ness Circle</name>
      </trkpt>
      <trkpt lat="57.3731560" lon="-2.0886760">
        <name>Ness Circle</name>
      </trkpt>
      <trkpt lat="57.3732185" lon="-2.0887865">
        <name>Ness Circle</name>
      </trkpt>
      <trkpt lat="57.3732810" lon="-2.0888970">
        <name>Ness Circle</name>
      </trkpt>
      <trkpt lat="57.3732910" lon="-2.0889140">
        <name>Ness Circle</name>
      </trkpt>
      <trkpt lat="57.3733460" lon="-2.0890090">
        <name>Ness Circle</name>
      </trkpt>
      <trkpt lat="57.3733835" lon="-2.0890595">
        <name>Ness Circle</name>
      </trkpt>
      <trkpt lat="57.3734210" lon="-2.0891100">
        <name>Ness Circle</name>
      </trkpt>
      <trkpt lat="57.3734510" lon="-2.0891440">
        <name>Ness Circle</name>
      </trkpt>
      <trkpt lat="57.3734955" lon="-2.0891935">
        <name>Ness Circle</name>
      </trkpt>
      <trkpt lat="57.3735400" lon="-2.0892430">
        <name>Ness Circle</name>
      </trkpt>
      <trkpt lat="57.3735980" lon="-2.0892900">
        <name>Ness Circle</name>
      </trkpt>
      <trkpt lat="57.3736560" lon="-2.0893370">
        <name>Ness Circle</name>
      </trkpt>
      <trkpt lat="57.3736790" lon="-2.0893560">
        <name>Ness Circle</name>
      </trkpt>
      <trkpt lat="57.3737020" lon="-2.0892140">
        <name>Ness Circle</name>
      </trkpt>
      <trkpt lat="57.3737250" lon="-2.0890720">
        <name>Ness Circle</name>
      </trkpt>
      <trkpt lat="57.3737480" lon="-2.0889300">
        <name>Ness Circle</name>
      </trkpt>
      <trkpt lat="57.3737710" lon="-2.0887880">
        <name>Ness Circle</name>
      </trkpt>
      <trkpt lat="57.3737840" lon="-2.0887065">
        <name>Ness Circle</name>
      </trkpt>
      <trkpt lat="57.3737970" lon="-2.0886250">
        <name>Ness Circle</name>
      </trkpt>
      <trkpt lat="57.3738757" lon="-2.0886700">
        <name>Ness Circle</name>
      </trkpt>
      <trkpt lat="57.3739543" lon="-2.0887150">
        <name>Ness Circle</name>
      </trkpt>
      <trkpt lat="57.3740330" lon="-2.0887600">
        <name>Ness Circle</name>
      </trkpt>
      <trkpt lat="57.3740220" lon="-2.0887540">
        <name>Ness Circle</name>
      </trkpt>
      <trkpt lat="57.3739470" lon="-2.0887110">
        <name>Ness Circle</name>
      </trkpt>
      <trkpt lat="57.3738720" lon="-2.0886680">
        <name>Ness Circle</name>
      </trkpt>
      <trkpt lat="57.3737970" lon="-2.0886250">
        <name>Ness Circle</name>
      </trkpt>
      <trkpt lat="57.3738140" lon="-2.0885147">
        <name>Ness Circle</name>
      </trkpt>
      <trkpt lat="57.3738310" lon="-2.0884043">
        <name>Ness Circle</name>
      </trkpt>
      <trkpt lat="57.3738480" lon="-2.0882940">
        <name>Ness Circle</name>
      </trkpt>
      <trkpt lat="57.3738580" lon="-2.0882260">
        <name>Ness Circle</name>
      </trkpt>
      <trkpt lat="57.3738377" lon="-2.0883590">
        <name>Ness Circle</name>
      </trkpt>
      <trkpt lat="57.3738173" lon="-2.0884920">
        <name>Ness Circle</name>
      </trkpt>
      <trkpt lat="57.3737970" lon="-2.0886250">
        <name>Ness Circle</name>
      </trkpt>
      <trkpt lat="57.3737755" lon="-2.0887585">
        <name>Ness Circle</name>
      </trkpt>
      <trkpt lat="57.3737540" lon="-2.0888920">
        <name>Ness Circle</name>
      </trkpt>
      <trkpt lat="57.3737325" lon="-2.0890255">
        <name>Ness Circle</name>
      </trkpt>
      <trkpt lat="57.3737110" lon="-2.0891590">
        <name>Ness Circle</name>
      </trkpt>
      <trkpt lat="57.3736950" lon="-2.0892575">
        <name>Ness Circle</name>
      </trkpt>
      <trkpt lat="57.3736790" lon="-2.0893560">
        <name>Ness Circle</name>
      </trkpt>
      <trkpt lat="57.3737650" lon="-2.0893990">
        <name>Ness Circle</name>
      </trkpt>
      <trkpt lat="57.3738050" lon="-2.0894140">
        <name>Ness Circle</name>
      </trkpt>
      <trkpt lat="57.3738550" lon="-2.0894330">
        <name>Ness Circle</name>
      </trkpt>
      <trkpt lat="57.3739185" lon="-2.0894540">
        <name>Ness Circle</name>
      </trkpt>
      <trkpt lat="57.3739820" lon="-2.0894750">
        <name>Ness Circle</name>
      </trkpt>
      <trkpt lat="57.3740050" lon="-2.0894810">
        <name>Ness Circle</name>
      </trkpt>
      <trkpt lat="57.3740720" lon="-2.0894980">
        <name>Ness Circle</name>
      </trkpt>
      <trkpt lat="57.3741390" lon="-2.0895150">
        <name>Ness Circle</name>
      </trkpt>
      <trkpt lat="57.3741920" lon="-2.0895335">
        <name>Ness Circle</name>
      </trkpt>
      <trkpt lat="57.3742450" lon="-2.0895520">
        <name>Ness Circle</name>
      </trkpt>
      <trkpt lat="57.3743133" lon="-2.0895757">
      </trkpt>
      <trkpt lat="57.3743815" lon="-2.0895995">
      </trkpt>
      <trkpt lat="57.3744498" lon="-2.0896232">
      </trkpt>
      <trkpt lat="57.3745180" lon="-2.0896470">
      </trkpt>
      <trkpt lat="57.3745290" lon="-2.0896510">
      </trkpt>
      <trkpt lat="57.3746160" lon="-2.0896805">
      </trkpt>
      <trkpt lat="57.3747030" lon="-2.0897100">
      </trkpt>
      <trkpt lat="57.3747773" lon="-2.0897353">
      </trkpt>
      <trkpt lat="57.3748517" lon="-2.0897607">
      </trkpt>
      <trkpt lat="57.3749260" lon="-2.0897860">
      </trkpt>
      <trkpt lat="57.3749550" lon="-2.0898010">
      </trkpt>
      <trkpt lat="57.3749760" lon="-2.0898120">
      </trkpt>
      <trkpt lat="57.3750240" lon="-2.0898500">
      </trkpt>
      <trkpt lat="57.3750810" lon="-2.0899180">
      </trkpt>
      <trkpt lat="57.3751330" lon="-2.0899840">
      </trkpt>
      <trkpt lat="57.3751920" lon="-2.0901050">
      </trkpt>
      <trkpt lat="57.3752420" lon="-2.0902360">
      </trkpt>
      <trkpt lat="57.3751763" lon="-2.0902990">
      </trkpt>
      <trkpt lat="57.3751105" lon="-2.0903620">
      </trkpt>
      <trkpt lat="57.3750448" lon="-2.0904250">
      </trkpt>
      <trkpt lat="57.3749790" lon="-2.0904880">
      </trkpt>
      <trkpt lat="57.3749080" lon="-2.0905560">
      </trkpt>
      <trkpt lat="57.3748830" lon="-2.0904720">
      </trkpt>
      <trkpt lat="57.3748580" lon="-2.0903880">
      </trkpt>
      <trkpt lat="57.3748830" lon="-2.0904720">
      </trkpt>
      <trkpt lat="57.3749080" lon="-2.0905560">
      </trkpt>
      <trkpt lat="57.3749370" lon="-2.0906545">
      </trkpt>
      <trkpt lat="57.3749660" lon="-2.0907530">
      </trkpt>
      <trkpt lat="57.3749370" lon="-2.0906545">
      </trkpt>
      <trkpt lat="57.3749080" lon="-2.0905560">
      </trkpt>
      <trkpt lat="57.3749653" lon="-2.0905010">
      </trkpt>
      <trkpt lat="57.3750227" lon="-2.0904460">
      </trkpt>
      <trkpt lat="57.3750800" lon="-2.0903910">
      </trkpt>
      <trkpt lat="57.3751340" lon="-2.0903393">
      </trkpt>
      <trkpt lat="57.3751880" lon="-2.0902877">
      </trkpt>
      <trkpt lat="57.3752420" lon="-2.0902360">
      </trkpt>
      <trkpt lat="57.3752570" lon="-2.0903000">
        <name>Ness Circle</name>
      </trkpt>
      <trkpt lat="57.3752730" lon="-2.0903720">
        <name>Ness Circle</name>
      </trkpt>
      <trkpt lat="57.3752820" lon="-2.0904590">
        <name>Ness Circle</name>
      </trkpt>
      <trkpt lat="57.3752910" lon="-2.0905460">
        <name>Ness Circle</name>
      </trkpt>
      <trkpt lat="57.3752980" lon="-2.0906120">
        <name>Ness Circle</name>
      </trkpt>
      <trkpt lat="57.3752955" lon="-2.0907200">
        <name>Ness Circle</name>
      </trkpt>
      <trkpt lat="57.3752930" lon="-2.0908280">
        <name>Ness Circle</name>
      </trkpt>
      <trkpt lat="57.3753680" lon="-2.0908640">
        <name>Ness Circle</name>
      </trkpt>
      <trkpt lat="57.3754430" lon="-2.0909000">
        <name>Ness Circle</name>
      </trkpt>
      <trkpt lat="57.3755180" lon="-2.0909360">
        <name>Ness Circle</name>
      </trkpt>
      <trkpt lat="57.3755420" lon="-2.0909480">
        <name>Ness Circle</name>
      </trkpt>
      <trkpt lat="57.3755620" lon="-2.0908075">
        <name>Ness Circle</name>
      </trkpt>
      <trkpt lat="57.3755820" lon="-2.0906670">
        <name>Ness Circle</name>
      </trkpt>
      <trkpt lat="57.3755620" lon="-2.0908075">
        <name>Ness Circle</name>
      </trkpt>
      <trkpt lat="57.3755420" lon="-2.0909480">
        <name>Ness Circle</name>
      </trkpt>
      <trkpt lat="57.3754697" lon="-2.0909130">
        <name>Ness Circle</name>
      </trkpt>
      <trkpt lat="57.3753973" lon="-2.0908780">
        <name>Ness Circle</name>
      </trkpt>
      <trkpt lat="57.3753250" lon="-2.0908430">
        <name>Ness Circle</name>
      </trkpt>
      <trkpt lat="57.3752930" lon="-2.0908280">
        <name>Ness Circle</name>
      </trkpt>
      <trkpt lat="57.3752870" lon="-2.0908740">
        <name>Ness Circle</name>
      </trkpt>
      <trkpt lat="57.3752840" lon="-2.0908990">
        <name>Ness Circle</name>
      </trkpt>
      <trkpt lat="57.3752540" lon="-2.0910520">
        <name>Ness Circle</name>
      </trkpt>
      <trkpt lat="57.3752270" lon="-2.0911905">
        <name>Ness Circle</name>
      </trkpt>
      <trkpt lat="57.3752000" lon="-2.0913290">
        <name>Ness Circle</name>
      </trkpt>
      <trkpt lat="57.3751825" lon="-2.0914175">
        <name>Ness Circle</name>
      </trkpt>
      <trkpt lat="57.3751650" lon="-2.0915060">
        <name>Ness Circle</name>
      </trkpt>
      <trkpt lat="57.3751510" lon="-2.0916240">
        <name>Ness Circle</name>
      </trkpt>
      <trkpt lat="57.3751430" lon="-2.0916970">
        <name>Ness Circle</name>
      </trkpt>
      <trkpt lat="57.3750975" lon="-2.0916765">
        <name>Ness Circle</name>
      </trkpt>
      <trkpt lat="57.3750520" lon="-2.0916560">
        <name>Ness Circle</name>
      </trkpt>
      <trkpt lat="57.3750350" lon="-2.0916470">
        <name>Ness Circle</name>
      </trkpt>
      <trkpt lat="57.3749637" lon="-2.0916087">
        <name>Ness Circle</name>
      </trkpt>
      <trkpt lat="57.3748923" lon="-2.0915703">
        <name>Ness Circle</name>
      </trkpt>
      <trkpt lat="57.3748210" lon="-2.0915320">
        <name>Ness Circle</name>
      </trkpt>
      <trkpt lat="57.3747593" lon="-2.0914987">
        <name>Ness Circle</name>
      </trkpt>
      <trkpt lat="57.3746977" lon="-2.0914653">
        <name>Ness Circle</name>
      </trkpt>
      <trkpt lat="57.3746360" lon="-2.0914320">
        <name>Ness Circle</name>
      </trkpt>
      <trkpt lat="57.3746250" lon="-2.0914260">
        <name>Ness Circle</name>
      </trkpt>
      <trkpt lat="57.3746067" lon="-2.0915540">
        <name>Ness Circle</name>
      </trkpt>
      <trkpt lat="57.3745883" lon="-2.0916820">
        <name>Ness Circle</name>
      </trkpt>
      <trkpt lat="57.3745700" lon="-2.0918100">
        <name>Ness Circle</name>
      </trkpt>
      <trkpt lat="57.3745730" lon="-2.0917870">
        <name>Ness Circle</name>
      </trkpt>
      <trkpt lat="57.3745903" lon="-2.0916667">
        <name>Ness Circle</name>
      </trkpt>
      <trkpt lat="57.3746077" lon="-2.0915463">
        <name>Ness Circle</name>
      </trkpt>
      <trkpt lat="57.3746250" lon="-2.0914260">
        <name>Ness Circle</name>
      </trkpt>
      <trkpt lat="57.3745680" lon="-2.0913950">
        <name>Ness Circle</name>
      </trkpt>
      <trkpt lat="57.3745110" lon="-2.0913640">
        <name>Ness Circle</name>
      </trkpt>
      <trkpt lat="57.3745680" lon="-2.0913950">
        <name>Ness Circle</name>
      </trkpt>
      <trkpt lat="57.3746250" lon="-2.0914260">
        <name>Ness Circle</name>
      </trkpt>
      <trkpt lat="57.3746760" lon="-2.0914540">
        <name>Ness Circle</name>
      </trkpt>
      <trkpt lat="57.3747490" lon="-2.0914933">
        <name>Ness Circle</name>
      </trkpt>
      <trkpt lat="57.3748220" lon="-2.0915327">
        <name>Ness Circle</name>
      </trkpt>
      <trkpt lat="57.3748950" lon="-2.0915720">
        <name>Ness Circle</name>
      </trkpt>
      <trkpt lat="57.3749735" lon="-2.0916140">
        <name>Ness Circle</name>
      </trkpt>
      <trkpt lat="57.3750520" lon="-2.0916560">
        <name>Ness Circle</name>
      </trkpt>
      <trkpt lat="57.3750750" lon="-2.0916670">
        <name>Ness Circle</name>
      </trkpt>
      <trkpt lat="57.3751430" lon="-2.0916970">
        <name>Ness Circle</name>
      </trkpt>
      <trkpt lat="57.3751380" lon="-2.0918150">
        <name>Davan Place</name>
      </trkpt>
      <trkpt lat="57.3751330" lon="-2.0919540">
        <name>Davan Place</name>
      </trkpt>
      <trkpt lat="57.3751375" lon="-2.0920490">
        <name>Davan Place</name>
      </trkpt>
      <trkpt lat="57.3751420" lon="-2.0921440">
        <name>Davan Place</name>
      </trkpt>
      <trkpt lat="57.3751370" lon="-2.0922920">
        <name>Davan Place</name>
      </trkpt>
      <trkpt lat="57.3751110" lon="-2.0924510">
        <name>Davan Place</name>
      </trkpt>
      <trkpt lat="57.3750950" lon="-2.0925500">
        <name>Davan Place</name>
      </trkpt>
      <trkpt lat="57.3750585" lon="-2.0926340">
        <name>Davan Place</name>
      </trkpt>
      <trkpt lat="57.3750220" lon="-2.0927180">
        <name>Davan Place</name>
      </trkpt>
      <trkpt lat="57.3750070" lon="-2.0927540">
        <name>Davan Place</name>
      </trkpt>
      <trkpt lat="57.3749440" lon="-2.0928360">
        <name>Davan Place</name>
      </trkpt>
      <trkpt lat="57.3748870" lon="-2.0929090">
        <name>Davan Place</name>
      </trkpt>
      <trkpt lat="57.3748330" lon="-2.0929400">
        <name>Davan Place</name>
      </trkpt>
      <trkpt lat="57.3747660" lon="-2.0929780">
        <name>Davan Place</name>
      </trkpt>
      <trkpt lat="57.3746890" lon="-2.0929870">
        <name>Davan Place</name>
      </trkpt>
      <trkpt lat="57.3746820" lon="-2.0930780">
        <name>Davan Place</name>
      </trkpt>
      <trkpt lat="57.3746800" lon="-2.0931090">
        <name>Davan Place</name>
      </trkpt>
      <trkpt lat="57.3746625" lon="-2.0932210">
        <name>Davan Place</name>
      </trkpt>
      <trkpt lat="57.3746450" lon="-2.0933330">
        <name>Davan Place</name>
      </trkpt>
      <trkpt lat="57.3746275" lon="-2.0934440">
        <name>Davan Place</name>
      </trkpt>
      <trkpt lat="57.3746100" lon="-2.0935550">
        <name>Davan Place</name>
      </trkpt>
      <trkpt lat="57.3746850" lon="-2.0935920">
        <name>Davan Place</name>
      </trkpt>
      <trkpt lat="57.3746960" lon="-2.0935970">
        <name>Davan Place</name>
      </trkpt>
      <trkpt lat="57.3746100" lon="-2.0935550">
        <name>Davan Place</name>
      </trkpt>
      <trkpt lat="57.3745495" lon="-2.0935270">
        <name>Davan Place</name>
      </trkpt>
      <trkpt lat="57.3744890" lon="-2.0934990">
        <name>Davan Place</name>
      </trkpt>
      <trkpt lat="57.3745495" lon="-2.0935270">
        <name>Davan Place</name>
      </trkpt>
      <trkpt lat="57.3746100" lon="-2.0935550">
        <name>Davan Place</name>
      </trkpt>
      <trkpt lat="57.3746280" lon="-2.0934430">
        <name>Davan Place</name>
      </trkpt>
      <trkpt lat="57.3746470" lon="-2.0933220">
        <name>Davan Place</name>
      </trkpt>
      <trkpt lat="57.3746660" lon="-2.0932010">
        <name>Davan Place</name>
      </trkpt>
      <trkpt lat="57.3746800" lon="-2.0931090">
        <name>Davan Place</name>
      </trkpt>
      <trkpt lat="57.3746890" lon="-2.0929870">
        <name>Davan Place</name>
      </trkpt>
      <trkpt lat="57.3746160" lon="-2.0929690">
        <name>Davan Place</name>
      </trkpt>
      <trkpt lat="57.3745920" lon="-2.0929550">
        <name>Ness Circle</name>
      </trkpt>
      <trkpt lat="57.3745245" lon="-2.0929165">
        <name>Ness Circle</name>
      </trkpt>
      <trkpt lat="57.3744570" lon="-2.0928780">
        <name>Ness Circle</name>
      </trkpt>
      <trkpt lat="57.3744035" lon="-2.0928375">
        <name>Ness Circle</name>
      </trkpt>
      <trkpt lat="57.3743500" lon="-2.0927970">
        <name>Ness Circle</name>
      </trkpt>
      <trkpt lat="57.3743140" lon="-2.0927690">
        <name>Ness Circle</name>
      </trkpt>
      <trkpt lat="57.3742500" lon="-2.0927030">
        <name>Ness Circle</name>
      </trkpt>
      <trkpt lat="57.3741830" lon="-2.0926340">
        <name>Ness Circle</name>
      </trkpt>
      <trkpt lat="57.3741760" lon="-2.0926220">
        <name>Ness Circle</name>
      </trkpt>
      <trkpt lat="57.3741150" lon="-2.0925110">
        <name>Ness Circle</name>
      </trkpt>
      <trkpt lat="57.3740845" lon="-2.0924360">
        <name>Ness Circle</name>
      </trkpt>
      <trkpt lat="57.3740540" lon="-2.0923610">
        <name>Ness Circle</name>
      </trkpt>
      <trkpt lat="57.3740430" lon="-2.0923340">
        <name>Ness Circle</name>
      </trkpt>
      <trkpt lat="57.3740050" lon="-2.0921890">
        <name>Ness Circle</name>
      </trkpt>
      <trkpt lat="57.3739890" lon="-2.0921260">
        <name>Ness Circle</name>
      </trkpt>
      <trkpt lat="57.3739365" lon="-2.0921570">
        <name>Ness Circle</name>
      </trkpt>
      <trkpt lat="57.3738840" lon="-2.0921880">
        <name>Ness Circle</name>
      </trkpt>
      <trkpt lat="57.3738045" lon="-2.0922350">
        <name>Ness Circle</name>
      </trkpt>
      <trkpt lat="57.3737250" lon="-2.0922820">
        <name>Ness Circle</name>
      </trkpt>
      <trkpt lat="57.3736820" lon="-2.0923070">
        <name>Ness Circle</name>
      </trkpt>
      <trkpt lat="57.3736510" lon="-2.0923540">
        <name>Ness Circle</name>
      </trkpt>
      <trkpt lat="57.3736440" lon="-2.0923650">
        <name>Ness Circle</name>
      </trkpt>
      <trkpt lat="57.3736240" lon="-2.0924020">
        <name>Ness Circle</name>
      </trkpt>
      <trkpt lat="57.3736170" lon="-2.0924230">
        <name>Ness Circle</name>
      </trkpt>
      <trkpt lat="57.3735880" lon="-2.0925190">
        <name>Ness Circle</name>
      </trkpt>
      <trkpt lat="57.3735730" lon="-2.0926330">
        <name>Ness Circle</name>
      </trkpt>
      <trkpt lat="57.3735580" lon="-2.0927470">
        <name>Ness Circle</name>
      </trkpt>
      <trkpt lat="57.3735370" lon="-2.0929080">
        <name>Ness Circle</name>
      </trkpt>
      <trkpt lat="57.3736167" lon="-2.0929480">
        <name>Ness Circle</name>
      </trkpt>
      <trkpt lat="57.3736963" lon="-2.0929880">
        <name>Ness Circle</name>
      </trkpt>
      <trkpt lat="57.3737760" lon="-2.0930280">
        <name>Ness Circle</name>
      </trkpt>
      <trkpt lat="57.3737560" lon="-2.0930180">
        <name>Ness Circle</name>
      </trkpt>
      <trkpt lat="57.3736830" lon="-2.0929813">
        <name>Ness Circle</name>
      </trkpt>
      <trkpt lat="57.3736100" lon="-2.0929447">
        <name>Ness Circle</name>
      </trkpt>
      <trkpt lat="57.3735370" lon="-2.0929080">
        <name>Ness Circle</name>
      </trkpt>
      <trkpt lat="57.3734845" lon="-2.0928805">
        <name>Ness Circle</name>
      </trkpt>
      <trkpt lat="57.3734320" lon="-2.0928530">
        <name>Ness Circle</name>
      </trkpt>
      <trkpt lat="57.3734845" lon="-2.0928805">
        <name>Ness Circle</name>
      </trkpt>
      <trkpt lat="57.3735370" lon="-2.0929080">
        <name>Ness Circle</name>
      </trkpt>
      <trkpt lat="57.3735550" lon="-2.0927705">
        <name>Ness Circle</name>
      </trkpt>
      <trkpt lat="57.3735730" lon="-2.0926330">
        <name>Ness Circle</name>
      </trkpt>
      <trkpt lat="57.3735880" lon="-2.0925190">
        <name>Ness Circle</name>
      </trkpt>
      <trkpt lat="57.3736240" lon="-2.0924020">
        <name>Ness Circle</name>
      </trkpt>
      <trkpt lat="57.3736440" lon="-2.0923650">
        <name>Ness Circle</name>
      </trkpt>
      <trkpt lat="57.3736510" lon="-2.0923540">
        <name>Ness Circle</name>
      </trkpt>
      <trkpt lat="57.3736820" lon="-2.0923070">
        <name>Ness Circle</name>
      </trkpt>
      <trkpt lat="57.3737360" lon="-2.0922750">
        <name>Ness Circle</name>
      </trkpt>
      <trkpt lat="57.3737900" lon="-2.0922430">
        <name>Ness Circle</name>
      </trkpt>
      <trkpt lat="57.3738563" lon="-2.0922040">
        <name>Ness Circle</name>
      </trkpt>
      <trkpt lat="57.3739227" lon="-2.0921650">
        <name>Ness Circle</name>
      </trkpt>
      <trkpt lat="57.3739890" lon="-2.0921260">
        <name>Ness Circle</name>
      </trkpt>
      <trkpt lat="57.3739780" lon="-2.0920220">
        <name>Ness Circle</name>
      </trkpt>
      <trkpt lat="57.3739675" lon="-2.0919180">
        <name>Ness Circle</name>
      </trkpt>
      <trkpt lat="57.3739570" lon="-2.0918140">
        <name>Ness Circle</name>
      </trkpt>
      <trkpt lat="57.3739430" lon="-2.0916740">
        <name>Ness Circle</name>
      </trkpt>
      <trkpt lat="57.3739290" lon="-2.0915725">
        <name>Ness Circle</name>
      </trkpt>
      <trkpt lat="57.3739150" lon="-2.0914710">
        <name>Ness Circle</name>
      </trkpt>
      <trkpt lat="57.3738710" lon="-2.0913290">
        <name>Ness Circle</name>
      </trkpt>
      <trkpt lat="57.3738220" lon="-2.0911990">
        <name>Ness Circle</name>
      </trkpt>
      <trkpt lat="57.3738700" lon="-2.0911190">
        <name>Ness Circle</name>
      </trkpt>
      <trkpt lat="57.3739140" lon="-2.0910465">
        <name>Ness Circle</name>
      </trkpt>
      <trkpt lat="57.3739580" lon="-2.0909740">
        <name>Ness Circle</name>
      </trkpt>
      <trkpt lat="57.3739930" lon="-2.0908530">
        <name>Ness Circle</name>
      </trkpt>
      <trkpt lat="57.3740020" lon="-2.0908200">
        <name>Ness Circle</name>
      </trkpt>
      <trkpt lat="57.3740210" lon="-2.0907540">
        <name>Ness Circle</name>
      </trkpt>
      <trkpt lat="57.3740440" lon="-2.0905960">
        <name>Ness Circle</name>
      </trkpt>
      <trkpt lat="57.3741020" lon="-2.0906230">
        <name>Ness Circle</name>
      </trkpt>
      <trkpt lat="57.3741790" lon="-2.0906580">
        <name>Ness Circle</name>
      </trkpt>
      <trkpt lat="57.3742560" lon="-2.0906930">
        <name>Ness Circle</name>
      </trkpt>
      <trkpt lat="57.3742990" lon="-2.0906890">
        <name>Ness Circle</name>
      </trkpt>
      <trkpt lat="57.3743260" lon="-2.0906680">
        <name>Ness Circle</name>
      </trkpt>
      <trkpt lat="57.3743400" lon="-2.0906560">
        <name>Ness Circle</name>
      </trkpt>
      <trkpt lat="57.3743690" lon="-2.0906030">
        <name>Ness Circle</name>
      </trkpt>
      <trkpt lat="57.3743930" lon="-2.0905360">
        <name>Ness Circle</name>
      </trkpt>
      <trkpt lat="57.3744180" lon="-2.0903840">
        <name>Ness Circle</name>
      </trkpt>
      <trkpt lat="57.3744320" lon="-2.0902960">
        <name>Ness Circle</name>
      </trkpt>
      <trkpt lat="57.3744835" lon="-2.0903190">
        <name>Ness Circle</name>
      </trkpt>
      <trkpt lat="57.3745350" lon="-2.0903420">
        <name>Ness Circle</name>
      </trkpt>
      <trkpt lat="57.3745580" lon="-2.0903530">
        <name>Ness Circle</name>
      </trkpt>
      <trkpt lat="57.3744950" lon="-2.0903245">
        <name>Ness Circle</name>
      </trkpt>
      <trkpt lat="57.3744320" lon="-2.0902960">
        <name>Ness Circle</name>
      </trkpt>
      <trkpt lat="57.3744470" lon="-2.0901910">
        <name>Ness Circle</name>
      </trkpt>
      <trkpt lat="57.3744620" lon="-2.0900860">
        <name>Ness Circle</name>
      </trkpt>
      <trkpt lat="57.3744470" lon="-2.0901910">
        <name>Ness Circle</name>
      </trkpt>
      <trkpt lat="57.3744320" lon="-2.0902960">
        <name>Ness Circle</name>
      </trkpt>
      <trkpt lat="57.3744125" lon="-2.0904160">
        <name>Ness Circle</name>
      </trkpt>
      <trkpt lat="57.3743930" lon="-2.0905360">
        <name>Ness Circle</name>
      </trkpt>
      <trkpt lat="57.3743830" lon="-2.0905630">
        <name>Ness Circle</name>
      </trkpt>
      <trkpt lat="57.3743690" lon="-2.0906030">
        <name>Ness Circle</name>
      </trkpt>
      <trkpt lat="57.3743400" lon="-2.0906560">
        <name>Ness Circle</name>
      </trkpt>
      <trkpt lat="57.3742990" lon="-2.0906890">
        <name>Ness Circle</name>
      </trkpt>
      <trkpt lat="57.3742560" lon="-2.0906930">
        <name>Ness Circle</name>
      </trkpt>
      <trkpt lat="57.3741860" lon="-2.0906610">
        <name>Ness Circle</name>
      </trkpt>
      <trkpt lat="57.3741150" lon="-2.0906285">
        <name>Ness Circle</name>
      </trkpt>
      <trkpt lat="57.3740440" lon="-2.0905960">
        <name>Ness Circle</name>
      </trkpt>
      <trkpt lat="57.3740525" lon="-2.0904935">
        <name>Ness Circle</name>
      </trkpt>
      <trkpt lat="57.3740610" lon="-2.0903910">
        <name>Ness Circle</name>
      </trkpt>
      <trkpt lat="57.3740723" lon="-2.0902510">
        <name>Ness Circle</name>
      </trkpt>
      <trkpt lat="57.3740837" lon="-2.0901110">
        <name>Ness Circle</name>
      </trkpt>
      <trkpt lat="57.3740950" lon="-2.0899710">
        <name>Ness Circle</name>
      </trkpt>
      <trkpt lat="57.3741097" lon="-2.0898190">
        <name>Ness Circle</name>
      </trkpt>
      <trkpt lat="57.3741243" lon="-2.0896670">
        <name>Ness Circle</name>
      </trkpt>
      <trkpt lat="57.3741390" lon="-2.0895150">
        <name>Ness Circle</name>
      </trkpt>
      <trkpt lat="57.3740605" lon="-2.0894950">
        <name>Ness Circle</name>
      </trkpt>
      <trkpt lat="57.3739820" lon="-2.0894750">
        <name>Ness Circle</name>
      </trkpt>
      <trkpt lat="57.3739185" lon="-2.0894540">
        <name>Ness Circle</name>
      </trkpt>
      <trkpt lat="57.3738550" lon="-2.0894330">
        <name>Ness Circle</name>
      </trkpt>
      <trkpt lat="57.3738100" lon="-2.0894160">
        <name>Ness Circle</name>
      </trkpt>
      <trkpt lat="57.3737650" lon="-2.0893990">
        <name>Ness Circle</name>
      </trkpt>
      <trkpt lat="57.3736790" lon="-2.0893560">
        <name>Ness Circle</name>
      </trkpt>
      <trkpt lat="57.3737026" lon="-2.0892098">
        <name>Ness Circle</name>
      </trkpt>
      <trkpt lat="57.3737262" lon="-2.0890636">
        <name>Ness Circle</name>
      </trkpt>
      <trkpt lat="57.3737498" lon="-2.0889174">
        <name>Ness Circle</name>
      </trkpt>
      <trkpt lat="57.3737734" lon="-2.0887712">
        <name>Ness Circle</name>
      </trkpt>
      <trkpt lat="57.3737970" lon="-2.0886250">
        <name>Ness Circle</name>
      </trkpt>
      <trkpt lat="57.3738173" lon="-2.0884920">
        <name>Ness Circle</name>
      </trkpt>
      <trkpt lat="57.3738377" lon="-2.0883590">
        <name>Ness Circle</name>
      </trkpt>
      <trkpt lat="57.3738580" lon="-2.0882260">
        <name>Ness Circle</name>
      </trkpt>
      <trkpt lat="57.3738377" lon="-2.0883590">
        <name>Ness Circle</name>
      </trkpt>
      <trkpt lat="57.3738173" lon="-2.0884920">
        <name>Ness Circle</name>
      </trkpt>
      <trkpt lat="57.3737970" lon="-2.0886250">
        <name>Ness Circle</name>
      </trkpt>
      <trkpt lat="57.3737734" lon="-2.0887712">
        <name>Ness Circle</name>
      </trkpt>
      <trkpt lat="57.3737498" lon="-2.0889174">
        <name>Ness Circle</name>
      </trkpt>
      <trkpt lat="57.3737262" lon="-2.0890636">
        <name>Ness Circle</name>
      </trkpt>
      <trkpt lat="57.3737026" lon="-2.0892098">
        <name>Ness Circle</name>
      </trkpt>
      <trkpt lat="57.3736790" lon="-2.0893560">
        <name>Ness Circle</name>
      </trkpt>
      <trkpt lat="57.3737650" lon="-2.0893990">
        <name>Ness Circle</name>
      </trkpt>
      <trkpt lat="57.3738100" lon="-2.0894160">
        <name>Ness Circle</name>
      </trkpt>
      <trkpt lat="57.3738550" lon="-2.0894330">
        <name>Ness Circle</name>
      </trkpt>
      <trkpt lat="57.3739185" lon="-2.0894540">
        <name>Ness Circle</name>
      </trkpt>
      <trkpt lat="57.3739820" lon="-2.0894750">
        <name>Ness Circle</name>
      </trkpt>
      <trkpt lat="57.3740605" lon="-2.0894950">
        <name>Ness Circle</name>
      </trkpt>
      <trkpt lat="57.3741390" lon="-2.0895150">
        <name>Ness Circle</name>
      </trkpt>
      <trkpt lat="57.3741330" lon="-2.0895770">
        <name>Ness Circle</name>
      </trkpt>
      <trkpt lat="57.3741200" lon="-2.0897133">
        <name>Ness Circle</name>
      </trkpt>
      <trkpt lat="57.3741070" lon="-2.0898497">
        <name>Ness Circle</name>
      </trkpt>
      <trkpt lat="57.3740940" lon="-2.0899860">
        <name>Ness Circle</name>
      </trkpt>
      <trkpt lat="57.3740870" lon="-2.0900715">
        <name>Ness Circle</name>
      </trkpt>
      <trkpt lat="57.3740800" lon="-2.0901570">
        <name>Ness Circle</name>
      </trkpt>
      <trkpt lat="57.3740680" lon="-2.0903033">
        <name>Ness Circle</name>
      </trkpt>
      <trkpt lat="57.3740560" lon="-2.0904497">
        <name>Ness Circle</name>
      </trkpt>
      <trkpt lat="57.3740440" lon="-2.0905960">
        <name>Ness Circle</name>
      </trkpt>
      <trkpt lat="57.3740350" lon="-2.0906590">
        <name>Ness Circle</name>
      </trkpt>
      <trkpt lat="57.3740210" lon="-2.0907540">
        <name>Ness Circle</name>
      </trkpt>
      <trkpt lat="57.3739930" lon="-2.0908530">
        <name>Ness Circle</name>
      </trkpt>
      <trkpt lat="57.3739580" lon="-2.0909740">
        <name>Ness Circle</name>
      </trkpt>
      <trkpt lat="57.3739440" lon="-2.0909970">
        <name>Ness Circle</name>
      </trkpt>
      <trkpt lat="57.3738830" lon="-2.0910980">
        <name>Ness Circle</name>
      </trkpt>
      <trkpt lat="57.3738220" lon="-2.0911990">
        <name>Ness Circle</name>
      </trkpt>
      <trkpt lat="57.3737590" lon="-2.0911070">
        <name>Ness Circle</name>
      </trkpt>
      <trkpt lat="57.3737180" lon="-2.0910470">
        <name>Ness Circle</name>
      </trkpt>
      <trkpt lat="57.3736410" lon="-2.0909830">
        <name>Ness Circle</name>
      </trkpt>
      <trkpt lat="57.3735970" lon="-2.0909470">
        <name>Ness Circle</name>
      </trkpt>
      <trkpt lat="57.3735850" lon="-2.0909420">
        <name>Ness Circle</name>
      </trkpt>
      <trkpt lat="57.3735360" lon="-2.0909220">
        <name>Ness Circle</name>
      </trkpt>
      <trkpt lat="57.3734690" lon="-2.0909190">
        <name>Ness Circle</name>
      </trkpt>
      <trkpt lat="57.3733810" lon="-2.0909500">
        <name>Ness Circle</name>
      </trkpt>
      <trkpt lat="57.3733140" lon="-2.0909740">
        <name>Ness Circle</name>
      </trkpt>
      <trkpt lat="57.3733330" lon="-2.0911070">
        <name>Ness Circle</name>
      </trkpt>
      <trkpt lat="57.3733350" lon="-2.0911380">
        <name>Ness Circle</name>
      </trkpt>
      <trkpt lat="57.3733370" lon="-2.0911750">
        <name>Ness Circle</name>
      </trkpt>
      <trkpt lat="57.3733370" lon="-2.0912450">
        <name>Ness Circle</name>
      </trkpt>
      <trkpt lat="57.3733225" lon="-2.0913515">
        <name>Ness Circle</name>
      </trkpt>
      <trkpt lat="57.3733080" lon="-2.0914580">
        <name>Ness Circle</name>
      </trkpt>
      <trkpt lat="57.3732907" lon="-2.0915843">
        <name>Ness Circle</name>
      </trkpt>
      <trkpt lat="57.3732733" lon="-2.0917107">
        <name>Ness Circle</name>
      </trkpt>
      <trkpt lat="57.3732560" lon="-2.0918370">
        <name>Ness Circle</name>
      </trkpt>
      <trkpt lat="57.3731837" lon="-2.0917970">
        <name>Ness Circle</name>
      </trkpt>
      <trkpt lat="57.3731113" lon="-2.0917570">
        <name>Ness Circle</name>
      </trkpt>
      <trkpt lat="57.3730390" lon="-2.0917170">
        <name>Ness Circle</name>
      </trkpt>
      <trkpt lat="57.3731067" lon="-2.0917543">
        <name>Ness Circle</name>
      </trkpt>
      <trkpt lat="57.3731743" lon="-2.0917917">
        <name>Ness Circle</name>
      </trkpt>
      <trkpt lat="57.3732420" lon="-2.0918290">
        <name>Ness Circle</name>
      </trkpt>
      <trkpt lat="57.3732560" lon="-2.0918370">
        <name>Ness Circle</name>
      </trkpt>
      <trkpt lat="57.3732370" lon="-2.0919715">
        <name>Ness Circle</name>
      </trkpt>
      <trkpt lat="57.3732180" lon="-2.0921060">
        <name>Ness Circle</name>
      </trkpt>
      <trkpt lat="57.3732160" lon="-2.0921240">
        <name>Ness Circle</name>
      </trkpt>
      <trkpt lat="57.3732360" lon="-2.0919805">
        <name>Ness Circle</name>
      </trkpt>
      <trkpt lat="57.3732560" lon="-2.0918370">
        <name>Ness Circle</name>
      </trkpt>
      <trkpt lat="57.3732727" lon="-2.0917137">
        <name>Laggan Place</name>
      </trkpt>
      <trkpt lat="57.3732895" lon="-2.0915905">
        <name>Laggan Place</name>
      </trkpt>
      <trkpt lat="57.3733062" lon="-2.0914672">
        <name>Laggan Place</name>
      </trkpt>
      <trkpt lat="57.3733230" lon="-2.0913440">
        <name>Laggan Place</name>
      </trkpt>
      <trkpt lat="57.3733370" lon="-2.0912450">
        <name>Laggan Place</name>
      </trkpt>
      <trkpt lat="57.3733370" lon="-2.0911750">
        <name>Laggan Place</name>
      </trkpt>
      <trkpt lat="57.3733330" lon="-2.0911070">
        <name>Laggan Place</name>
      </trkpt>
      <trkpt lat="57.3733250" lon="-2.0910540">
        <name>Laggan Place</name>
      </trkpt>
      <trkpt lat="57.3733140" lon="-2.0909740">
        <name>Laggan Place</name>
      </trkpt>
      <trkpt lat="57.3732380" lon="-2.0910210">
        <name>Laggan Place</name>
      </trkpt>
      <trkpt lat="57.3731620" lon="-2.0910680">
        <name>Laggan Place</name>
      </trkpt>
      <trkpt lat="57.3731480" lon="-2.0910770">
        <name>Laggan Place</name>
      </trkpt>
      <trkpt lat="57.3730920" lon="-2.0910940">
        <name>Laggan Place</name>
      </trkpt>
      <trkpt lat="57.3730380" lon="-2.0910780">
        <name>Laggan Place</name>
      </trkpt>
      <trkpt lat="57.3729850" lon="-2.0910490">
        <name>Laggan Place</name>
      </trkpt>
      <trkpt lat="57.3729380" lon="-2.0910140">
        <name>Laggan Place</name>
      </trkpt>
      <trkpt lat="57.3728965" lon="-2.0909420">
        <name>Laggan Place</name>
      </trkpt>
      <trkpt lat="57.3728550" lon="-2.0908700">
        <name>Laggan Place</name>
      </trkpt>
      <trkpt lat="57.3728320" lon="-2.0908300">
        <name>Laggan Place</name>
      </trkpt>
      <trkpt lat="57.3728085" lon="-2.0907460">
        <name>Laggan Place</name>
      </trkpt>
      <trkpt lat="57.3727850" lon="-2.0906620">
        <name>Laggan Place</name>
      </trkpt>
      <trkpt lat="57.3727820" lon="-2.0906200">
        <name>Laggan Place</name>
      </trkpt>
      <trkpt lat="57.3727750" lon="-2.0905340">
        <name>Laggan Place</name>
      </trkpt>
      <trkpt lat="57.3727020" lon="-2.0905520">
        <name>Laggan Place</name>
      </trkpt>
      <trkpt lat="57.3726290" lon="-2.0905700">
        <name>Laggan Place</name>
      </trkpt>
      <trkpt lat="57.3725550" lon="-2.0905690">
        <name>Laggan Place</name>
      </trkpt>
      <trkpt lat="57.3725040" lon="-2.0905470">
        <name>Laggan Place</name>
      </trkpt>
      <trkpt lat="57.3724325" lon="-2.0905155">
        <name>Laggan Place</name>
      </trkpt>
      <trkpt lat="57.3723610" lon="-2.0904840">
        <name>Laggan Place</name>
      </trkpt>
      <trkpt lat="57.3723580" lon="-2.0905050">
        <name>Laggan Place</name>
      </trkpt>
      <trkpt lat="57.3723450" lon="-2.0905975">
        <name>Laggan Place</name>
      </trkpt>
      <trkpt lat="57.3723320" lon="-2.0906900">
        <name>Laggan Place</name>
      </trkpt>
      <trkpt lat="57.3723260" lon="-2.0907320">
        <name>Laggan Place</name>
      </trkpt>
      <trkpt lat="57.3723435" lon="-2.0906080">
        <name>Laggan Place</name>
      </trkpt>
      <trkpt lat="57.3723610" lon="-2.0904840">
        <name>Laggan Place</name>
      </trkpt>
      <trkpt lat="57.3723040" lon="-2.0904565">
        <name>Laggan Place</name>
      </trkpt>
      <trkpt lat="57.3722470" lon="-2.0904290">
        <name>Laggan Place</name>
      </trkpt>
      <trkpt lat="57.3723040" lon="-2.0904565">
        <name>Laggan Place</name>
      </trkpt>
      <trkpt lat="57.3723610" lon="-2.0904840">
        <name>Laggan Place</name>
      </trkpt>
      <trkpt lat="57.3724170" lon="-2.0905080">
        <name>Laggan Place</name>
      </trkpt>
      <trkpt lat="57.3724860" lon="-2.0905385">
        <name>Laggan Place</name>
      </trkpt>
      <trkpt lat="57.3725550" lon="-2.0905690">
        <name>Laggan Place</name>
      </trkpt>
      <trkpt lat="57.3726290" lon="-2.0905700">
        <name>Laggan Place</name>
      </trkpt>
      <trkpt lat="57.3726620" lon="-2.0905620">
        <name>Laggan Place</name>
      </trkpt>
      <trkpt lat="57.3727185" lon="-2.0905480">
        <name>Laggan Place</name>
      </trkpt>
      <trkpt lat="57.3727750" lon="-2.0905340">
        <name>Laggan Place</name>
      </trkpt>
      <trkpt lat="57.3727760" lon="-2.0904365">
        <name>Laggan Place</name>
      </trkpt>
      <trkpt lat="57.3727770" lon="-2.0903390">
        <name>Laggan Place</name>
      </trkpt>
      <trkpt lat="57.3727775" lon="-2.0902535">
        <name>Laggan Place</name>
      </trkpt>
      <trkpt lat="57.3727780" lon="-2.0901680">
        <name>Laggan Place</name>
      </trkpt>
      <trkpt lat="57.3728320" lon="-2.0901790">
        <name>Laggan Place</name>
      </trkpt>
      <trkpt lat="57.3728860" lon="-2.0901900">
        <name>Laggan Place</name>
      </trkpt>
      <trkpt lat="57.3729240" lon="-2.0901940">
        <name>Laggan Place</name>
      </trkpt>
      <trkpt lat="57.3730050" lon="-2.0902020">
        <name>Laggan Place</name>
      </trkpt>
      <trkpt lat="57.3730780" lon="-2.0901950">
        <name>Laggan Place</name>
      </trkpt>
      <trkpt lat="57.3730980" lon="-2.0901820">
        <name>Laggan Place</name>
      </trkpt>
      <trkpt lat="57.3731280" lon="-2.0901630">
        <name>Laggan Place</name>
      </trkpt>
      <trkpt lat="57.3731670" lon="-2.0900960">
        <name>Laggan Place</name>
      </trkpt>
      <trkpt lat="57.3731990" lon="-2.0900100">
        <name>Laggan Place</name>
      </trkpt>
      <trkpt lat="57.3732130" lon="-2.0899620">
        <name>Laggan Place</name>
      </trkpt>
      <trkpt lat="57.3732300" lon="-2.0899080">
        <name>Ness Circle</name>
      </trkpt>
      <trkpt lat="57.3732745" lon="-2.0899260">
        <name>Ness Circle</name>
      </trkpt>
      <trkpt lat="57.3733190" lon="-2.0899440">
        <name>Ness Circle</name>
      </trkpt>
      <trkpt lat="57.3732745" lon="-2.0899260">
        <name>Ness Circle</name>
      </trkpt>
      <trkpt lat="57.3732300" lon="-2.0899080">
        <name>Ness Circle</name>
      </trkpt>
      <trkpt lat="57.3732440" lon="-2.0897870">
        <name>Ness Circle</name>
      </trkpt>
      <trkpt lat="57.3732580" lon="-2.0896660">
        <name>Ness Circle</name>
      </trkpt>
      <trkpt lat="57.3732440" lon="-2.0897870">
        <name>Ness Circle</name>
      </trkpt>
      <trkpt lat="57.3732300" lon="-2.0899080">
        <name>Ness Circle</name>
      </trkpt>
      <trkpt lat="57.3731990" lon="-2.0900100">
        <name>Ness Circle</name>
      </trkpt>
      <trkpt lat="57.3731730" lon="-2.0900790">
        <name>Ness Circle</name>
      </trkpt>
      <trkpt lat="57.3731670" lon="-2.0900960">
        <name>Ness Circle</name>
      </trkpt>
      <trkpt lat="57.3731280" lon="-2.0901630">
        <name>Ness Circle</name>
      </trkpt>
      <trkpt lat="57.3730780" lon="-2.0901950">
        <name>Ness Circle</name>
      </trkpt>
      <trkpt lat="57.3730050" lon="-2.0902020">
        <name>Ness Circle</name>
      </trkpt>
      <trkpt lat="57.3729640" lon="-2.0901980">
        <name>Ness Circle</name>
      </trkpt>
      <trkpt lat="57.3728860" lon="-2.0901900">
        <name>Ness Circle</name>
      </trkpt>
      <trkpt lat="57.3728385" lon="-2.0901805">
        <name>Ness Circle</name>
      </trkpt>
      <trkpt lat="57.3727910" lon="-2.0901710">
        <name>Ness Circle</name>
      </trkpt>
      <trkpt lat="57.3727780" lon="-2.0901680">
        <name>Ness Circle</name>
      </trkpt>
      <trkpt lat="57.3727825" lon="-2.0900415">
        <name>Ness Circle</name>
      </trkpt>
      <trkpt lat="57.3727870" lon="-2.0899150">
        <name>Ness Circle</name>
      </trkpt>
      <trkpt lat="57.3727890" lon="-2.0898830">
        <name>Ness Circle</name>
      </trkpt>
      <trkpt lat="57.3727960" lon="-2.0897585">
        <name>Ness Circle</name>
      </trkpt>
      <trkpt lat="57.3728030" lon="-2.0896340">
        <name>Ness Circle</name>
      </trkpt>
      <trkpt lat="57.3727380" lon="-2.0896080">
        <name>Ness Circle</name>
      </trkpt>
      <trkpt lat="57.3726640" lon="-2.0895780">
        <name>Ness Circle</name>
      </trkpt>
      <trkpt lat="57.3725900" lon="-2.0895480">
        <name>Ness Circle</name>
      </trkpt>
      <trkpt lat="57.3725160" lon="-2.0895180">
        <name>Ness Circle</name>
      </trkpt>
      <trkpt lat="57.3724480" lon="-2.0894900">
        <name>Ness Circle</name>
      </trkpt>
      <trkpt lat="57.3724355" lon="-2.0895875">
        <name>Ness Circle</name>
      </trkpt>
      <trkpt lat="57.3724230" lon="-2.0896850">
        <name>Ness Circle</name>
      </trkpt>
      <trkpt lat="57.3724355" lon="-2.0895875">
        <name>Ness Circle</name>
      </trkpt>
      <trkpt lat="57.3724480" lon="-2.0894900">
        <name>Ness Circle</name>
      </trkpt>
      <trkpt lat="57.3724000" lon="-2.0894660">
        <name>Ness Circle</name>
      </trkpt>
      <trkpt lat="57.3723520" lon="-2.0894420">
        <name>Ness Circle</name>
      </trkpt>
      <trkpt lat="57.3724000" lon="-2.0894660">
        <name>Ness Circle</name>
      </trkpt>
      <trkpt lat="57.3724480" lon="-2.0894900">
        <name>Ness Circle</name>
      </trkpt>
      <trkpt lat="57.3725070" lon="-2.0895140">
        <name>Ness Circle</name>
      </trkpt>
      <trkpt lat="57.3725660" lon="-2.0895380">
        <name>Ness Circle</name>
      </trkpt>
      <trkpt lat="57.3726250" lon="-2.0895620">
        <name>Ness Circle</name>
      </trkpt>
      <trkpt lat="57.3726843" lon="-2.0895860">
        <name>Ness Circle</name>
      </trkpt>
      <trkpt lat="57.3727437" lon="-2.0896100">
        <name>Ness Circle</name>
      </trkpt>
      <trkpt lat="57.3728030" lon="-2.0896340">
        <name>Ness Circle</name>
      </trkpt>
      <trkpt lat="57.3728150" lon="-2.0895500">
        <name>Ness Circle</name>
      </trkpt>
      <trkpt lat="57.3728300" lon="-2.0894430">
        <name>Ness Circle</name>
      </trkpt>
      <trkpt lat="57.3728480" lon="-2.0893530">
        <name>Ness Circle</name>
      </trkpt>
      <trkpt lat="57.3728660" lon="-2.0892630">
        <name>Ness Circle</name>
      </trkpt>
      <trkpt lat="57.3729070" lon="-2.0891530">
        <name>Ness Circle</name>
      </trkpt>
      <trkpt lat="57.3729540" lon="-2.0890390">
        <name>Ness Circle</name>
      </trkpt>
      <trkpt lat="57.3729640" lon="-2.0890210">
        <name>Ness Circle</name>
      </trkpt>
      <trkpt lat="57.3730197" lon="-2.0889210">
        <name>Ness Circle</name>
      </trkpt>
      <trkpt lat="57.3730753" lon="-2.0888210">
        <name>Ness Circle</name>
      </trkpt>
      <trkpt lat="57.3731310" lon="-2.0887210">
        <name>Ness Circle</name>
      </trkpt>
      <trkpt lat="57.3731560" lon="-2.0886760">
        <name>Ness Circle</name>
      </trkpt>
      <trkpt lat="57.3731110" lon="-2.0885760">
        <name>Ness Circle</name>
      </trkpt>
      <trkpt lat="57.3730660" lon="-2.0884760">
        <name>Ness Circle</name>
      </trkpt>
      <trkpt lat="57.3730260" lon="-2.0883700">
        <name>Ness Circle</name>
      </trkpt>
      <trkpt lat="57.3729860" lon="-2.0882640">
        <name>Ness Circle</name>
      </trkpt>
      <trkpt lat="57.3729570" lon="-2.0881530">
        <name>Ness Circle</name>
      </trkpt>
      <trkpt lat="57.3729280" lon="-2.0880420">
        <name>Ness Circle</name>
      </trkpt>
      <trkpt lat="57.3728990" lon="-2.0879310">
        <name>Ness Circle</name>
      </trkpt>
      <trkpt lat="57.3728270" lon="-2.0879885">
        <name>Ness Circle</name>
      </trkpt>
      <trkpt lat="57.3727550" lon="-2.0880460">
        <name>Ness Circle</name>
      </trkpt>
      <trkpt lat="57.3727010" lon="-2.0881100">
        <name>Ness Circle</name>
      </trkpt>
      <trkpt lat="57.3726690" lon="-2.0881570">
        <name>Ness Circle</name>
      </trkpt>
      <trkpt lat="57.3726440" lon="-2.0882150">
        <name>Ness Circle</name>
      </trkpt>
      <trkpt lat="57.3726120" lon="-2.0883440">
        <name>Ness Circle</name>
      </trkpt>
      <trkpt lat="57.3725980" lon="-2.0884340">
        <name>Ness Circle</name>
      </trkpt>
      <trkpt lat="57.3725840" lon="-2.0885240">
        <name>Ness Circle</name>
      </trkpt>
      <trkpt lat="57.3725090" lon="-2.0884930">
        <name>Ness Circle</name>
      </trkpt>
      <trkpt lat="57.3725840" lon="-2.0885240">
        <name>Ness Circle</name>
      </trkpt>
      <trkpt lat="57.3725980" lon="-2.0884340">
        <name>Ness Circle</name>
      </trkpt>
      <trkpt lat="57.3726120" lon="-2.0883440">
        <name>Ness Circle</name>
      </trkpt>
      <trkpt lat="57.3726440" lon="-2.0882150">
        <name>Ness Circle</name>
      </trkpt>
      <trkpt lat="57.3726690" lon="-2.0881570">
        <name>Ness Circle</name>
      </trkpt>
      <trkpt lat="57.3727010" lon="-2.0881100">
        <name>Ness Circle</name>
      </trkpt>
      <trkpt lat="57.3727550" lon="-2.0880460">
        <name>Ness Circle</name>
      </trkpt>
      <trkpt lat="57.3728270" lon="-2.0879885">
        <name>Ness Circle</name>
      </trkpt>
      <trkpt lat="57.3728990" lon="-2.0879310">
        <name>Ness Circle</name>
      </trkpt>
      <trkpt lat="57.3729280" lon="-2.0880420">
        <name>Ness Circle</name>
      </trkpt>
      <trkpt lat="57.3729570" lon="-2.0881530">
        <name>Ness Circle</name>
      </trkpt>
      <trkpt lat="57.3729860" lon="-2.0882640">
        <name>Ness Circle</name>
      </trkpt>
      <trkpt lat="57.3730260" lon="-2.0883700">
        <name>Ness Circle</name>
      </trkpt>
      <trkpt lat="57.3730660" lon="-2.0884760">
        <name>Ness Circle</name>
      </trkpt>
      <trkpt lat="57.3731110" lon="-2.0885760">
        <name>Ness Circle</name>
      </trkpt>
      <trkpt lat="57.3731560" lon="-2.0886760">
        <name>Ness Circle</name>
      </trkpt>
      <trkpt lat="57.3731103" lon="-2.0887583">
        <name>Ness Circle</name>
      </trkpt>
      <trkpt lat="57.3730647" lon="-2.0888407">
        <name>Ness Circle</name>
      </trkpt>
      <trkpt lat="57.3730190" lon="-2.0889230">
        <name>Ness Circle</name>
      </trkpt>
      <trkpt lat="57.3729865" lon="-2.0889810">
        <name>Ness Circle</name>
      </trkpt>
      <trkpt lat="57.3729540" lon="-2.0890390">
        <name>Ness Circle</name>
      </trkpt>
      <trkpt lat="57.3729140" lon="-2.0891370">
        <name>Ness Circle</name>
      </trkpt>
      <trkpt lat="57.3729070" lon="-2.0891530">
        <name>Ness Circle</name>
      </trkpt>
      <trkpt lat="57.3728650" lon="-2.0892650">
        <name>Ness Circle</name>
      </trkpt>
      <trkpt lat="57.3728360" lon="-2.0894120">
        <name>Ness Circle</name>
      </trkpt>
      <trkpt lat="57.3728300" lon="-2.0894430">
        <name>Ness Circle</name>
      </trkpt>
      <trkpt lat="57.3728165" lon="-2.0895385">
        <name>Ness Circle</name>
      </trkpt>
      <trkpt lat="57.3728030" lon="-2.0896340">
        <name>Ness Circle</name>
      </trkpt>
      <trkpt lat="57.3727980" lon="-2.0897180">
        <name>Ness Circle</name>
      </trkpt>
      <trkpt lat="57.3727925" lon="-2.0898165">
        <name>Ness Circle</name>
      </trkpt>
      <trkpt lat="57.3727870" lon="-2.0899150">
        <name>Ness Circle</name>
      </trkpt>
      <trkpt lat="57.3727830" lon="-2.0900200">
        <name>Ness Circle</name>
      </trkpt>
      <trkpt lat="57.3727780" lon="-2.0901680">
        <name>Ness Circle</name>
      </trkpt>
      <trkpt lat="57.3727770" lon="-2.0902480">
        <name>Ness Circle</name>
      </trkpt>
      <trkpt lat="57.3727760" lon="-2.0903910">
        <name>Ness Circle</name>
      </trkpt>
      <trkpt lat="57.3727750" lon="-2.0905340">
        <name>Ness Circle</name>
      </trkpt>
      <trkpt lat="57.3727850" lon="-2.0906620">
        <name>Ness Circle</name>
      </trkpt>
      <trkpt lat="57.3728260" lon="-2.0908100">
        <name>Ness Circle</name>
      </trkpt>
      <trkpt lat="57.3728320" lon="-2.0908300">
        <name>Ness Circle</name>
      </trkpt>
      <trkpt lat="57.3728850" lon="-2.0909220">
        <name>Ness Circle</name>
      </trkpt>
      <trkpt lat="57.3729380" lon="-2.0910140">
        <name>Ness Circle</name>
      </trkpt>
      <trkpt lat="57.3728960" lon="-2.0911200">
        <name>Ness Circle</name>
      </trkpt>
      <trkpt lat="57.3728470" lon="-2.0912410">
        <name>Ness Circle</name>
      </trkpt>
      <trkpt lat="57.3728290" lon="-2.0912900">
        <name>Ness Circle</name>
      </trkpt>
      <trkpt lat="57.3727855" lon="-2.0914060">
        <name>Ness Circle</name>
      </trkpt>
      <trkpt lat="57.3727420" lon="-2.0915220">
        <name>Ness Circle</name>
      </trkpt>
      <trkpt lat="57.3727130" lon="-2.0916010">
        <name>Ness Circle</name>
      </trkpt>
      <trkpt lat="57.3726470" lon="-2.0916990">
        <name>Ness Circle</name>
      </trkpt>
      <trkpt lat="57.3726310" lon="-2.0917230">
        <name>Ness Circle</name>
      </trkpt>
      <trkpt lat="57.3725845" lon="-2.0917605">
        <name>Ness Circle</name>
      </trkpt>
      <trkpt lat="57.3725380" lon="-2.0917980">
        <name>Ness Circle</name>
      </trkpt>
      <trkpt lat="57.3725450" lon="-2.0918540">
        <name>Ness Circle</name>
      </trkpt>
      <trkpt lat="57.3725603" lon="-2.0919787">
        <name>Ness Circle</name>
      </trkpt>
      <trkpt lat="57.3725757" lon="-2.0921033">
        <name>Ness Circle</name>
      </trkpt>
      <trkpt lat="57.3725910" lon="-2.0922280">
        <name>Ness Circle</name>
      </trkpt>
      <trkpt lat="57.3725930" lon="-2.0922460">
        <name>Ness Circle</name>
      </trkpt>
      <trkpt lat="57.3726170" lon="-2.0923440">
        <name>Ness Circle</name>
      </trkpt>
      <trkpt lat="57.3726470" lon="-2.0924200">
        <name>Ness Circle</name>
      </trkpt>
      <trkpt lat="57.3726900" lon="-2.0925010">
        <name>Ness Circle</name>
      </trkpt>
      <trkpt lat="57.3727110" lon="-2.0925390">
        <name>Ness Circle</name>
      </trkpt>
      <trkpt lat="57.3727650" lon="-2.0926200">
        <name>Ness Circle</name>
      </trkpt>
      <trkpt lat="57.3728170" lon="-2.0926700">
        <name>Ness Circle</name>
      </trkpt>
      <trkpt lat="57.3728250" lon="-2.0926780">
        <name>Ness Circle</name>
      </trkpt>
      <trkpt lat="57.3728890" lon="-2.0927127">
        <name>Ness Circle</name>
      </trkpt>
      <trkpt lat="57.3729530" lon="-2.0927473">
        <name>Ness Circle</name>
      </trkpt>
      <trkpt lat="57.3730170" lon="-2.0927820">
        <name>Ness Circle</name>
      </trkpt>
      <trkpt lat="57.3730590" lon="-2.0928050">
        <name>Ness Circle</name>
      </trkpt>
      <trkpt lat="57.3730410" lon="-2.0929320">
        <name>Ness Circle</name>
      </trkpt>
      <trkpt lat="57.3730230" lon="-2.0930590">
        <name>Ness Circle</name>
      </trkpt>
      <trkpt lat="57.3730410" lon="-2.0929320">
        <name>Ness Circle</name>
      </trkpt>
      <trkpt lat="57.3730590" lon="-2.0928050">
        <name>Ness Circle</name>
      </trkpt>
      <trkpt lat="57.3730920" lon="-2.0928190">
        <name>Ness Circle</name>
      </trkpt>
      <trkpt lat="57.3731610" lon="-2.0928530">
        <name>Ness Circle</name>
      </trkpt>
      <trkpt lat="57.3732300" lon="-2.0928870">
        <name>Ness Circle</name>
      </trkpt>
      <trkpt lat="57.3731610" lon="-2.0928530">
        <name>Ness Circle</name>
      </trkpt>
      <trkpt lat="57.3730920" lon="-2.0928190">
        <name>Ness Circle</name>
      </trkpt>
      <trkpt lat="57.3730590" lon="-2.0928050">
        <name>Ness Circle</name>
      </trkpt>
      <trkpt lat="57.3730115" lon="-2.0927795">
        <name>Ness Circle</name>
      </trkpt>
      <trkpt lat="57.3729640" lon="-2.0927540">
        <name>Ness Circle</name>
      </trkpt>
      <trkpt lat="57.3728945" lon="-2.0927160">
        <name>Ness Circle</name>
      </trkpt>
      <trkpt lat="57.3728250" lon="-2.0926780">
        <name>Ness Circle</name>
      </trkpt>
      <trkpt lat="57.3727650" lon="-2.0926200">
        <name>Ness Circle</name>
      </trkpt>
      <trkpt lat="57.3727440" lon="-2.0925880">
        <name>Ness Circle</name>
      </trkpt>
      <trkpt lat="57.3727110" lon="-2.0925390">
        <name>Ness Circle</name>
      </trkpt>
      <trkpt lat="57.3726790" lon="-2.0924795">
        <name>Ness Circle</name>
      </trkpt>
      <trkpt lat="57.3726470" lon="-2.0924200">
        <name>Ness Circle</name>
      </trkpt>
      <trkpt lat="57.3726170" lon="-2.0923440">
        <name>Morar Court</name>
      </trkpt>
      <trkpt lat="57.3726130" lon="-2.0923280">
        <name>Morar Court</name>
      </trkpt>
      <trkpt lat="57.3725930" lon="-2.0922460">
        <name>Morar Court</name>
      </trkpt>
      <trkpt lat="57.3725747" lon="-2.0920967">
        <name>Morar Court</name>
      </trkpt>
      <trkpt lat="57.3725563" lon="-2.0919473">
        <name>Morar Court</name>
      </trkpt>
      <trkpt lat="57.3725380" lon="-2.0917980">
        <name>Morar Court</name>
      </trkpt>
      <trkpt lat="57.3724925" lon="-2.0918070">
        <name>Morar Court</name>
      </trkpt>
      <trkpt lat="57.3724470" lon="-2.0918160">
        <name>Morar Court</name>
      </trkpt>
      <trkpt lat="57.3724210" lon="-2.0918210">
        <name>Morar Court</name>
      </trkpt>
      <trkpt lat="57.3723600" lon="-2.0918020">
        <name>Morar Court</name>
      </trkpt>
      <trkpt lat="57.3723010" lon="-2.0917640">
        <name>Morar Court</name>
      </trkpt>
      <trkpt lat="57.3722660" lon="-2.0917260">
        <name>Morar Court</name>
      </trkpt>
      <trkpt lat="57.3722510" lon="-2.0917090">
        <name>Morar Court</name>
      </trkpt>
      <trkpt lat="57.3721925" lon="-2.0916215">
        <name>Morar Court</name>
      </trkpt>
      <trkpt lat="57.3721340" lon="-2.0915340">
        <name>Morar Court</name>
      </trkpt>
      <trkpt lat="57.3720910" lon="-2.0914700">
        <name>Morar Court</name>
      </trkpt>
      <trkpt lat="57.3720315" lon="-2.0913780">
        <name>Morar Court</name>
      </trkpt>
      <trkpt lat="57.3719720" lon="-2.0912860">
        <name>Morar Court</name>
      </trkpt>
      <trkpt lat="57.3719100" lon="-2.0911900">
        <name>Morar Court</name>
      </trkpt>
      <trkpt lat="57.3718640" lon="-2.0911220">
        <name>Morar Court</name>
      </trkpt>
      <trkpt lat="57.3718025" lon="-2.0910320">
        <name>Morar Court</name>
      </trkpt>
      <trkpt lat="57.3717410" lon="-2.0909420">
        <name>Morar Court</name>
      </trkpt>
      <trkpt lat="57.3716860" lon="-2.0908610">
        <name>Morar Court</name>
      </trkpt>
      <trkpt lat="57.3716310" lon="-2.0907800">
        <name>Morar Court</name>
      </trkpt>
      <trkpt lat="57.3716140" lon="-2.0907560">
        <name>Morar Court</name>
      </trkpt>
      <trkpt lat="57.3716490" lon="-2.0906690">
        <name>Morar Court</name>
      </trkpt>
      <trkpt lat="57.3716670" lon="-2.0905650">
        <name>Morar Court</name>
      </trkpt>
      <trkpt lat="57.3716863" lon="-2.0904220">
        <name>Morar Court</name>
      </trkpt>
      <trkpt lat="57.3717057" lon="-2.0902790">
        <name>Morar Court</name>
      </trkpt>
      <trkpt lat="57.3717250" lon="-2.0901360">
        <name>Morar Court</name>
      </trkpt>
      <trkpt lat="57.3717057" lon="-2.0902790">
        <name>Morar Court</name>
      </trkpt>
      <trkpt lat="57.3716863" lon="-2.0904220">
        <name>Morar Court</name>
      </trkpt>
      <trkpt lat="57.3716670" lon="-2.0905650">
        <name>Morar Court</name>
      </trkpt>
      <trkpt lat="57.3716630" lon="-2.0905870">
        <name>Morar Court</name>
      </trkpt>
      <trkpt lat="57.3716490" lon="-2.0906690">
        <name>Morar Court</name>
      </trkpt>
      <trkpt lat="57.3716140" lon="-2.0907560">
        <name>Morar Court</name>
      </trkpt>
      <trkpt lat="57.3715775" lon="-2.0907030">
        <name>Morar Court</name>
      </trkpt>
      <trkpt lat="57.3715410" lon="-2.0906500">
        <name>Morar Court</name>
      </trkpt>
      <trkpt lat="57.3714715" lon="-2.0905490">
        <name>Morar Court</name>
      </trkpt>
      <trkpt lat="57.3714020" lon="-2.0904480">
        <name>Morar Court</name>
      </trkpt>
      <trkpt lat="57.3713475" lon="-2.0903695">
        <name>Morar Court</name>
      </trkpt>
      <trkpt lat="57.3712930" lon="-2.0902910">
        <name>Morar Court</name>
      </trkpt>
      <trkpt lat="57.3712590" lon="-2.0902410">
        <name>Morar Court</name>
      </trkpt>
      <trkpt lat="57.3712750" lon="-2.0901293">
        <name>Morar Court</name>
      </trkpt>
      <trkpt lat="57.3712910" lon="-2.0900177">
        <name>Morar Court</name>
      </trkpt>
      <trkpt lat="57.3713070" lon="-2.0899060">
        <name>Morar Court</name>
      </trkpt>
      <trkpt lat="57.3713185" lon="-2.0898250">
        <name>Morar Court</name>
      </trkpt>
      <trkpt lat="57.3713300" lon="-2.0897440">
        <name>Morar Court</name>
      </trkpt>
      <trkpt lat="57.3712500" lon="-2.0897040">
        <name>Morar Court</name>
      </trkpt>
      <trkpt lat="57.3711700" lon="-2.0896640">
        <name>Morar Court</name>
      </trkpt>
      <trkpt lat="57.3711235" lon="-2.0896405">
        <name>Morar Court</name>
      </trkpt>
      <trkpt lat="57.3710770" lon="-2.0896170">
        <name>Morar Court</name>
      </trkpt>
      <trkpt lat="57.3710085" lon="-2.0895775">
        <name>Morar Court</name>
      </trkpt>
      <trkpt lat="57.3709400" lon="-2.0895380">
        <name>Morar Court</name>
      </trkpt>
      <trkpt lat="57.3709220" lon="-2.0895280">
        <name>Morar Court</name>
      </trkpt>
      <trkpt lat="57.3708780" lon="-2.0894865">
        <name>Morar Court</name>
      </trkpt>
      <trkpt lat="57.3708340" lon="-2.0894450">
        <name>Morar Court</name>
      </trkpt>
      <trkpt lat="57.3707830" lon="-2.0893720">
        <name>Morar Court</name>
      </trkpt>
      <trkpt lat="57.3707580" lon="-2.0893350">
        <name>Morar Court</name>
      </trkpt>
      <trkpt lat="57.3707240" lon="-2.0894100">
        <name>Morar Court</name>
      </trkpt>
      <trkpt lat="57.3706900" lon="-2.0894850">
        <name>Morar Court</name>
      </trkpt>
      <trkpt lat="57.3706360" lon="-2.0896050">
        <name>Morar Court</name>
      </trkpt>
      <trkpt lat="57.3705820" lon="-2.0897250">
        <name>Morar Court</name>
      </trkpt>
      <trkpt lat="57.3705480" lon="-2.0898000">
        <name>Morar Court</name>
      </trkpt>
      <trkpt lat="57.3705330" lon="-2.0898500">
        <name>Morar Court</name>
      </trkpt>
      <trkpt lat="57.3705230" lon="-2.0899210">
        <name>Morar Court</name>
      </trkpt>
      <trkpt lat="57.3705220" lon="-2.0899560">
        <name>Morar Court</name>
      </trkpt>
      <trkpt lat="57.3705190" lon="-2.0900650">
        <name>Morar Court</name>
      </trkpt>
      <trkpt lat="57.3705250" lon="-2.0902180">
        <name>Morar Court</name>
      </trkpt>
      <trkpt lat="57.3705460" lon="-2.0903600">
        <name>Morar Court</name>
      </trkpt>
      <trkpt lat="57.3705620" lon="-2.0904170">
        <name>Morar Court</name>
      </trkpt>
      <trkpt lat="57.3705820" lon="-2.0904720">
        <name>Morar Court</name>
      </trkpt>
      <trkpt lat="57.3706090" lon="-2.0905160">
        <name>Morar Court</name>
      </trkpt>
      <trkpt lat="57.3706450" lon="-2.0905360">
        <name>Morar Court</name>
      </trkpt>
      <trkpt lat="57.3707310" lon="-2.0905410">
        <name>Ness Circle</name>
      </trkpt>
      <trkpt lat="57.3707470" lon="-2.0905380">
        <name>Ness Circle</name>
      </trkpt>
      <trkpt lat="57.3708150" lon="-2.0905260">
        <name>Ness Circle</name>
      </trkpt>
      <trkpt lat="57.3708645" lon="-2.0905125">
        <name>Ness Circle</name>
      </trkpt>
      <trkpt lat="57.3709140" lon="-2.0904990">
        <name>Ness Circle</name>
      </trkpt>
      <trkpt lat="57.3709880" lon="-2.0904780">
        <name>Ness Circle</name>
      </trkpt>
      <trkpt lat="57.3710620" lon="-2.0904570">
        <name>Ness Circle</name>
      </trkpt>
      <trkpt lat="57.3711360" lon="-2.0904360">
        <name>Ness Circle</name>
      </trkpt>
      <trkpt lat="57.3711800" lon="-2.0904060">
        <name>Ness Circle</name>
      </trkpt>
      <trkpt lat="57.3712210" lon="-2.0903420">
        <name>Ness Circle</name>
      </trkpt>
      <trkpt lat="57.3712590" lon="-2.0902410">
        <name>Ness Circle</name>
      </trkpt>
      <trkpt lat="57.3712780" lon="-2.0901080">
        <name>Ness Circle</name>
      </trkpt>
      <trkpt lat="57.3712953" lon="-2.0899867">
        <name>Ness Circle</name>
      </trkpt>
      <trkpt lat="57.3713127" lon="-2.0898653">
        <name>Ness Circle</name>
      </trkpt>
      <trkpt lat="57.3713300" lon="-2.0897440">
        <name>Ness Circle</name>
      </trkpt>
      <trkpt lat="57.3713495" lon="-2.0896155">
        <name>Ness Circle</name>
      </trkpt>
      <trkpt lat="57.3713690" lon="-2.0894870">
        <name>Ness Circle</name>
      </trkpt>
      <trkpt lat="57.3713850" lon="-2.0893835">
        <name>Ness Circle</name>
      </trkpt>
      <trkpt lat="57.3714010" lon="-2.0892800">
        <name>Ness Circle</name>
      </trkpt>
      <trkpt lat="57.3714760" lon="-2.0893120">
        <name>Ness Circle</name>
      </trkpt>
      <trkpt lat="57.3715370" lon="-2.0893170">
        <name>Ness Circle</name>
      </trkpt>
      <trkpt lat="57.3715750" lon="-2.0893090">
        <name>Ness Circle</name>
      </trkpt>
      <trkpt lat="57.3716310" lon="-2.0892970">
        <name>Ness Circle</name>
      </trkpt>
      <trkpt lat="57.3716870" lon="-2.0892850">
        <name>Ness Circle</name>
      </trkpt>
      <trkpt lat="57.3717330" lon="-2.0892530">
        <name>Ness Circle</name>
      </trkpt>
      <trkpt lat="57.3717740" lon="-2.0891990">
        <name>Ness Circle</name>
      </trkpt>
      <trkpt lat="57.3718110" lon="-2.0891240">
        <name>Ness Circle</name>
      </trkpt>
      <trkpt lat="57.3717740" lon="-2.0891990">
        <name>Morlich Avenue</name>
      </trkpt>
      <trkpt lat="57.3717330" lon="-2.0892530">
        <name>Morlich Avenue</name>
      </trkpt>
      <trkpt lat="57.3716870" lon="-2.0892850">
        <name>Morlich Avenue</name>
      </trkpt>
      <trkpt lat="57.3716120" lon="-2.0893010">
        <name>Morlich Avenue</name>
      </trkpt>
      <trkpt lat="57.3715370" lon="-2.0893170">
        <name>Morlich Avenue</name>
      </trkpt>
      <trkpt lat="57.3714760" lon="-2.0893120">
        <name>Morlich Avenue</name>
      </trkpt>
      <trkpt lat="57.3714380" lon="-2.0892960">
        <name>Morlich Avenue</name>
      </trkpt>
      <trkpt lat="57.3714010" lon="-2.0892800">
        <name>Morlich Avenue</name>
      </trkpt>
      <trkpt lat="57.3714213" lon="-2.0891517">
        <name>Morlich Avenue</name>
      </trkpt>
      <trkpt lat="57.3714417" lon="-2.0890233">
        <name>Morlich Avenue</name>
      </trkpt>
      <trkpt lat="57.3714620" lon="-2.0888950">
        <name>Morlich Avenue</name>
      </trkpt>
      <trkpt lat="57.3714820" lon="-2.0887710">
        <name>Morlich Avenue</name>
      </trkpt>
      <trkpt lat="57.3715020" lon="-2.0886470">
        <name>Morlich Avenue</name>
      </trkpt>
      <trkpt lat="57.3715220" lon="-2.0885230">
        <name>Morlich Avenue</name>
      </trkpt>
      <trkpt lat="57.3715400" lon="-2.0884097">
        <name>Morlich Avenue</name>
      </trkpt>
      <trkpt lat="57.3715580" lon="-2.0882963">
        <name>Morlich Avenue</name>
      </trkpt>
      <trkpt lat="57.3715760" lon="-2.0881830">
        <name>Morlich Avenue</name>
      </trkpt>
      <trkpt lat="57.3715990" lon="-2.0880400">
        <name>Morlich Avenue</name>
      </trkpt>
      <trkpt lat="57.3716410" lon="-2.0880650">
        <name>Morlich Avenue</name>
      </trkpt>
      <trkpt lat="57.3717260" lon="-2.0880870">
        <name>Morlich Avenue</name>
      </trkpt>
      <trkpt lat="57.3718080" lon="-2.0880695">
        <name>Kinord Road</name>
      </trkpt>
      <trkpt lat="57.3718900" lon="-2.0880520">
        <name>Kinord Road</name>
      </trkpt>
      <trkpt lat="57.3719370" lon="-2.0880100">
        <name>Kinord Road</name>
      </trkpt>
      <trkpt lat="57.3720030" lon="-2.0879250">
        <name>Kinord Road</name>
      </trkpt>
      <trkpt lat="57.3719370" lon="-2.0880100">
        <name>Kinord Road</name>
      </trkpt>
      <trkpt lat="57.3718900" lon="-2.0880520">
        <name>Kinord Road</name>
      </trkpt>
      <trkpt lat="57.3718305" lon="-2.0880645">
        <name>Kinord Road</name>
      </trkpt>
      <trkpt lat="57.3717710" lon="-2.0880770">
        <name>Kinord Road</name>
      </trkpt>
      <trkpt lat="57.3717260" lon="-2.0880870">
        <name>Kinord Road</name>
      </trkpt>
      <trkpt lat="57.3716530" lon="-2.0880680">
        <name>Kinord Road</name>
      </trkpt>
      <trkpt lat="57.3716410" lon="-2.0880650">
        <name>Kinord Road</name>
      </trkpt>
      <trkpt lat="57.3715990" lon="-2.0880400">
        <name>Kinord Road</name>
      </trkpt>
      <trkpt lat="57.3716180" lon="-2.0879200">
        <name>Kinord Road</name>
      </trkpt>
      <trkpt lat="57.3716430" lon="-2.0877605">
        <name>Kinord Road</name>
      </trkpt>
      <trkpt lat="57.3716680" lon="-2.0876010">
        <name>Kinord Road</name>
      </trkpt>
      <trkpt lat="57.3716210" lon="-2.0875755">
        <name>Kinord Road</name>
      </trkpt>
      <trkpt lat="57.3715740" lon="-2.0875500">
        <name>Kinord Road</name>
      </trkpt>
      <trkpt lat="57.3715117" lon="-2.0875160">
        <name>Kinord Road</name>
      </trkpt>
      <trkpt lat="57.3714493" lon="-2.0874820">
        <name>Kinord Road</name>
      </trkpt>
      <trkpt lat="57.3713870" lon="-2.0874480">
        <name>Kinord Road</name>
      </trkpt>
      <trkpt lat="57.3714110" lon="-2.0873190">
        <name>Kinord Road</name>
      </trkpt>
      <trkpt lat="57.3714170" lon="-2.0872350">
        <name>Kinord Road</name>
      </trkpt>
      <trkpt lat="57.3714240" lon="-2.0871380">
        <name>Kinord Road</name>
      </trkpt>
      <trkpt lat="57.3714210" lon="-2.0869910">
        <name>Kinord Road</name>
      </trkpt>
      <trkpt lat="57.3714240" lon="-2.0871380">
        <name>Kinord Road</name>
      </trkpt>
      <trkpt lat="57.3714170" lon="-2.0872350">
        <name>Kinord Road</name>
      </trkpt>
      <trkpt lat="57.3714110" lon="-2.0873190">
        <name>Kinord Road</name>
      </trkpt>
      <trkpt lat="57.3713870" lon="-2.0874480">
        <name>Kinord Road</name>
      </trkpt>
      <trkpt lat="57.3714020" lon="-2.0874560">
        <name>Kinord Road</name>
      </trkpt>
      <trkpt lat="57.3714823" lon="-2.0874997">
        <name>Kinord Road</name>
      </trkpt>
      <trkpt lat="57.3715627" lon="-2.0875433">
        <name>Kinord Road</name>
      </trkpt>
      <trkpt lat="57.3716430" lon="-2.0875870">
        <name>Kinord Road</name>
      </trkpt>
      <trkpt lat="57.3716680" lon="-2.0876010">
        <name>Kinord Road</name>
      </trkpt>
      <trkpt lat="57.3716880" lon="-2.0874780">
        <name>Kinord Road</name>
      </trkpt>
      <trkpt lat="57.3717080" lon="-2.0873550">
        <name>Kinord Road</name>
      </trkpt>
      <trkpt lat="57.3717285" lon="-2.0872285">
        <name>Kinord Road</name>
      </trkpt>
      <trkpt lat="57.3717490" lon="-2.0871020">
        <name>Kinord Road</name>
      </trkpt>
      <trkpt lat="57.3717670" lon="-2.0869887">
        <name>Kinord Road</name>
      </trkpt>
      <trkpt lat="57.3717850" lon="-2.0868753">
        <name>Kinord Road</name>
      </trkpt>
      <trkpt lat="57.3718030" lon="-2.0867620">
        <name>Kinord Road</name>
      </trkpt>
      <trkpt lat="57.3718240" lon="-2.0866350">
        <name>Kinord Road</name>
      </trkpt>
      <trkpt lat="57.3717540" lon="-2.0866010">
        <name>Kinord Road</name>
      </trkpt>
      <trkpt lat="57.3716840" lon="-2.0865670">
        <name>Kinord Road</name>
      </trkpt>
      <trkpt lat="57.3716153" lon="-2.0865337">
        <name>Kinord Road</name>
      </trkpt>
      <trkpt lat="57.3715467" lon="-2.0865003">
        <name>Kinord Road</name>
      </trkpt>
      <trkpt lat="57.3714780" lon="-2.0864670">
        <name>Kinord Road</name>
      </trkpt>
      <trkpt lat="57.3713965" lon="-2.0864280">
        <name>Kinord Road</name>
      </trkpt>
      <trkpt lat="57.3713150" lon="-2.0863890">
        <name>Kinord Road</name>
      </trkpt>
      <trkpt lat="57.3712380" lon="-2.0863517">
        <name>Kinord Road</name>
      </trkpt>
      <trkpt lat="57.3711610" lon="-2.0863143">
        <name>Kinord Road</name>
      </trkpt>
      <trkpt lat="57.3710840" lon="-2.0862770">
        <name>Kinord Road</name>
      </trkpt>
      <trkpt lat="57.3710550" lon="-2.0862710">
        <name>Kinord Road</name>
      </trkpt>
      <trkpt lat="57.3710110" lon="-2.0862620">
        <name>Kinord Road</name>
      </trkpt>
      <trkpt lat="57.3709350" lon="-2.0862630">
        <name>Kinord Road</name>
      </trkpt>
      <trkpt lat="57.3708845" lon="-2.0862670">
        <name>Kinord Road</name>
      </trkpt>
      <trkpt lat="57.3708340" lon="-2.0862710">
        <name>Kinord Road</name>
      </trkpt>
      <trkpt lat="57.3708120" lon="-2.0862840">
        <name>Kinord Road</name>
      </trkpt>
      <trkpt lat="57.3707850" lon="-2.0862990">
        <name>Kinord Road</name>
      </trkpt>
      <trkpt lat="57.3707420" lon="-2.0863265">
        <name>Kinord Road</name>
      </trkpt>
      <trkpt lat="57.3706990" lon="-2.0863540">
        <name>Kinord Road</name>
      </trkpt>
      <trkpt lat="57.3706540" lon="-2.0863830">
        <name>Kinord Road</name>
      </trkpt>
      <trkpt lat="57.3705830" lon="-2.0864520">
        <name>Kinord Road</name>
      </trkpt>
      <trkpt lat="57.3705337" lon="-2.0865190">
        <name>Kinord Road</name>
      </trkpt>
      <trkpt lat="57.3704843" lon="-2.0865860">
        <name>Kinord Road</name>
      </trkpt>
      <trkpt lat="57.3704350" lon="-2.0866530">
        <name>Kinord Road</name>
      </trkpt>
      <trkpt lat="57.3703900" lon="-2.0867135">
        <name>Kinord Road</name>
      </trkpt>
      <trkpt lat="57.3703450" lon="-2.0867740">
        <name>Kinord Road</name>
      </trkpt>
      <trkpt lat="57.3703040" lon="-2.0868440">
        <name>Kinord Road</name>
      </trkpt>
      <trkpt lat="57.3702650" lon="-2.0869095">
        <name>Kinord Road</name>
      </trkpt>
      <trkpt lat="57.3702260" lon="-2.0869750">
        <name>Kinord Road</name>
      </trkpt>
      <trkpt lat="57.3701860" lon="-2.0870265">
        <name>Kinord Road</name>
      </trkpt>
      <trkpt lat="57.3701460" lon="-2.0870780">
        <name>Kinord Road</name>
      </trkpt>
      <trkpt lat="57.3701040" lon="-2.0871235">
        <name>Morlich Avenue</name>
      </trkpt>
      <trkpt lat="57.3700620" lon="-2.0871690">
        <name>Morlich Avenue</name>
      </trkpt>
      <trkpt lat="57.3700310" lon="-2.0871900">
        <name>Morlich Avenue</name>
      </trkpt>
      <trkpt lat="57.3699875" lon="-2.0872185">
        <name>Morlich Avenue</name>
      </trkpt>
      <trkpt lat="57.3699440" lon="-2.0872470">
        <name>Morlich Avenue</name>
      </trkpt>
      <trkpt lat="57.3698710" lon="-2.0872760">
        <name>Morlich Avenue</name>
      </trkpt>
      <trkpt lat="57.3698390" lon="-2.0872880">
        <name>Morlich Avenue</name>
      </trkpt>
      <trkpt lat="57.3698240" lon="-2.0872910">
        <name>Morlich Avenue</name>
      </trkpt>
      <trkpt lat="57.3697425" lon="-2.0873055">
        <name>Morlich Avenue</name>
      </trkpt>
      <trkpt lat="57.3696610" lon="-2.0873200">
        <name>Morlich Avenue</name>
      </trkpt>
      <trkpt lat="57.3695980" lon="-2.0873310">
        <name>Morlich Avenue</name>
      </trkpt>
      <trkpt lat="57.3695350" lon="-2.0873420">
        <name>Morlich Avenue</name>
      </trkpt>
      <trkpt lat="57.3694720" lon="-2.0873530">
        <name>Morlich Avenue</name>
      </trkpt>
      <trkpt lat="57.3694670" lon="-2.0872360">
        <name>Morlich Avenue</name>
      </trkpt>
      <trkpt lat="57.3694603" lon="-2.0870773">
        <name>Morlich Avenue</name>
      </trkpt>
      <trkpt lat="57.3694537" lon="-2.0869187">
        <name>Morlich Avenue</name>
      </trkpt>
      <trkpt lat="57.3694470" lon="-2.0867600">
        <name>Morlich Avenue</name>
      </trkpt>
      <trkpt lat="57.3694405" lon="-2.0866065">
        <name>Ness Circle</name>
      </trkpt>
      <trkpt lat="57.3694340" lon="-2.0864530">
        <name>Ness Circle</name>
      </trkpt>
      <trkpt lat="57.3694275" lon="-2.0862995">
        <name>Ness Circle</name>
      </trkpt>
      <trkpt lat="57.3694210" lon="-2.0861460">
        <name>Ness Circle</name>
      </trkpt>
      <trkpt lat="57.3694893" lon="-2.0861350">
        <name>Ness Circle</name>
      </trkpt>
      <trkpt lat="57.3695577" lon="-2.0861240">
        <name>Ness Circle</name>
      </trkpt>
      <trkpt lat="57.3696260" lon="-2.0861130">
        <name>Ness Circle</name>
      </trkpt>
      <trkpt lat="57.3696140" lon="-2.0861150">
        <name>Ness Circle</name>
      </trkpt>
      <trkpt lat="57.3695497" lon="-2.0861253">
        <name>Ness Circle</name>
      </trkpt>
      <trkpt lat="57.3694853" lon="-2.0861357">
        <name>Ness Circle</name>
      </trkpt>
      <trkpt lat="57.3694210" lon="-2.0861460">
        <name>Ness Circle</name>
      </trkpt>
      <trkpt lat="57.3693537" lon="-2.0861570">
        <name>Ness Circle</name>
      </trkpt>
      <trkpt lat="57.3692863" lon="-2.0861680">
        <name>Ness Circle</name>
      </trkpt>
      <trkpt lat="57.3692190" lon="-2.0861790">
        <name>Ness Circle</name>
      </trkpt>
      <trkpt lat="57.3692863" lon="-2.0861680">
        <name>Davan Place</name>
      </trkpt>
      <trkpt lat="57.3693537" lon="-2.0861570">
        <name>Davan Place</name>
      </trkpt>
      <trkpt lat="57.3694210" lon="-2.0861460">
        <name>Davan Place</name>
      </trkpt>
      <trkpt lat="57.3694275" lon="-2.0862965">
        <name>Davan Place</name>
      </trkpt>
      <trkpt lat="57.3694340" lon="-2.0864470">
        <name>Davan Place</name>
      </trkpt>
      <trkpt lat="57.3694397" lon="-2.0865860">
        <name>Davan Place</name>
      </trkpt>
      <trkpt lat="57.3694455" lon="-2.0867250">
        <name>Davan Place</name>
      </trkpt>
      <trkpt lat="57.3694512" lon="-2.0868640">
        <name>Davan Place</name>
      </trkpt>
      <trkpt lat="57.3694570" lon="-2.0870030">
        <name>Davan Place</name>
      </trkpt>
      <trkpt lat="57.3694620" lon="-2.0871197">
        <name>Davan Place</name>
      </trkpt>
      <trkpt lat="57.3694670" lon="-2.0872363">
        <name>Davan Place</name>
      </trkpt>
      <trkpt lat="57.3694720" lon="-2.0873530">
        <name>Davan Place</name>
      </trkpt>
      <trkpt lat="57.3694035" lon="-2.0873625">
        <name>Davan Place</name>
      </trkpt>
      <trkpt lat="57.3693350" lon="-2.0873720">
        <name>Davan Place</name>
      </trkpt>
      <trkpt lat="57.3692715" lon="-2.0873810">
        <name>Davan Place</name>
      </trkpt>
      <trkpt lat="57.3692080" lon="-2.0873900">
        <name>Davan Place</name>
      </trkpt>
      <trkpt lat="57.3691580" lon="-2.0873970">
        <name>Ness Circle</name>
      </trkpt>
      <trkpt lat="57.3691080" lon="-2.0874040">
        <name>Ness Circle</name>
      </trkpt>
      <trkpt lat="57.3690510" lon="-2.0874100">
        <name>Ness Circle</name>
      </trkpt>
      <trkpt lat="57.3690210" lon="-2.0874130">
        <name>Ness Circle</name>
      </trkpt>
      <trkpt lat="57.3690270" lon="-2.0875725">
        <name>Ness Circle</name>
      </trkpt>
      <trkpt lat="57.3690330" lon="-2.0877320">
        <name>Ness Circle</name>
      </trkpt>
      <trkpt lat="57.3690380" lon="-2.0878560">
        <name>Ness Circle</name>
      </trkpt>
      <trkpt lat="57.3690535" lon="-2.0879375">
        <name>Morlich Avenue</name>
      </trkpt>
      <trkpt lat="57.3690690" lon="-2.0880190">
        <name>Morlich Avenue</name>
      </trkpt>
      <trkpt lat="57.3690710" lon="-2.0880580">
        <name>Morlich Avenue</name>
      </trkpt>
      <trkpt lat="57.3690797" lon="-2.0882110">
        <name>Morlich Avenue</name>
      </trkpt>
      <trkpt lat="57.3690883" lon="-2.0883640">
        <name>Morlich Avenue</name>
      </trkpt>
      <trkpt lat="57.3690970" lon="-2.0885170">
        <name>Morlich Avenue</name>
      </trkpt>
      <trkpt lat="57.3691020" lon="-2.0886130">
        <name>Morlich Avenue</name>
      </trkpt>
      <trkpt lat="57.3691070" lon="-2.0887090">
        <name>Morlich Avenue</name>
      </trkpt>
      <trkpt lat="57.3691130" lon="-2.0888230">
        <name>Morlich Avenue</name>
      </trkpt>
      <trkpt lat="57.3691660" lon="-2.0888080">
        <name>Morlich Avenue</name>
      </trkpt>
      <trkpt lat="57.3692190" lon="-2.0887930">
        <name>Morlich Avenue</name>
      </trkpt>
      <trkpt lat="57.3693040" lon="-2.0887740">
        <name>Morlich Avenue</name>
      </trkpt>
      <trkpt lat="57.3693732" lon="-2.0887585">
        <name>Morlich Avenue</name>
      </trkpt>
      <trkpt lat="57.3694425" lon="-2.0887430">
        <name>Morlich Avenue</name>
      </trkpt>
      <trkpt lat="57.3695118" lon="-2.0887275">
        <name>Morlich Avenue</name>
      </trkpt>
      <trkpt lat="57.3695810" lon="-2.0887120">
        <name>Morlich Avenue</name>
      </trkpt>
      <trkpt lat="57.3695910" lon="-2.0887100">
        <name>Morlich Avenue</name>
      </trkpt>
      <trkpt lat="57.3695810" lon="-2.0885535">
        <name>Morlich Avenue</name>
      </trkpt>
      <trkpt lat="57.3695710" lon="-2.0883970">
        <name>Morlich Avenue</name>
      </trkpt>
      <trkpt lat="57.3695810" lon="-2.0885535">
        <name>Morlich Avenue</name>
      </trkpt>
      <trkpt lat="57.3695910" lon="-2.0887100">
        <name>Morlich Avenue</name>
      </trkpt>
      <trkpt lat="57.3695970" lon="-2.0888130">
        <name>Morlich Avenue</name>
      </trkpt>
      <trkpt lat="57.3696030" lon="-2.0889160">
        <name>Morlich Avenue</name>
      </trkpt>
      <trkpt lat="57.3696020" lon="-2.0888970">
        <name>Morlich Avenue</name>
      </trkpt>
      <trkpt lat="57.3695965" lon="-2.0888035">
        <name>Morlich Avenue</name>
      </trkpt>
      <trkpt lat="57.3695910" lon="-2.0887100">
        <name>Morlich Avenue</name>
      </trkpt>
      <trkpt lat="57.3695165" lon="-2.0887265">
        <name>Morlich Avenue</name>
      </trkpt>
      <trkpt lat="57.3694420" lon="-2.0887430">
        <name>Morlich Avenue</name>
      </trkpt>
      <trkpt lat="57.3693677" lon="-2.0887597">
        <name>Morlich Avenue</name>
      </trkpt>
      <trkpt lat="57.3692933" lon="-2.0887763">
        <name>Morlich Avenue</name>
      </trkpt>
      <trkpt lat="57.3692190" lon="-2.0887930">
        <name>Morlich Avenue</name>
      </trkpt>
      <trkpt lat="57.3691700" lon="-2.0888070">
        <name>Morlich Avenue</name>
      </trkpt>
      <trkpt lat="57.3691130" lon="-2.0888230">
        <name>Morlich Avenue</name>
      </trkpt>
      <trkpt lat="57.3691050" lon="-2.0886700">
        <name>Morlich Avenue</name>
      </trkpt>
      <trkpt lat="57.3690970" lon="-2.0885170">
        <name>Morlich Avenue</name>
      </trkpt>
      <trkpt lat="57.3690920" lon="-2.0884315">
        <name>Morlich Avenue</name>
      </trkpt>
      <trkpt lat="57.3690870" lon="-2.0883460">
        <name>Morlich Avenue</name>
      </trkpt>
      <trkpt lat="57.3690780" lon="-2.0881825">
        <name>Morlich Avenue</name>
      </trkpt>
      <trkpt lat="57.3690690" lon="-2.0880190">
        <name>Morlich Avenue</name>
      </trkpt>
      <trkpt lat="57.3690500" lon="-2.0879180">
        <name>Morlich Avenue</name>
      </trkpt>
      <trkpt lat="57.3690380" lon="-2.0878560">
        <name>Morlich Avenue</name>
      </trkpt>
      <trkpt lat="57.3690330" lon="-2.0877320">
        <name>Ness Circle</name>
      </trkpt>
      <trkpt lat="57.3690290" lon="-2.0876235">
        <name>Ness Circle</name>
      </trkpt>
      <trkpt lat="57.3690250" lon="-2.0875150">
        <name>Ness Circle</name>
      </trkpt>
      <trkpt lat="57.3690210" lon="-2.0874130">
        <name>Ness Circle</name>
      </trkpt>
      <trkpt lat="57.3689480" lon="-2.0874255">
        <name>Ness Circle</name>
      </trkpt>
      <trkpt lat="57.3688750" lon="-2.0874380">
        <name>Ness Circle</name>
      </trkpt>
      <trkpt lat="57.3687887" lon="-2.0874533">
        <name>Ness Circle</name>
      </trkpt>
      <trkpt lat="57.3687023" lon="-2.0874687">
        <name>Ness Circle</name>
      </trkpt>
      <trkpt lat="57.3686160" lon="-2.0874840">
        <name>Ness Circle</name>
      </trkpt>
      <trkpt lat="57.3685490" lon="-2.0874957">
        <name>Ness Circle</name>
      </trkpt>
      <trkpt lat="57.3684820" lon="-2.0875073">
        <name>Ness Circle</name>
      </trkpt>
      <trkpt lat="57.3684150" lon="-2.0875190">
        <name>Ness Circle</name>
      </trkpt>
      <trkpt lat="57.3683500" lon="-2.0875300">
        <name>Ness Circle</name>
      </trkpt>
      <trkpt lat="57.3683025" lon="-2.0875365">
        <name>Ness Circle</name>
      </trkpt>
      <trkpt lat="57.3682550" lon="-2.0875430">
        <name>Ness Circle</name>
      </trkpt>
      <trkpt lat="57.3681665" lon="-2.0875590">
        <name>Ness Circle</name>
      </trkpt>
      <trkpt lat="57.3680780" lon="-2.0875750">
        <name>Ness Circle</name>
      </trkpt>
      <trkpt lat="57.3680100" lon="-2.0875877">
        <name>Ness Circle</name>
      </trkpt>
      <trkpt lat="57.3679420" lon="-2.0876005">
        <name>Ness Circle</name>
      </trkpt>
      <trkpt lat="57.3678740" lon="-2.0876133">
        <name>Ness Circle</name>
      </trkpt>
      <trkpt lat="57.3678060" lon="-2.0876260">
        <name>Ness Circle</name>
      </trkpt>
      <trkpt lat="57.3677300" lon="-2.0876400">
        <name>Ness Circle</name>
      </trkpt>
      <trkpt lat="57.3676540" lon="-2.0876540">
        <name>Ness Circle</name>
      </trkpt>
      <trkpt lat="57.3676020" lon="-2.0876610">
        <name>Ness Circle</name>
      </trkpt>
      <trkpt lat="57.3675140" lon="-2.0876740">
        <name>Ness Circle</name>
      </trkpt>
      <trkpt lat="57.3674360" lon="-2.0876880">
        <name>Ness Circle</name>
      </trkpt>
      <trkpt lat="57.3673580" lon="-2.0877020">
        <name>Ness Circle</name>
      </trkpt>
      <trkpt lat="57.3672858" lon="-2.0877147">
        <name>Ness Circle</name>
      </trkpt>
      <trkpt lat="57.3672135" lon="-2.0877275">
        <name>Ness Circle</name>
      </trkpt>
      <trkpt lat="57.3671413" lon="-2.0877403">
        <name>Ness Circle</name>
      </trkpt>
      <trkpt lat="57.3670690" lon="-2.0877530">
        <name>Ness Circle</name>
      </trkpt>
      <trkpt lat="57.3669985" lon="-2.0877655">
        <name>Ness Circle</name>
      </trkpt>
      <trkpt lat="57.3669280" lon="-2.0877780">
        <name>Ness Circle</name>
      </trkpt>
      <trkpt lat="57.3668705" lon="-2.0877890">
        <name>Ness Circle</name>
      </trkpt>
      <trkpt lat="57.3668130" lon="-2.0878000">
        <name>Ness Circle</name>
      </trkpt>
      <trkpt lat="57.3667970" lon="-2.0878030">
        <name>Ness Circle</name>
      </trkpt>
      <trkpt lat="57.3667235" lon="-2.0878150">
        <name>Ness Circle</name>
      </trkpt>
      <trkpt lat="57.3666500" lon="-2.0878270">
        <name>Ness Circle</name>
      </trkpt>
      <trkpt lat="57.3665980" lon="-2.0878350">
        <name>Ness Circle</name>
      </trkpt>
      <trkpt lat="57.3665307" lon="-2.0878453">
        <name>Ness Circle</name>
      </trkpt>
      <trkpt lat="57.3664633" lon="-2.0878557">
        <name>Ness Circle</name>
      </trkpt>
      <trkpt lat="57.3663960" lon="-2.0878660">
        <name>Ness Circle</name>
      </trkpt>
      <trkpt lat="57.3663790" lon="-2.0878680">
        <name>Ness Circle</name>
      </trkpt>
      <trkpt lat="57.3663660" lon="-2.0878700">
        <name>Leven Avenue</name>
      </trkpt>
      <trkpt lat="57.3663495" lon="-2.0877105">
        <name>Leven Avenue</name>
      </trkpt>
      <trkpt lat="57.3663330" lon="-2.0875510">
        <name>Leven Avenue</name>
      </trkpt>
      <trkpt lat="57.3663230" lon="-2.0874350">
        <name>Leven Avenue</name>
      </trkpt>
      <trkpt lat="57.3663130" lon="-2.0873190">
        <name>Leven Avenue</name>
      </trkpt>
      <trkpt lat="57.3663070" lon="-2.0872550">
        <name>Leven Avenue</name>
      </trkpt>
      <trkpt lat="57.3662948" lon="-2.0871165">
        <name>Leven Avenue</name>
      </trkpt>
      <trkpt lat="57.3662825" lon="-2.0869780">
        <name>Leven Avenue</name>
      </trkpt>
      <trkpt lat="57.3662702" lon="-2.0868395">
        <name>Leven Avenue</name>
      </trkpt>
      <trkpt lat="57.3662580" lon="-2.0867010">
        <name>Leven Avenue</name>
      </trkpt>
      <trkpt lat="57.3662475" lon="-2.0865665">
        <name>Leven Avenue</name>
      </trkpt>
      <trkpt lat="57.3662370" lon="-2.0864320">
        <name>Leven Avenue</name>
      </trkpt>
      <trkpt lat="57.3662330" lon="-2.0863820">
        <name>Leven Avenue</name>
      </trkpt>
      <trkpt lat="57.3662255" lon="-2.0862880">
        <name>Leven Avenue</name>
      </trkpt>
      <trkpt lat="57.3662180" lon="-2.0861940">
        <name>Leven Avenue</name>
      </trkpt>
      <trkpt lat="57.3662150" lon="-2.0861430">
        <name>Leven Avenue</name>
      </trkpt>
      <trkpt lat="57.3662050" lon="-2.0859920">
        <name>Leven Avenue</name>
      </trkpt>
      <trkpt lat="57.3661780" lon="-2.0860030">
        <name>Leven Avenue</name>
      </trkpt>
      <trkpt lat="57.3661520" lon="-2.0860130">
        <name>Leven Avenue</name>
      </trkpt>
      <trkpt lat="57.3660665" lon="-2.0860580">
        <name>Leven Avenue</name>
      </trkpt>
      <trkpt lat="57.3659810" lon="-2.0861030">
        <name>Leven Avenue</name>
      </trkpt>
      <trkpt lat="57.3659350" lon="-2.0861160">
        <name>Leven Avenue</name>
      </trkpt>
      <trkpt lat="57.3658737" lon="-2.0861330">
        <name>Leven Avenue</name>
      </trkpt>
      <trkpt lat="57.3658123" lon="-2.0861500">
        <name>Leven Avenue</name>
      </trkpt>
      <trkpt lat="57.3657510" lon="-2.0861670">
        <name>Leven Avenue</name>
      </trkpt>
      <trkpt lat="57.3656827" lon="-2.0861863">
        <name>Leven Avenue</name>
      </trkpt>
      <trkpt lat="57.3656143" lon="-2.0862057">
        <name>Leven Avenue</name>
      </trkpt>
      <trkpt lat="57.3655460" lon="-2.0862250">
        <name>Leven Avenue</name>
      </trkpt>
      <trkpt lat="57.3654780" lon="-2.0862500">
        <name>Leven Avenue</name>
      </trkpt>
      <trkpt lat="57.3654420" lon="-2.0862620">
        <name>Leven Avenue</name>
      </trkpt>
      <trkpt lat="57.3653720" lon="-2.0862860">
        <name>Leven Avenue</name>
      </trkpt>
      <trkpt lat="57.3653210" lon="-2.0863030">
        <name>Leven Avenue</name>
      </trkpt>
      <trkpt lat="57.3652700" lon="-2.0863200">
        <name>Leven Avenue</name>
      </trkpt>
      <trkpt lat="57.3652240" lon="-2.0863060">
        <name>Leven Avenue</name>
      </trkpt>
      <trkpt lat="57.3651355" lon="-2.0862795">
        <name>Leven Avenue</name>
      </trkpt>
      <trkpt lat="57.3650470" lon="-2.0862530">
        <name>Leven Avenue</name>
      </trkpt>
      <trkpt lat="57.3649840" lon="-2.0862340">
        <name>Leven Avenue</name>
      </trkpt>
      <trkpt lat="57.3649350" lon="-2.0862320">
        <name>Leven Avenue</name>
      </trkpt>
      <trkpt lat="57.3649010" lon="-2.0862320">
        <name>Leven Avenue</name>
      </trkpt>
      <trkpt lat="57.3648700" lon="-2.0862470">
        <name>Leven Avenue</name>
      </trkpt>
      <trkpt lat="57.3648220" lon="-2.0862770">
        <name>Leven Avenue</name>
      </trkpt>
      <trkpt lat="57.3647740" lon="-2.0863070">
        <name>Leven Avenue</name>
      </trkpt>
      <trkpt lat="57.3646922" lon="-2.0863575">
        <name>Leven Avenue</name>
      </trkpt>
      <trkpt lat="57.3646105" lon="-2.0864080">
        <name>Leven Avenue</name>
      </trkpt>
      <trkpt lat="57.3645287" lon="-2.0864585">
        <name>Leven Avenue</name>
      </trkpt>
      <trkpt lat="57.3644470" lon="-2.0865090">
        <name>Leven Avenue</name>
      </trkpt>
      <trkpt lat="57.3643630" lon="-2.0865610">
        <name>Leven Avenue</name>
      </trkpt>
      <trkpt lat="57.3643370" lon="-2.0865770">
        <name>Leven Avenue</name>
      </trkpt>
      <trkpt lat="57.3642722" lon="-2.0866160">
        <name>Leven Avenue</name>
      </trkpt>
      <trkpt lat="57.3642075" lon="-2.0866550">
        <name>Leven Avenue</name>
      </trkpt>
      <trkpt lat="57.3641427" lon="-2.0866940">
        <name>Leven Avenue</name>
      </trkpt>
      <trkpt lat="57.3640780" lon="-2.0867330">
        <name>Leven Avenue</name>
      </trkpt>
      <trkpt lat="57.3640300" lon="-2.0867510">
        <name>Leven Avenue</name>
      </trkpt>
      <trkpt lat="57.3640210" lon="-2.0867510">
        <name>Leven Avenue</name>
      </trkpt>
      <trkpt lat="57.3639800" lon="-2.0867490">
        <name>Leven Avenue</name>
      </trkpt>
      <trkpt lat="57.3639340" lon="-2.0867120">
        <name>Leven Avenue</name>
      </trkpt>
      <trkpt lat="57.3638950" lon="-2.0866570">
        <name>Leven Avenue</name>
      </trkpt>
      <trkpt lat="57.3638640" lon="-2.0865700">
        <name>Leven Avenue</name>
      </trkpt>
      <trkpt lat="57.3638330" lon="-2.0864830">
        <name>Leven Avenue</name>
      </trkpt>
      <trkpt lat="57.3638145" lon="-2.0863940">
        <name>Leven Avenue</name>
      </trkpt>
      <trkpt lat="57.3637960" lon="-2.0863050">
        <name>Leven Avenue</name>
      </trkpt>
      <trkpt lat="57.3637700" lon="-2.0861782">
        <name>Leven Avenue</name>
      </trkpt>
      <trkpt lat="57.3637440" lon="-2.0860514">
        <name>Leven Avenue</name>
      </trkpt>
      <trkpt lat="57.3637180" lon="-2.0859246">
        <name>Leven Avenue</name>
      </trkpt>
      <trkpt lat="57.3636920" lon="-2.0857978">
        <name>Leven Avenue</name>
      </trkpt>
      <trkpt lat="57.3636660" lon="-2.0856710">
        <name>Leven Avenue</name>
      </trkpt>
      <trkpt lat="57.3636387" lon="-2.0855400">
        <name>Leven Avenue</name>
      </trkpt>
      <trkpt lat="57.3636113" lon="-2.0854090">
        <name>Leven Avenue</name>
      </trkpt>
      <trkpt lat="57.3635840" lon="-2.0852780">
        <name>Leven Avenue</name>
      </trkpt>
      <trkpt lat="57.3635820" lon="-2.0852550">
        <name>Leven Avenue</name>
      </trkpt>
      <trkpt lat="57.3635740" lon="-2.0851860">
        <name>Ness Circle</name>
      </trkpt>
      <trkpt lat="57.3635760" lon="-2.0850900">
        <name>Ness Circle</name>
      </trkpt>
      <trkpt lat="57.3635790" lon="-2.0850000">
        <name>Ness Circle</name>
      </trkpt>
      <trkpt lat="57.3635900" lon="-2.0849090">
        <name>Ness Circle</name>
      </trkpt>
      <trkpt lat="57.3636160" lon="-2.0848020">
        <name>Ness Circle</name>
      </trkpt>
      <trkpt lat="57.3636250" lon="-2.0847800">
        <name>Ness Circle</name>
      </trkpt>
      <trkpt lat="57.3636570" lon="-2.0847060">
        <name>Ness Circle</name>
      </trkpt>
      <trkpt lat="57.3636950" lon="-2.0846610">
        <name>Ness Circle</name>
      </trkpt>
      <trkpt lat="57.3637330" lon="-2.0846160">
        <name>Ness Circle</name>
      </trkpt>
      <trkpt lat="57.3637740" lon="-2.0845740">
        <name>Ness Circle</name>
      </trkpt>
      <trkpt lat="57.3638450" lon="-2.0845350">
        <name>Ness Circle</name>
      </trkpt>
      <trkpt lat="57.3638920" lon="-2.0845080">
        <name>Ness Circle</name>
      </trkpt>
      <trkpt lat="57.3639365" lon="-2.0844825">
        <name>Ness Circle</name>
      </trkpt>
      <trkpt lat="57.3639810" lon="-2.0844570">
        <name>Ness Circle</name>
      </trkpt>
      <trkpt lat="57.3640140" lon="-2.0844290">
        <name>Ness Circle</name>
      </trkpt>
      <trkpt lat="57.3640510" lon="-2.0843790">
        <name>Ness Circle</name>
      </trkpt>
      <trkpt lat="57.3640830" lon="-2.0842950">
        <name>Ness Circle</name>
      </trkpt>
      <trkpt lat="57.3640890" lon="-2.0842470">
        <name>Ness Circle</name>
      </trkpt>
      <trkpt lat="57.3640900" lon="-2.0841840">
        <name>Ness Circle</name>
      </trkpt>
      <trkpt lat="57.3640760" lon="-2.0840730">
        <name>Ness Circle</name>
      </trkpt>
      <trkpt lat="57.3640530" lon="-2.0839855">
        <name>Ness Circle</name>
      </trkpt>
      <trkpt lat="57.3640300" lon="-2.0838980">
        <name>Ness Circle</name>
      </trkpt>
      <trkpt lat="57.3640190" lon="-2.0838560">
        <name>Ness Circle</name>
      </trkpt>
      <trkpt lat="57.3640070" lon="-2.0837910">
        <name>Ness Circle</name>
      </trkpt>
      <trkpt lat="57.3640380" lon="-2.0837510">
        <name>Ness Circle</name>
      </trkpt>
      <trkpt lat="57.3640805" lon="-2.0836960">
        <name>Ness Circle</name>
      </trkpt>
      <trkpt lat="57.3641230" lon="-2.0836410">
        <name>Ness Circle</name>
      </trkpt>
      <trkpt lat="57.3641600" lon="-2.0835960">
        <name>Ness Circle</name>
      </trkpt>
      <trkpt lat="57.3642020" lon="-2.0835810">
        <name>Katrine Terrace</name>
      </trkpt>
      <trkpt lat="57.3642660" lon="-2.0835620">
        <name>Katrine Terrace</name>
      </trkpt>
      <trkpt lat="57.3643490" lon="-2.0835560">
        <name>Katrine Terrace</name>
      </trkpt>
      <trkpt lat="57.3643610" lon="-2.0835550">
        <name>Katrine Terrace</name>
      </trkpt>
      <trkpt lat="57.3644060" lon="-2.0835600">
        <name>Katrine Terrace</name>
      </trkpt>
      <trkpt lat="57.3644510" lon="-2.0835650">
        <name>Katrine Terrace</name>
      </trkpt>
      <trkpt lat="57.3645165" lon="-2.0835715">
        <name>Katrine Terrace</name>
      </trkpt>
      <trkpt lat="57.3645820" lon="-2.0835780">
        <name>Katrine Terrace</name>
      </trkpt>
      <trkpt lat="57.3645805" lon="-2.0836715">
        <name>Katrine Terrace</name>
      </trkpt>
      <trkpt lat="57.3645790" lon="-2.0837650">
        <name>Katrine Terrace</name>
      </trkpt>
      <trkpt lat="57.3645763" lon="-2.0839058">
        <name>Katrine Terrace</name>
      </trkpt>
      <trkpt lat="57.3645737" lon="-2.0840467">
        <name>Katrine Terrace</name>
      </trkpt>
      <trkpt lat="57.3645710" lon="-2.0841875">
        <name>Katrine Terrace</name>
      </trkpt>
      <trkpt lat="57.3645683" lon="-2.0843283">
        <name>Katrine Terrace</name>
      </trkpt>
      <trkpt lat="57.3645657" lon="-2.0844692">
        <name>Katrine Terrace</name>
      </trkpt>
      <trkpt lat="57.3645630" lon="-2.0846100">
        <name>Katrine Terrace</name>
      </trkpt>
      <trkpt lat="57.3645120" lon="-2.0846080">
        <name>Katrine Terrace</name>
      </trkpt>
      <trkpt lat="57.3645650" lon="-2.0846100">
        <name>Katrine Terrace</name>
      </trkpt>
      <trkpt lat="57.3645674" lon="-2.0844626">
        <name>Katrine Terrace</name>
      </trkpt>
      <trkpt lat="57.3645699" lon="-2.0843151">
        <name>Katrine Terrace</name>
      </trkpt>
      <trkpt lat="57.3645723" lon="-2.0841677">
        <name>Katrine Terrace</name>
      </trkpt>
      <trkpt lat="57.3645747" lon="-2.0840203">
        <name>Katrine Terrace</name>
      </trkpt>
      <trkpt lat="57.3645771" lon="-2.0838729">
        <name>Katrine Terrace</name>
      </trkpt>
      <trkpt lat="57.3645796" lon="-2.0837254">
        <name>Katrine Terrace</name>
      </trkpt>
      <trkpt lat="57.3645820" lon="-2.0835780">
        <name>Katrine Terrace</name>
      </trkpt>
      <trkpt lat="57.3646427" lon="-2.0835820">
        <name>Katrine Terrace</name>
      </trkpt>
      <trkpt lat="57.3647033" lon="-2.0835860">
        <name>Katrine Terrace</name>
      </trkpt>
      <trkpt lat="57.3647640" lon="-2.0835900">
        <name>Katrine Terrace</name>
      </trkpt>
      <trkpt lat="57.3648210" lon="-2.0835940">
        <name>Katrine Terrace</name>
      </trkpt>
      <trkpt lat="57.3648955" lon="-2.0835970">
        <name>Katrine Terrace</name>
      </trkpt>
      <trkpt lat="57.3649700" lon="-2.0836000">
        <name>Katrine Terrace</name>
      </trkpt>
      <trkpt lat="57.3650445" lon="-2.0836030">
        <name>Katrine Terrace</name>
      </trkpt>
      <trkpt lat="57.3651190" lon="-2.0836060">
        <name>Katrine Terrace</name>
      </trkpt>
      <trkpt lat="57.3651830" lon="-2.0836080">
        <name>Katrine Terrace</name>
      </trkpt>
      <trkpt lat="57.3652600" lon="-2.0836110">
        <name>Katrine Terrace</name>
      </trkpt>
      <trkpt lat="57.3652584" lon="-2.0837581">
        <name>Katrine Terrace</name>
      </trkpt>
      <trkpt lat="57.3652569" lon="-2.0839053">
        <name>Katrine Terrace</name>
      </trkpt>
      <trkpt lat="57.3652553" lon="-2.0840524">
        <name>Katrine Terrace</name>
      </trkpt>
      <trkpt lat="57.3652537" lon="-2.0841996">
        <name>Katrine Terrace</name>
      </trkpt>
      <trkpt lat="57.3652521" lon="-2.0843467">
        <name>Katrine Terrace</name>
      </trkpt>
      <trkpt lat="57.3652506" lon="-2.0844939">
        <name>Katrine Terrace</name>
      </trkpt>
      <trkpt lat="57.3652490" lon="-2.0846410">
        <name>Katrine Terrace</name>
      </trkpt>
      <trkpt lat="57.3653010" lon="-2.0846440">
        <name>Katrine Terrace</name>
      </trkpt>
      <trkpt lat="57.3652490" lon="-2.0846410">
        <name>Katrine Terrace</name>
      </trkpt>
      <trkpt lat="57.3652490" lon="-2.0845970">
        <name>Katrine Terrace</name>
      </trkpt>
      <trkpt lat="57.3652508" lon="-2.0844327">
        <name>Katrine Terrace</name>
      </trkpt>
      <trkpt lat="57.3652527" lon="-2.0842683">
        <name>Katrine Terrace</name>
      </trkpt>
      <trkpt lat="57.3652545" lon="-2.0841040">
        <name>Katrine Terrace</name>
      </trkpt>
      <trkpt lat="57.3652563" lon="-2.0839397">
        <name>Katrine Terrace</name>
      </trkpt>
      <trkpt lat="57.3652582" lon="-2.0837753">
        <name>Katrine Terrace</name>
      </trkpt>
      <trkpt lat="57.3652600" lon="-2.0836110">
        <name>Katrine Terrace</name>
      </trkpt>
      <trkpt lat="57.3653430" lon="-2.0836217">
        <name>Katrine Terrace</name>
      </trkpt>
      <trkpt lat="57.3654260" lon="-2.0836323">
        <name>Katrine Terrace</name>
      </trkpt>
      <trkpt lat="57.3655090" lon="-2.0836430">
        <name>Katrine Terrace</name>
      </trkpt>
      <trkpt lat="57.3655680" lon="-2.0836520">
        <name>Katrine Terrace</name>
      </trkpt>
      <trkpt lat="57.3656310" lon="-2.0836810">
        <name>Katrine Terrace</name>
      </trkpt>
      <trkpt lat="57.3656810" lon="-2.0837280">
        <name>Katrine Terrace</name>
      </trkpt>
      <trkpt lat="57.3657295" lon="-2.0837950">
        <name>Katrine Terrace</name>
      </trkpt>
      <trkpt lat="57.3657780" lon="-2.0838620">
        <name>Katrine Terrace</name>
      </trkpt>
      <trkpt lat="57.3658180" lon="-2.0839180">
        <name>Katrine Terrace</name>
      </trkpt>
      <trkpt lat="57.3658730" lon="-2.0839940">
        <name>Katrine Terrace</name>
      </trkpt>
      <trkpt lat="57.3659140" lon="-2.0840840">
        <name>Katrine Terrace</name>
      </trkpt>
      <trkpt lat="57.3659350" lon="-2.0841720">
        <name>Katrine Terrace</name>
      </trkpt>
      <trkpt lat="57.3659430" lon="-2.0842550">
        <name>Katrine Terrace</name>
      </trkpt>
      <trkpt lat="57.3659510" lon="-2.0843380">
        <name>Katrine Terrace</name>
      </trkpt>
      <trkpt lat="57.3659635" lon="-2.0844665">
        <name>Katrine Terrace</name>
      </trkpt>
      <trkpt lat="57.3659760" lon="-2.0845950">
        <name>Katrine Terrace</name>
      </trkpt>
      <trkpt lat="57.3659885" lon="-2.0847235">
        <name>Katrine Terrace</name>
      </trkpt>
      <trkpt lat="57.3660010" lon="-2.0848520">
        <name>Katrine Terrace</name>
      </trkpt>
      <trkpt lat="57.3660140" lon="-2.0848780">
        <name>Katrine Terrace</name>
      </trkpt>
      <trkpt lat="57.3660310" lon="-2.0848860">
        <name>Katrine Terrace</name>
      </trkpt>
      <trkpt lat="57.3660920" lon="-2.0848610">
        <name>Katrine Terrace</name>
      </trkpt>
    </trkseg>
  </trk>
</gpx>