<?xml version="1.0" encoding="UTF-8"?>
<gpx version="1.1" creator="TurboSanta Route Planner">
  <trk>
    <name>TurboSanta Route (10m density)</name>
    <trkseg>
      <trkpt lat="57.3131410" lon="-2.0057420">
        <name>Main Street</name>
      </trkpt>
      <trkpt lat="57.3132110" lon="-2.0056770">
        <name>Main Street</name>
      </trkpt>
      <trkpt lat="57.3132810" lon="-2.0056120">
        <name>Main Street</name>
      </trkpt>
      <trkpt lat="57.3132620" lon="-2.0054660">
        <name>Main Street</name>
      </trkpt>
      <trkpt lat="57.3132465" lon="-2.0053475">
        <name>Main Street</name>
      </trkpt>
      <trkpt lat="57.3132310" lon="-2.0052290">
        <name>Main Street</name>
      </trkpt>
      <trkpt lat="57.3132280" lon="-2.0052020">
        <name>Bridge Gardens</name>
      </trkpt>
      <trkpt lat="57.3132240" lon="-2.0051075">
        <name>Bridge Gardens</name>
      </trkpt>
      <trkpt lat="57.3132200" lon="-2.0050130">
        <name>Bridge Gardens</name>
      </trkpt>
      <trkpt lat="57.3132220" lon="-2.0049090">
        <name>Bridge Gardens</name>
      </trkpt>
      <trkpt lat="57.3132250" lon="-2.0048010">
        <name>Bridge Gardens</name>
      </trkpt>
      <trkpt lat="57.3132380" lon="-2.0046790">
        <name>Bridge Gardens</name>
      </trkpt>
      <trkpt lat="57.3132480" lon="-2.0045900">
        <name>Bridge Gardens</name>
      </trkpt>
      <trkpt lat="57.3133100" lon="-2.0045310">
        <name>Bridge Gardens</name>
      </trkpt>
      <trkpt lat="57.3132480" lon="-2.0045920">
        <name>Bridge Gardens</name>
      </trkpt>
      <trkpt lat="57.3132365" lon="-2.0046965">
        <name>Bridge Gardens</name>
      </trkpt>
      <trkpt lat="57.3132250" lon="-2.0048010">
        <name>Bridge Gardens</name>
      </trkpt>
      <trkpt lat="57.3132225" lon="-2.0049070">
        <name>Bridge Gardens</name>
      </trkpt>
      <trkpt lat="57.3132200" lon="-2.0050130">
        <name>Bridge Gardens</name>
      </trkpt>
      <trkpt lat="57.3132240" lon="-2.0051075">
        <name>Bridge Gardens</name>
      </trkpt>
      <trkpt lat="57.3132280" lon="-2.0052020">
        <name>Bridge Gardens</name>
      </trkpt>
      <trkpt lat="57.3132395" lon="-2.0052910">
        <name>Bridge Gardens</name>
      </trkpt>
      <trkpt lat="57.3132510" lon="-2.0053800">
        <name>Bridge Gardens</name>
      </trkpt>
      <trkpt lat="57.3132670" lon="-2.0055040">
        <name>Bridge Gardens</name>
      </trkpt>
      <trkpt lat="57.3132830" lon="-2.0056280">
        <name>Bridge Gardens</name>
      </trkpt>
      <trkpt lat="57.3133310" lon="-2.0055990">
        <name>Bridge Gardens</name>
      </trkpt>
      <trkpt lat="57.3133790" lon="-2.0055700">
        <name>Bridge Gardens</name>
      </trkpt>
      <trkpt lat="57.3134490" lon="-2.0055280">
        <name>Bridge Gardens</name>
      </trkpt>
      <trkpt lat="57.3135190" lon="-2.0054860">
        <name>Bridge Gardens</name>
      </trkpt>
      <trkpt lat="57.3135890" lon="-2.0054440">
        <name>Bridge Gardens</name>
      </trkpt>
      <trkpt lat="57.3136590" lon="-2.0054020">
        <name>Bridge Gardens</name>
      </trkpt>
      <trkpt lat="57.3137320" lon="-2.0053580">
        <name>Bridge Gardens</name>
      </trkpt>
      <trkpt lat="57.3138050" lon="-2.0053140">
        <name>Bridge Gardens</name>
      </trkpt>
      <trkpt lat="57.3138780" lon="-2.0052700">
        <name>Bridge Gardens</name>
      </trkpt>
      <trkpt lat="57.3139483" lon="-2.0052277">
        <name>Bridge Gardens</name>
      </trkpt>
      <trkpt lat="57.3140187" lon="-2.0051853">
        <name>Bridge Gardens</name>
      </trkpt>
      <trkpt lat="57.3140890" lon="-2.0051430">
        <name>Bridge Gardens</name>
      </trkpt>
      <trkpt lat="57.3141500" lon="-2.0051060">
        <name>Bridge Gardens</name>
      </trkpt>
      <trkpt lat="57.3141940" lon="-2.0050780">
        <name>Bridge Gardens</name>
      </trkpt>
      <trkpt lat="57.3142380" lon="-2.0050500">
        <name>Bridge Gardens</name>
      </trkpt>
      <trkpt lat="57.3143095" lon="-2.0050043">
        <name>Bridge Gardens</name>
      </trkpt>
      <trkpt lat="57.3143810" lon="-2.0049585">
        <name>Bridge Gardens</name>
      </trkpt>
      <trkpt lat="57.3144525" lon="-2.0049127">
        <name>Bridge Gardens</name>
      </trkpt>
      <trkpt lat="57.3145240" lon="-2.0048670">
        <name>Bridge Gardens</name>
      </trkpt>
      <trkpt lat="57.3145675" lon="-2.0048395">
        <name>Bridge Gardens</name>
      </trkpt>
      <trkpt lat="57.3146110" lon="-2.0048120">
        <name>Bridge Gardens</name>
      </trkpt>
      <trkpt lat="57.3146765" lon="-2.0047540">
        <name>Bridge Gardens</name>
      </trkpt>
      <trkpt lat="57.3147420" lon="-2.0046960">
        <name>Bridge Gardens</name>
      </trkpt>
      <trkpt lat="57.3148075" lon="-2.0046380">
        <name>Bridge Gardens</name>
      </trkpt>
      <trkpt lat="57.3148730" lon="-2.0045800">
        <name>Bridge Gardens</name>
      </trkpt>
      <trkpt lat="57.3149493" lon="-2.0045120">
        <name>Bridge Gardens</name>
      </trkpt>
      <trkpt lat="57.3150257" lon="-2.0044440">
        <name>Bridge Gardens</name>
      </trkpt>
      <trkpt lat="57.3151020" lon="-2.0043760">
        <name>Bridge Gardens</name>
      </trkpt>
      <trkpt lat="57.3151783" lon="-2.0043080">
        <name>Bridge Gardens</name>
      </trkpt>
      <trkpt lat="57.3152547" lon="-2.0042400">
        <name>Bridge Gardens</name>
      </trkpt>
      <trkpt lat="57.3153310" lon="-2.0041720">
        <name>Bridge Gardens</name>
      </trkpt>
      <trkpt lat="57.3153745" lon="-2.0041335">
        <name>Bridge Gardens</name>
      </trkpt>
      <trkpt lat="57.3154180" lon="-2.0040950">
        <name>Bridge Gardens</name>
      </trkpt>
      <trkpt lat="57.3154760" lon="-2.0040397">
        <name>Bridge Gardens</name>
      </trkpt>
      <trkpt lat="57.3155340" lon="-2.0039843">
        <name>Bridge Gardens</name>
      </trkpt>
      <trkpt lat="57.3155920" lon="-2.0039290">
        <name>Bridge Gardens</name>
      </trkpt>
      <trkpt lat="57.3156550" lon="-2.0038690">
        <name>Bridge Gardens</name>
      </trkpt>
      <trkpt lat="57.3157310" lon="-2.0037995">
        <name>Bridge Gardens</name>
      </trkpt>
      <trkpt lat="57.3158070" lon="-2.0037300">
        <name>Bridge Gardens</name>
      </trkpt>
      <trkpt lat="57.3158830" lon="-2.0036605">
        <name>Bridge Gardens</name>
      </trkpt>
      <trkpt lat="57.3159590" lon="-2.0035910">
        <name>Bridge Gardens</name>
      </trkpt>
      <trkpt lat="57.3159700" lon="-2.0035810">
        <name>Bridge Gardens</name>
      </trkpt>
      <trkpt lat="57.3160480" lon="-2.0035125">
        <name>Bridge Gardens</name>
      </trkpt>
      <trkpt lat="57.3161260" lon="-2.0034440">
        <name>Bridge Gardens</name>
      </trkpt>
      <trkpt lat="57.3161897" lon="-2.0033997">
        <name>Bridge Gardens</name>
      </trkpt>
      <trkpt lat="57.3162533" lon="-2.0033553">
        <name>Bridge Gardens</name>
      </trkpt>
      <trkpt lat="57.3163170" lon="-2.0033110">
        <name>Bridge Gardens</name>
      </trkpt>
      <trkpt lat="57.3163780" lon="-2.0032890">
        <name>Bridge Gardens</name>
      </trkpt>
      <trkpt lat="57.3164260" lon="-2.0032720">
        <name>Bridge Gardens</name>
      </trkpt>
      <trkpt lat="57.3164740" lon="-2.0032550">
        <name>Bridge Gardens</name>
      </trkpt>
      <trkpt lat="57.3165535" lon="-2.0032530">
        <name>Bridge Gardens</name>
      </trkpt>
      <trkpt lat="57.3166330" lon="-2.0032510">
        <name>Bridge Gardens</name>
      </trkpt>
      <trkpt lat="57.3166960" lon="-2.0032590">
        <name>Bridge Gardens</name>
      </trkpt>
      <trkpt lat="57.3167744" lon="-2.0032692">
        <name>Bridge Gardens</name>
      </trkpt>
      <trkpt lat="57.3168528" lon="-2.0032794">
        <name>Bridge Gardens</name>
      </trkpt>
      <trkpt lat="57.3169312" lon="-2.0032896">
        <name>Bridge Gardens</name>
      </trkpt>
      <trkpt lat="57.3170096" lon="-2.0032998">
        <name>Bridge Gardens</name>
      </trkpt>
      <trkpt lat="57.3170880" lon="-2.0033100">
        <name>Bridge Gardens</name>
      </trkpt>
      <trkpt lat="57.3170860" lon="-2.0034170">
        <name>Bridge Gardens</name>
      </trkpt>
      <trkpt lat="57.3170830" lon="-2.0035522">
        <name>Main Street</name>
      </trkpt>
      <trkpt lat="57.3170800" lon="-2.0036874">
        <name>Main Street</name>
      </trkpt>
      <trkpt lat="57.3170770" lon="-2.0038226">
        <name>Main Street</name>
      </trkpt>
      <trkpt lat="57.3170740" lon="-2.0039578">
        <name>Main Street</name>
      </trkpt>
      <trkpt lat="57.3170710" lon="-2.0040930">
        <name>Main Street</name>
      </trkpt>
      <trkpt lat="57.3170690" lon="-2.0041875">
        <name>Main Street</name>
      </trkpt>
      <trkpt lat="57.3170670" lon="-2.0042820">
        <name>Main Street</name>
      </trkpt>
      <trkpt lat="57.3170650" lon="-2.0044310">
        <name>Main Street</name>
      </trkpt>
      <trkpt lat="57.3170630" lon="-2.0045800">
        <name>Main Street</name>
      </trkpt>
      <trkpt lat="57.3170592" lon="-2.0047180">
        <name>Main Street</name>
      </trkpt>
      <trkpt lat="57.3170555" lon="-2.0048560">
        <name>Main Street</name>
      </trkpt>
      <trkpt lat="57.3170517" lon="-2.0049940">
        <name>Main Street</name>
      </trkpt>
      <trkpt lat="57.3170480" lon="-2.0051320">
        <name>Main Street</name>
      </trkpt>
      <trkpt lat="57.3170460" lon="-2.0052050">
        <name>Main Street</name>
      </trkpt>
      <trkpt lat="57.3169602" lon="-2.0051972">
        <name>Main Street</name>
      </trkpt>
      <trkpt lat="57.3168743" lon="-2.0051893">
        <name>Main Street</name>
      </trkpt>
      <trkpt lat="57.3167885" lon="-2.0051815">
        <name>Main Street</name>
      </trkpt>
      <trkpt lat="57.3167027" lon="-2.0051737">
        <name>Main Street</name>
      </trkpt>
      <trkpt lat="57.3166168" lon="-2.0051658">
        <name>Main Street</name>
      </trkpt>
      <trkpt lat="57.3165310" lon="-2.0051580">
        <name>Main Street</name>
      </trkpt>
      <trkpt lat="57.3164420" lon="-2.0051590">
        <name>Main Street</name>
      </trkpt>
      <trkpt lat="57.3164250" lon="-2.0051590">
        <name>Main Street</name>
      </trkpt>
      <trkpt lat="57.3164190" lon="-2.0052910">
        <name>Main Street</name>
      </trkpt>
      <trkpt lat="57.3164168" lon="-2.0054270">
        <name>Main Street</name>
      </trkpt>
      <trkpt lat="57.3164146" lon="-2.0055630">
        <name>Main Street</name>
      </trkpt>
      <trkpt lat="57.3164124" lon="-2.0056990">
        <name>Main Street</name>
      </trkpt>
      <trkpt lat="57.3164102" lon="-2.0058350">
        <name>Main Street</name>
      </trkpt>
      <trkpt lat="57.3164080" lon="-2.0059710">
        <name>Main Street</name>
      </trkpt>
      <trkpt lat="57.3164065" lon="-2.0060545">
        <name>Main Street</name>
      </trkpt>
      <trkpt lat="57.3164050" lon="-2.0061380">
        <name>Main Street</name>
      </trkpt>
      <trkpt lat="57.3164020" lon="-2.0062980">
        <name>Main Street</name>
      </trkpt>
      <trkpt lat="57.3164005" lon="-2.0063945">
        <name>Main Street</name>
      </trkpt>
      <trkpt lat="57.3163990" lon="-2.0064910">
        <name>Main Street</name>
      </trkpt>
      <trkpt lat="57.3163975" lon="-2.0066450">
        <name>Main Street</name>
      </trkpt>
      <trkpt lat="57.3163960" lon="-2.0067990">
        <name>Main Street</name>
      </trkpt>
      <trkpt lat="57.3164170" lon="-2.0068720">
        <name>Main Street</name>
      </trkpt>
      <trkpt lat="57.3164570" lon="-2.0069100">
        <name>Main Street</name>
      </trkpt>
      <trkpt lat="57.3165260" lon="-2.0069200">
        <name>Main Street</name>
      </trkpt>
      <trkpt lat="57.3166060" lon="-2.0068857">
        <name>Main Street</name>
      </trkpt>
      <trkpt lat="57.3166860" lon="-2.0068515">
        <name>Main Street</name>
      </trkpt>
      <trkpt lat="57.3167660" lon="-2.0068173">
        <name>Main Street</name>
      </trkpt>
      <trkpt lat="57.3168460" lon="-2.0067830">
        <name>Main Street</name>
      </trkpt>
      <trkpt lat="57.3168960" lon="-2.0067615">
        <name>Main Street</name>
      </trkpt>
      <trkpt lat="57.3169460" lon="-2.0067400">
        <name>Main Street</name>
      </trkpt>
      <trkpt lat="57.3170090" lon="-2.0067370">
        <name>Main Street</name>
      </trkpt>
      <trkpt lat="57.3170052" lon="-2.0068950">
        <name>Main Street</name>
      </trkpt>
      <trkpt lat="57.3170014" lon="-2.0070530">
        <name>Main Street</name>
      </trkpt>
      <trkpt lat="57.3169977" lon="-2.0072110">
        <name>Main Street</name>
      </trkpt>
      <trkpt lat="57.3169939" lon="-2.0073690">
        <name>Main Street</name>
      </trkpt>
      <trkpt lat="57.3169901" lon="-2.0075270">
        <name>Main Street</name>
      </trkpt>
      <trkpt lat="57.3169863" lon="-2.0076850">
        <name>Main Street</name>
      </trkpt>
      <trkpt lat="57.3169826" lon="-2.0078430">
        <name>Main Street</name>
      </trkpt>
      <trkpt lat="57.3169788" lon="-2.0080010">
        <name>Main Street</name>
      </trkpt>
      <trkpt lat="57.3169750" lon="-2.0081590">
        <name>Main Street</name>
      </trkpt>
      <trkpt lat="57.3169775" lon="-2.0083090">
        <name>Main Street</name>
      </trkpt>
      <trkpt lat="57.3169800" lon="-2.0084590">
        <name>Main Street</name>
      </trkpt>
      <trkpt lat="57.3169825" lon="-2.0086090">
        <name>Main Street</name>
      </trkpt>
      <trkpt lat="57.3169850" lon="-2.0087590">
        <name>Main Street</name>
      </trkpt>
      <trkpt lat="57.3169875" lon="-2.0089090">
        <name>Main Street</name>
      </trkpt>
      <trkpt lat="57.3169900" lon="-2.0090590">
        <name>Main Street</name>
      </trkpt>
      <trkpt lat="57.3169120" lon="-2.0090625">
        <name>Main Street</name>
      </trkpt>
      <trkpt lat="57.3168340" lon="-2.0090660">
        <name>Main Street</name>
      </trkpt>
      <trkpt lat="57.3167640" lon="-2.0091224">
        <name>Main Street</name>
      </trkpt>
      <trkpt lat="57.3166940" lon="-2.0091788">
        <name>Main Street</name>
      </trkpt>
      <trkpt lat="57.3166240" lon="-2.0092352">
        <name>Main Street</name>
      </trkpt>
      <trkpt lat="57.3165540" lon="-2.0092916">
        <name>Main Street</name>
      </trkpt>
      <trkpt lat="57.3164840" lon="-2.0093480">
        <name>Main Street</name>
      </trkpt>
      <trkpt lat="57.3164260" lon="-2.0093790">
        <name>Main Street</name>
      </trkpt>
      <trkpt lat="57.3164495" lon="-2.0094945">
        <name>Main Street</name>
      </trkpt>
      <trkpt lat="57.3164730" lon="-2.0096100">
        <name>Main Street</name>
      </trkpt>
      <trkpt lat="57.3165190" lon="-2.0097007">
        <name>Main Street</name>
      </trkpt>
      <trkpt lat="57.3165650" lon="-2.0097913">
        <name>Main Street</name>
      </trkpt>
      <trkpt lat="57.3166110" lon="-2.0098820">
        <name>Main Street</name>
      </trkpt>
      <trkpt lat="57.3166380" lon="-2.0099640">
        <name>Main Street</name>
      </trkpt>
      <trkpt lat="57.3166520" lon="-2.0100510">
        <name>Main Street</name>
      </trkpt>
      <trkpt lat="57.3166450" lon="-2.0101450">
        <name>Main Street</name>
      </trkpt>
      <trkpt lat="57.3166160" lon="-2.0101930">
        <name>Main Street</name>
      </trkpt>
      <trkpt lat="57.3165810" lon="-2.0102340">
        <name>Main Street</name>
      </trkpt>
      <trkpt lat="57.3165400" lon="-2.0102350">
        <name>Main Street</name>
      </trkpt>
      <trkpt lat="57.3164980" lon="-2.0102000">
        <name>Main Street</name>
      </trkpt>
      <trkpt lat="57.3164700" lon="-2.0101220">
        <name>Main Street</name>
      </trkpt>
      <trkpt lat="57.3164630" lon="-2.0100160">
        <name>Main Street</name>
      </trkpt>
      <trkpt lat="57.3164663" lon="-2.0098807">
        <name>Main Street</name>
      </trkpt>
      <trkpt lat="57.3164697" lon="-2.0097453">
        <name>Main Street</name>
      </trkpt>
      <trkpt lat="57.3164730" lon="-2.0096100">
        <name>Main Street</name>
      </trkpt>
      <trkpt lat="57.3164495" lon="-2.0094945">
        <name>Main Street</name>
      </trkpt>
      <trkpt lat="57.3164260" lon="-2.0093790">
        <name>Main Street</name>
      </trkpt>
      <trkpt lat="57.3164840" lon="-2.0093480">
        <name>Main Street</name>
      </trkpt>
      <trkpt lat="57.3165540" lon="-2.0092916">
        <name>Main Street</name>
      </trkpt>
      <trkpt lat="57.3166240" lon="-2.0092352">
        <name>Main Street</name>
      </trkpt>
      <trkpt lat="57.3166940" lon="-2.0091788">
        <name>Main Street</name>
      </trkpt>
      <trkpt lat="57.3167640" lon="-2.0091224">
        <name>Main Street</name>
      </trkpt>
      <trkpt lat="57.3168340" lon="-2.0090660">
        <name>Main Street</name>
      </trkpt>
      <trkpt lat="57.3169120" lon="-2.0090625">
        <name>Main Street</name>
      </trkpt>
      <trkpt lat="57.3169900" lon="-2.0090590">
        <name>Main Street</name>
      </trkpt>
      <trkpt lat="57.3169875" lon="-2.0089090">
        <name>Main Street</name>
      </trkpt>
      <trkpt lat="57.3169850" lon="-2.0087590">
        <name>Main Street</name>
      </trkpt>
      <trkpt lat="57.3169825" lon="-2.0086090">
        <name>Main Street</name>
      </trkpt>
      <trkpt lat="57.3169800" lon="-2.0084590">
        <name>Main Street</name>
      </trkpt>
      <trkpt lat="57.3169775" lon="-2.0083090">
        <name>Main Street</name>
      </trkpt>
      <trkpt lat="57.3169750" lon="-2.0081590">
        <name>Main Street</name>
      </trkpt>
      <trkpt lat="57.3169788" lon="-2.0080010">
        <name>Main Street</name>
      </trkpt>
      <trkpt lat="57.3169826" lon="-2.0078430">
        <name>Main Street</name>
      </trkpt>
      <trkpt lat="57.3169863" lon="-2.0076850">
        <name>Main Street</name>
      </trkpt>
      <trkpt lat="57.3169901" lon="-2.0075270">
        <name>Main Street</name>
      </trkpt>
      <trkpt lat="57.3169939" lon="-2.0073690">
        <name>Main Street</name>
      </trkpt>
      <trkpt lat="57.3169977" lon="-2.0072110">
        <name>Main Street</name>
      </trkpt>
      <trkpt lat="57.3170014" lon="-2.0070530">
        <name>Main Street</name>
      </trkpt>
      <trkpt lat="57.3170052" lon="-2.0068950">
        <name>Main Street</name>
      </trkpt>
      <trkpt lat="57.3170090" lon="-2.0067370">
        <name>Main Street</name>
      </trkpt>
      <trkpt lat="57.3169460" lon="-2.0067400">
        <name>Main Street</name>
      </trkpt>
      <trkpt lat="57.3168620" lon="-2.0067760">
        <name>Main Street</name>
      </trkpt>
      <trkpt lat="57.3167780" lon="-2.0068120">
        <name>Main Street</name>
      </trkpt>
      <trkpt lat="57.3166940" lon="-2.0068480">
        <name>Main Street</name>
      </trkpt>
      <trkpt lat="57.3166100" lon="-2.0068840">
        <name>Main Street</name>
      </trkpt>
      <trkpt lat="57.3165260" lon="-2.0069200">
        <name>Main Street</name>
      </trkpt>
      <trkpt lat="57.3164570" lon="-2.0069100">
        <name>Main Street</name>
      </trkpt>
      <trkpt lat="57.3164170" lon="-2.0068720">
        <name>Main Street</name>
      </trkpt>
      <trkpt lat="57.3163960" lon="-2.0067990">
        <name>Main Street</name>
      </trkpt>
      <trkpt lat="57.3163975" lon="-2.0066450">
        <name>Main Street</name>
      </trkpt>
      <trkpt lat="57.3163990" lon="-2.0064910">
        <name>Main Street</name>
      </trkpt>
      <trkpt lat="57.3164005" lon="-2.0063945">
        <name>Main Street</name>
      </trkpt>
      <trkpt lat="57.3164020" lon="-2.0062980">
        <name>Main Street</name>
      </trkpt>
      <trkpt lat="57.3164050" lon="-2.0061380">
        <name>Main Street</name>
      </trkpt>
      <trkpt lat="57.3164073" lon="-2.0059968">
        <name>Main Street</name>
      </trkpt>
      <trkpt lat="57.3164097" lon="-2.0058557">
        <name>Main Street</name>
      </trkpt>
      <trkpt lat="57.3164120" lon="-2.0057145">
        <name>Main Street</name>
      </trkpt>
      <trkpt lat="57.3164143" lon="-2.0055733">
        <name>Main Street</name>
      </trkpt>
      <trkpt lat="57.3164167" lon="-2.0054322">
        <name>Main Street</name>
      </trkpt>
      <trkpt lat="57.3164190" lon="-2.0052910">
        <name>Main Street</name>
      </trkpt>
      <trkpt lat="57.3164250" lon="-2.0051590">
        <name>Main Street</name>
      </trkpt>
      <trkpt lat="57.3164780" lon="-2.0051585">
        <name>Main Street</name>
      </trkpt>
      <trkpt lat="57.3165310" lon="-2.0051580">
        <name>Main Street</name>
      </trkpt>
      <trkpt lat="57.3166168" lon="-2.0051658">
        <name>Main Street</name>
      </trkpt>
      <trkpt lat="57.3167027" lon="-2.0051737">
        <name>Main Street</name>
      </trkpt>
      <trkpt lat="57.3167885" lon="-2.0051815">
        <name>Main Street</name>
      </trkpt>
      <trkpt lat="57.3168743" lon="-2.0051893">
        <name>Main Street</name>
      </trkpt>
      <trkpt lat="57.3169602" lon="-2.0051972">
        <name>Main Street</name>
      </trkpt>
      <trkpt lat="57.3170460" lon="-2.0052050">
        <name>Main Street</name>
      </trkpt>
      <trkpt lat="57.3170420" lon="-2.0053710">
        <name>Main Street</name>
      </trkpt>
      <trkpt lat="57.3170385" lon="-2.0055167">
        <name>Main Street</name>
      </trkpt>
      <trkpt lat="57.3170350" lon="-2.0056625">
        <name>Main Street</name>
      </trkpt>
      <trkpt lat="57.3170315" lon="-2.0058082">
        <name>Main Street</name>
      </trkpt>
      <trkpt lat="57.3170280" lon="-2.0059540">
        <name>Main Street</name>
      </trkpt>
      <trkpt lat="57.3170245" lon="-2.0060997">
        <name>Main Street</name>
      </trkpt>
      <trkpt lat="57.3170210" lon="-2.0062455">
        <name>Main Street</name>
      </trkpt>
      <trkpt lat="57.3170175" lon="-2.0063912">
        <name>Main Street</name>
      </trkpt>
      <trkpt lat="57.3170140" lon="-2.0065370">
        <name>Main Street</name>
      </trkpt>
      <trkpt lat="57.3170115" lon="-2.0066370">
        <name>Main Street</name>
      </trkpt>
      <trkpt lat="57.3170090" lon="-2.0067370">
        <name>Main Street</name>
      </trkpt>
      <trkpt lat="57.3170058" lon="-2.0068718">
        <name>Main Street</name>
      </trkpt>
      <trkpt lat="57.3170026" lon="-2.0070066">
        <name>Main Street</name>
      </trkpt>
      <trkpt lat="57.3169994" lon="-2.0071414">
        <name>Main Street</name>
      </trkpt>
      <trkpt lat="57.3169962" lon="-2.0072762">
        <name>Main Street</name>
      </trkpt>
      <trkpt lat="57.3169930" lon="-2.0074110">
        <name>Main Street</name>
      </trkpt>
      <trkpt lat="57.3169894" lon="-2.0075606">
        <name>School Road</name>
      </trkpt>
      <trkpt lat="57.3169858" lon="-2.0077102">
        <name>School Road</name>
      </trkpt>
      <trkpt lat="57.3169822" lon="-2.0078598">
        <name>School Road</name>
      </trkpt>
      <trkpt lat="57.3169786" lon="-2.0080094">
        <name>School Road</name>
      </trkpt>
      <trkpt lat="57.3169750" lon="-2.0081590">
        <name>School Road</name>
      </trkpt>
      <trkpt lat="57.3170547" lon="-2.0081537">
        <name>School Road</name>
      </trkpt>
      <trkpt lat="57.3171343" lon="-2.0081483">
        <name>School Road</name>
      </trkpt>
      <trkpt lat="57.3172140" lon="-2.0081430">
        <name>School Road</name>
      </trkpt>
      <trkpt lat="57.3172715" lon="-2.0081390">
        <name>School Road</name>
      </trkpt>
      <trkpt lat="57.3173290" lon="-2.0081350">
        <name>School Road</name>
      </trkpt>
      <trkpt lat="57.3173343" lon="-2.0082830">
        <name>School Road</name>
      </trkpt>
      <trkpt lat="57.3173395" lon="-2.0084310">
        <name>School Road</name>
      </trkpt>
      <trkpt lat="57.3173447" lon="-2.0085790">
        <name>School Road</name>
      </trkpt>
      <trkpt lat="57.3173500" lon="-2.0087270">
        <name>School Road</name>
      </trkpt>
      <trkpt lat="57.3173575" lon="-2.0088770">
        <name>School Road</name>
      </trkpt>
      <trkpt lat="57.3173650" lon="-2.0090270">
        <name>School Road</name>
      </trkpt>
      <trkpt lat="57.3173575" lon="-2.0088770">
        <name>School Road</name>
      </trkpt>
      <trkpt lat="57.3173500" lon="-2.0087270">
        <name>School Road</name>
      </trkpt>
      <trkpt lat="57.3173447" lon="-2.0085790">
        <name>School Road</name>
      </trkpt>
      <trkpt lat="57.3173395" lon="-2.0084310">
        <name>School Road</name>
      </trkpt>
      <trkpt lat="57.3173343" lon="-2.0082830">
        <name>School Road</name>
      </trkpt>
      <trkpt lat="57.3173290" lon="-2.0081350">
        <name>School Road</name>
      </trkpt>
      <trkpt lat="57.3172715" lon="-2.0081390">
        <name>School Road</name>
      </trkpt>
      <trkpt lat="57.3172140" lon="-2.0081430">
        <name>School Road</name>
      </trkpt>
      <trkpt lat="57.3171443" lon="-2.0081477">
        <name>School Road</name>
      </trkpt>
      <trkpt lat="57.3170747" lon="-2.0081523">
        <name>School Road</name>
      </trkpt>
      <trkpt lat="57.3170050" lon="-2.0081570">
        <name>School Road</name>
      </trkpt>
      <trkpt lat="57.3169750" lon="-2.0081590">
        <name>School Road</name>
      </trkpt>
      <trkpt lat="57.3169775" lon="-2.0083090">
        <name>School Road</name>
      </trkpt>
      <trkpt lat="57.3169800" lon="-2.0084590">
        <name>School Road</name>
      </trkpt>
      <trkpt lat="57.3169825" lon="-2.0086090">
        <name>School Road</name>
      </trkpt>
      <trkpt lat="57.3169850" lon="-2.0087590">
        <name>School Road</name>
      </trkpt>
      <trkpt lat="57.3169875" lon="-2.0089090">
        <name>School Road</name>
      </trkpt>
      <trkpt lat="57.3169900" lon="-2.0090590">
        <name>School Road</name>
      </trkpt>
      <trkpt lat="57.3169935" lon="-2.0092010">
        <name>School Road</name>
      </trkpt>
      <trkpt lat="57.3169970" lon="-2.0093430">
        <name>School Road</name>
      </trkpt>
      <trkpt lat="57.3170065" lon="-2.0094905">
        <name>School Road</name>
      </trkpt>
      <trkpt lat="57.3170160" lon="-2.0096380">
        <name>School Road</name>
      </trkpt>
      <trkpt lat="57.3170323" lon="-2.0098012">
        <name>School Road</name>
      </trkpt>
      <trkpt lat="57.3170485" lon="-2.0099645">
        <name>School Road</name>
      </trkpt>
      <trkpt lat="57.3170648" lon="-2.0101278">
        <name>School Road</name>
      </trkpt>
      <trkpt lat="57.3170810" lon="-2.0102910">
        <name>School Road</name>
      </trkpt>
      <trkpt lat="57.3170983" lon="-2.0104027">
        <name>School Road</name>
      </trkpt>
      <trkpt lat="57.3171157" lon="-2.0105143">
        <name>School Road</name>
      </trkpt>
      <trkpt lat="57.3171330" lon="-2.0106260">
        <name>School Road</name>
      </trkpt>
      <trkpt lat="57.3171545" lon="-2.0107665">
        <name>School Road</name>
      </trkpt>
      <trkpt lat="57.3171760" lon="-2.0109070">
        <name>School Road</name>
      </trkpt>
      <trkpt lat="57.3171978" lon="-2.0110350">
        <name>School Crescent</name>
      </trkpt>
      <trkpt lat="57.3172195" lon="-2.0111630">
        <name>School Crescent</name>
      </trkpt>
      <trkpt lat="57.3172412" lon="-2.0112910">
        <name>School Crescent</name>
      </trkpt>
      <trkpt lat="57.3172630" lon="-2.0114190">
        <name>School Crescent</name>
      </trkpt>
      <trkpt lat="57.3172803" lon="-2.0115260">
        <name>School Crescent</name>
      </trkpt>
      <trkpt lat="57.3172977" lon="-2.0116330">
        <name>School Crescent</name>
      </trkpt>
      <trkpt lat="57.3173150" lon="-2.0117400">
        <name>School Crescent</name>
      </trkpt>
      <trkpt lat="57.3173430" lon="-2.0118890">
        <name>School Crescent</name>
      </trkpt>
      <trkpt lat="57.3173710" lon="-2.0120380">
        <name>School Crescent</name>
      </trkpt>
      <trkpt lat="57.3173990" lon="-2.0121870">
        <name>School Crescent</name>
      </trkpt>
      <trkpt lat="57.3174270" lon="-2.0123360">
        <name>School Crescent</name>
      </trkpt>
      <trkpt lat="57.3174550" lon="-2.0124850">
        <name>School Crescent</name>
      </trkpt>
      <trkpt lat="57.3174830" lon="-2.0126340">
        <name>School Crescent</name>
      </trkpt>
      <trkpt lat="57.3175110" lon="-2.0127830">
        <name>School Crescent</name>
      </trkpt>
      <trkpt lat="57.3175390" lon="-2.0129320">
        <name>School Crescent</name>
      </trkpt>
      <trkpt lat="57.3175670" lon="-2.0130810">
        <name>School Crescent</name>
      </trkpt>
      <trkpt lat="57.3175902" lon="-2.0132203">
        <name>School Crescent</name>
      </trkpt>
      <trkpt lat="57.3176133" lon="-2.0133597">
        <name>School Crescent</name>
      </trkpt>
      <trkpt lat="57.3176365" lon="-2.0134990">
        <name>School Crescent</name>
      </trkpt>
      <trkpt lat="57.3176597" lon="-2.0136383">
        <name>School Crescent</name>
      </trkpt>
      <trkpt lat="57.3176828" lon="-2.0137777">
        <name>School Crescent</name>
      </trkpt>
      <trkpt lat="57.3177060" lon="-2.0139170">
        <name>School Crescent</name>
      </trkpt>
      <trkpt lat="57.3177278" lon="-2.0140618">
        <name>School Crescent</name>
      </trkpt>
      <trkpt lat="57.3177495" lon="-2.0142065">
        <name>School Crescent</name>
      </trkpt>
      <trkpt lat="57.3177712" lon="-2.0143512">
        <name>School Crescent</name>
      </trkpt>
      <trkpt lat="57.3177930" lon="-2.0144960">
        <name>School Crescent</name>
      </trkpt>
      <trkpt lat="57.3177270" lon="-2.0145210">
        <name>School Crescent</name>
      </trkpt>
      <trkpt lat="57.3176610" lon="-2.0145460">
        <name>School Crescent</name>
      </trkpt>
      <trkpt lat="57.3175950" lon="-2.0145710">
        <name>School Crescent</name>
      </trkpt>
      <trkpt lat="57.3175590" lon="-2.0146540">
        <name>School Crescent</name>
      </trkpt>
      <trkpt lat="57.3175238" lon="-2.0147868">
        <name>School Crescent</name>
      </trkpt>
      <trkpt lat="57.3174886" lon="-2.0149196">
        <name>School Crescent</name>
      </trkpt>
      <trkpt lat="57.3174534" lon="-2.0150524">
        <name>School Crescent</name>
      </trkpt>
      <trkpt lat="57.3174182" lon="-2.0151852">
        <name>School Crescent</name>
      </trkpt>
      <trkpt lat="57.3173830" lon="-2.0153180">
        <name>School Crescent</name>
      </trkpt>
      <trkpt lat="57.3174507" lon="-2.0153257">
        <name>School Crescent</name>
      </trkpt>
      <trkpt lat="57.3175183" lon="-2.0153333">
        <name>School Crescent</name>
      </trkpt>
      <trkpt lat="57.3175860" lon="-2.0153410">
        <name>School Crescent</name>
      </trkpt>
      <trkpt lat="57.3176495" lon="-2.0153480">
        <name>School Crescent</name>
      </trkpt>
      <trkpt lat="57.3177130" lon="-2.0153550">
        <name>School Crescent</name>
      </trkpt>
      <trkpt lat="57.3177767" lon="-2.0153530">
        <name>School Crescent</name>
      </trkpt>
      <trkpt lat="57.3178403" lon="-2.0153510">
        <name>School Crescent</name>
      </trkpt>
      <trkpt lat="57.3179040" lon="-2.0153490">
        <name>School Crescent</name>
      </trkpt>
      <trkpt lat="57.3178875" lon="-2.0152035">
        <name>School Crescent</name>
      </trkpt>
      <trkpt lat="57.3178710" lon="-2.0150580">
        <name>School Crescent</name>
      </trkpt>
      <trkpt lat="57.3178515" lon="-2.0149175">
        <name>School Crescent</name>
      </trkpt>
      <trkpt lat="57.3178320" lon="-2.0147770">
        <name>School Crescent</name>
      </trkpt>
      <trkpt lat="57.3178125" lon="-2.0146365">
        <name>School Crescent</name>
      </trkpt>
      <trkpt lat="57.3177930" lon="-2.0144960">
        <name>School Crescent</name>
      </trkpt>
      <trkpt lat="57.3177712" lon="-2.0143512">
        <name>School Crescent</name>
      </trkpt>
      <trkpt lat="57.3177495" lon="-2.0142065">
        <name>School Crescent</name>
      </trkpt>
      <trkpt lat="57.3177278" lon="-2.0140618">
        <name>School Crescent</name>
      </trkpt>
      <trkpt lat="57.3177060" lon="-2.0139170">
        <name>School Crescent</name>
      </trkpt>
      <trkpt lat="57.3176828" lon="-2.0137777">
        <name>School Crescent</name>
      </trkpt>
      <trkpt lat="57.3176597" lon="-2.0136383">
        <name>School Crescent</name>
      </trkpt>
      <trkpt lat="57.3176365" lon="-2.0134990">
        <name>School Crescent</name>
      </trkpt>
      <trkpt lat="57.3176133" lon="-2.0133597">
        <name>School Crescent</name>
      </trkpt>
      <trkpt lat="57.3175902" lon="-2.0132203">
        <name>School Crescent</name>
      </trkpt>
      <trkpt lat="57.3175670" lon="-2.0130810">
        <name>School Crescent</name>
      </trkpt>
      <trkpt lat="57.3175390" lon="-2.0129320">
        <name>School Crescent</name>
      </trkpt>
      <trkpt lat="57.3175110" lon="-2.0127830">
        <name>School Crescent</name>
      </trkpt>
      <trkpt lat="57.3174830" lon="-2.0126340">
        <name>School Crescent</name>
      </trkpt>
      <trkpt lat="57.3174550" lon="-2.0124850">
        <name>School Crescent</name>
      </trkpt>
      <trkpt lat="57.3174270" lon="-2.0123360">
        <name>School Crescent</name>
      </trkpt>
      <trkpt lat="57.3173990" lon="-2.0121870">
        <name>School Crescent</name>
      </trkpt>
      <trkpt lat="57.3173710" lon="-2.0120380">
        <name>School Crescent</name>
      </trkpt>
      <trkpt lat="57.3173430" lon="-2.0118890">
        <name>School Crescent</name>
      </trkpt>
      <trkpt lat="57.3173150" lon="-2.0117400">
        <name>School Crescent</name>
      </trkpt>
      <trkpt lat="57.3172977" lon="-2.0116330">
        <name>School Crescent</name>
      </trkpt>
      <trkpt lat="57.3172803" lon="-2.0115260">
        <name>School Crescent</name>
      </trkpt>
      <trkpt lat="57.3172630" lon="-2.0114190">
        <name>School Crescent</name>
      </trkpt>
      <trkpt lat="57.3172412" lon="-2.0112910">
        <name>School Crescent</name>
      </trkpt>
      <trkpt lat="57.3172195" lon="-2.0111630">
        <name>School Crescent</name>
      </trkpt>
      <trkpt lat="57.3171978" lon="-2.0110350">
        <name>School Crescent</name>
      </trkpt>
      <trkpt lat="57.3171760" lon="-2.0109070">
        <name>School Crescent</name>
      </trkpt>
      <trkpt lat="57.3171545" lon="-2.0107665">
        <name>School Crescent</name>
      </trkpt>
      <trkpt lat="57.3171330" lon="-2.0106260">
        <name>School Crescent</name>
      </trkpt>
      <trkpt lat="57.3171157" lon="-2.0105143">
        <name>School Crescent</name>
      </trkpt>
      <trkpt lat="57.3170983" lon="-2.0104027">
        <name>School Crescent</name>
      </trkpt>
      <trkpt lat="57.3170810" lon="-2.0102910">
        <name>School Crescent</name>
      </trkpt>
      <trkpt lat="57.3170648" lon="-2.0101278">
        <name>School Crescent</name>
      </trkpt>
      <trkpt lat="57.3170485" lon="-2.0099645">
        <name>School Crescent</name>
      </trkpt>
      <trkpt lat="57.3170323" lon="-2.0098012">
        <name>School Crescent</name>
      </trkpt>
      <trkpt lat="57.3170160" lon="-2.0096380">
        <name>School Crescent</name>
      </trkpt>
      <trkpt lat="57.3170065" lon="-2.0094905">
        <name>School Crescent</name>
      </trkpt>
      <trkpt lat="57.3169970" lon="-2.0093430">
        <name>School Crescent</name>
      </trkpt>
      <trkpt lat="57.3169935" lon="-2.0092010">
        <name>School Crescent</name>
      </trkpt>
      <trkpt lat="57.3169900" lon="-2.0090590">
        <name>School Crescent</name>
      </trkpt>
      <trkpt lat="57.3169120" lon="-2.0090625">
        <name>School Crescent</name>
      </trkpt>
      <trkpt lat="57.3168340" lon="-2.0090660">
        <name>School Crescent</name>
      </trkpt>
      <trkpt lat="57.3167733" lon="-2.0091150">
        <name>School Crescent</name>
      </trkpt>
      <trkpt lat="57.3167127" lon="-2.0091640">
        <name>School Crescent</name>
      </trkpt>
      <trkpt lat="57.3166520" lon="-2.0092130">
        <name>School Crescent</name>
      </trkpt>
      <trkpt lat="57.3165957" lon="-2.0092580">
        <name>School Crescent</name>
      </trkpt>
      <trkpt lat="57.3165393" lon="-2.0093030">
        <name>School Crescent</name>
      </trkpt>
      <trkpt lat="57.3164830" lon="-2.0093480">
        <name>School Crescent</name>
      </trkpt>
      <trkpt lat="57.3164260" lon="-2.0093790">
        <name>School Crescent</name>
      </trkpt>
      <trkpt lat="57.3163650" lon="-2.0093690">
        <name>School Crescent</name>
      </trkpt>
      <trkpt lat="57.3163280" lon="-2.0093490">
        <name>School Crescent</name>
      </trkpt>
      <trkpt lat="57.3162600" lon="-2.0093122">
        <name>School Road</name>
      </trkpt>
      <trkpt lat="57.3161920" lon="-2.0092755">
        <name>School Road</name>
      </trkpt>
      <trkpt lat="57.3161240" lon="-2.0092388">
        <name>School Road</name>
      </trkpt>
      <trkpt lat="57.3160560" lon="-2.0092020">
        <name>School Road</name>
      </trkpt>
      <trkpt lat="57.3159960" lon="-2.0091667">
        <name>School Road</name>
      </trkpt>
      <trkpt lat="57.3159360" lon="-2.0091313">
        <name>School Road</name>
      </trkpt>
      <trkpt lat="57.3158760" lon="-2.0090960">
        <name>School Road</name>
      </trkpt>
      <trkpt lat="57.3158207" lon="-2.0090397">
        <name>School Road</name>
      </trkpt>
      <trkpt lat="57.3157653" lon="-2.0089833">
        <name>School Road</name>
      </trkpt>
      <trkpt lat="57.3157100" lon="-2.0089270">
        <name>School Road</name>
      </trkpt>
      <trkpt lat="57.3156655" lon="-2.0090485">
        <name>Airyhill View</name>
      </trkpt>
      <trkpt lat="57.3156210" lon="-2.0091700">
        <name>Airyhill View</name>
      </trkpt>
      <trkpt lat="57.3156050" lon="-2.0092480">
        <name>Airyhill View</name>
      </trkpt>
      <trkpt lat="57.3156015" lon="-2.0094065">
        <name>Airyhill View</name>
      </trkpt>
      <trkpt lat="57.3155980" lon="-2.0095650">
        <name>Airyhill View</name>
      </trkpt>
      <trkpt lat="57.3156473" lon="-2.0096520">
        <name>Airyhill View</name>
      </trkpt>
      <trkpt lat="57.3156967" lon="-2.0097390">
        <name>Airyhill View</name>
      </trkpt>
      <trkpt lat="57.3157460" lon="-2.0098260">
        <name>Airyhill View</name>
      </trkpt>
      <trkpt lat="57.3157750" lon="-2.0098950">
        <name>Airyhill View</name>
      </trkpt>
      <trkpt lat="57.3157860" lon="-2.0099900">
        <name>Airyhill View</name>
      </trkpt>
      <trkpt lat="57.3157750" lon="-2.0100840">
        <name>Airyhill View</name>
      </trkpt>
      <trkpt lat="57.3157440" lon="-2.0101510">
        <name>Airyhill View</name>
      </trkpt>
      <trkpt lat="57.3157010" lon="-2.0101810">
        <name>Airyhill View</name>
      </trkpt>
      <trkpt lat="57.3156470" lon="-2.0101520">
        <name>Airyhill View</name>
      </trkpt>
      <trkpt lat="57.3156140" lon="-2.0100830">
        <name>Airyhill View</name>
      </trkpt>
      <trkpt lat="57.3155950" lon="-2.0099910">
        <name>Airyhill View</name>
      </trkpt>
      <trkpt lat="57.3155960" lon="-2.0098490">
        <name>Airyhill View</name>
      </trkpt>
      <trkpt lat="57.3155970" lon="-2.0097070">
        <name>Airyhill View</name>
      </trkpt>
      <trkpt lat="57.3155980" lon="-2.0095650">
        <name>Airyhill View</name>
      </trkpt>
      <trkpt lat="57.3156015" lon="-2.0094065">
        <name>Airyhill View</name>
      </trkpt>
      <trkpt lat="57.3156050" lon="-2.0092480">
        <name>Airyhill View</name>
      </trkpt>
      <trkpt lat="57.3156210" lon="-2.0091700">
        <name>Airyhill View</name>
      </trkpt>
      <trkpt lat="57.3156655" lon="-2.0090485">
        <name>Airyhill View</name>
      </trkpt>
      <trkpt lat="57.3157100" lon="-2.0089270">
        <name>Airyhill View</name>
      </trkpt>
      <trkpt lat="57.3157653" lon="-2.0089833">
        <name>Airyhill View</name>
      </trkpt>
      <trkpt lat="57.3158207" lon="-2.0090397">
        <name>Airyhill View</name>
      </trkpt>
      <trkpt lat="57.3158760" lon="-2.0090960">
        <name>Airyhill View</name>
      </trkpt>
      <trkpt lat="57.3159490" lon="-2.0091390">
        <name>Airyhill View</name>
      </trkpt>
      <trkpt lat="57.3160220" lon="-2.0091820">
        <name>Airyhill View</name>
      </trkpt>
      <trkpt lat="57.3160560" lon="-2.0092020">
        <name>Airyhill View</name>
      </trkpt>
      <trkpt lat="57.3160763" lon="-2.0090462">
        <name>Airyhill View</name>
      </trkpt>
      <trkpt lat="57.3160965" lon="-2.0088905">
        <name>Airyhill View</name>
      </trkpt>
      <trkpt lat="57.3161167" lon="-2.0087348">
        <name>Airyhill View</name>
      </trkpt>
      <trkpt lat="57.3161370" lon="-2.0085790">
        <name>Airyhill View</name>
      </trkpt>
      <trkpt lat="57.3161500" lon="-2.0084805">
        <name>Airyhill View</name>
      </trkpt>
      <trkpt lat="57.3161630" lon="-2.0083820">
        <name>Airyhill View</name>
      </trkpt>
      <trkpt lat="57.3161660" lon="-2.0083030">
        <name>Airyhill View</name>
      </trkpt>
      <trkpt lat="57.3161630" lon="-2.0082110">
        <name>Airyhill View</name>
      </trkpt>
      <trkpt lat="57.3161830" lon="-2.0082000">
        <name>School Road</name>
      </trkpt>
      <trkpt lat="57.3162547" lon="-2.0081592">
        <name>School Road</name>
      </trkpt>
      <trkpt lat="57.3163265" lon="-2.0081185">
        <name>School Road</name>
      </trkpt>
      <trkpt lat="57.3163983" lon="-2.0080777">
        <name>School Road</name>
      </trkpt>
      <trkpt lat="57.3164700" lon="-2.0080370">
        <name>School Road</name>
      </trkpt>
      <trkpt lat="57.3165530" lon="-2.0079905">
        <name>School Road</name>
      </trkpt>
      <trkpt lat="57.3166360" lon="-2.0079440">
        <name>School Road</name>
      </trkpt>
      <trkpt lat="57.3166180" lon="-2.0078170">
        <name>School Road</name>
      </trkpt>
      <trkpt lat="57.3166360" lon="-2.0079440">
        <name>School Road</name>
      </trkpt>
      <trkpt lat="57.3166110" lon="-2.0079580">
        <name>School Crescent</name>
      </trkpt>
      <trkpt lat="57.3165430" lon="-2.0079965">
        <name>School Crescent</name>
      </trkpt>
      <trkpt lat="57.3164750" lon="-2.0080350">
        <name>School Crescent</name>
      </trkpt>
      <trkpt lat="57.3164070" lon="-2.0080735">
        <name>School Crescent</name>
      </trkpt>
      <trkpt lat="57.3163390" lon="-2.0081120">
        <name>School Crescent</name>
      </trkpt>
      <trkpt lat="57.3162803" lon="-2.0081450">
        <name>School Crescent</name>
      </trkpt>
      <trkpt lat="57.3162217" lon="-2.0081780">
        <name>School Crescent</name>
      </trkpt>
      <trkpt lat="57.3161630" lon="-2.0082110">
        <name>School Crescent</name>
      </trkpt>
      <trkpt lat="57.3161280" lon="-2.0080640">
        <name>School Crescent</name>
      </trkpt>
      <trkpt lat="57.3161190" lon="-2.0080430">
        <name>School Crescent</name>
      </trkpt>
      <trkpt lat="57.3160715" lon="-2.0079275">
        <name>School Crescent</name>
      </trkpt>
      <trkpt lat="57.3160240" lon="-2.0078120">
        <name>School Crescent</name>
      </trkpt>
      <trkpt lat="57.3159755" lon="-2.0076950">
        <name>School Crescent</name>
      </trkpt>
      <trkpt lat="57.3159270" lon="-2.0075780">
        <name>School Crescent</name>
      </trkpt>
      <trkpt lat="57.3158823" lon="-2.0074703">
        <name>School Crescent</name>
      </trkpt>
      <trkpt lat="57.3158377" lon="-2.0073627">
        <name>School Crescent</name>
      </trkpt>
      <trkpt lat="57.3157930" lon="-2.0072550">
        <name>School Crescent</name>
      </trkpt>
      <trkpt lat="57.3157550" lon="-2.0071625">
        <name>School Crescent</name>
      </trkpt>
      <trkpt lat="57.3157170" lon="-2.0070700">
        <name>School Crescent</name>
      </trkpt>
      <trkpt lat="57.3156730" lon="-2.0070120">
        <name>School Crescent</name>
      </trkpt>
      <trkpt lat="57.3156500" lon="-2.0069820">
        <name>School Crescent</name>
      </trkpt>
      <trkpt lat="57.3156140" lon="-2.0069520">
        <name>School Crescent</name>
      </trkpt>
      <trkpt lat="57.3155680" lon="-2.0069350">
        <name>School Crescent</name>
      </trkpt>
      <trkpt lat="57.3155730" lon="-2.0068340">
        <name>School Crescent</name>
      </trkpt>
      <trkpt lat="57.3155795" lon="-2.0067075">
        <name>School Road</name>
      </trkpt>
      <trkpt lat="57.3155860" lon="-2.0065810">
        <name>School Road</name>
      </trkpt>
      <trkpt lat="57.3155925" lon="-2.0064545">
        <name>School Road</name>
      </trkpt>
      <trkpt lat="57.3155990" lon="-2.0063280">
        <name>School Road</name>
      </trkpt>
      <trkpt lat="57.3156030" lon="-2.0062420">
        <name>School Road</name>
      </trkpt>
      <trkpt lat="57.3156000" lon="-2.0061820">
        <name>School Road</name>
      </trkpt>
      <trkpt lat="57.3155930" lon="-2.0061200">
        <name>School Road</name>
      </trkpt>
      <trkpt lat="57.3155720" lon="-2.0060580">
        <name>School Road</name>
      </trkpt>
      <trkpt lat="57.3155460" lon="-2.0060020">
        <name>School Road</name>
      </trkpt>
      <trkpt lat="57.3155050" lon="-2.0059600">
        <name>School Road</name>
      </trkpt>
      <trkpt lat="57.3154580" lon="-2.0059370">
        <name>School Road</name>
      </trkpt>
      <trkpt lat="57.3153877" lon="-2.0059273">
        <name>School Road</name>
      </trkpt>
      <trkpt lat="57.3153173" lon="-2.0059177">
        <name>School Road</name>
      </trkpt>
      <trkpt lat="57.3152470" lon="-2.0059080">
        <name>School Road</name>
      </trkpt>
      <trkpt lat="57.3151610" lon="-2.0058960">
        <name>School Road</name>
      </trkpt>
      <trkpt lat="57.3151620" lon="-2.0058730">
        <name>School Road</name>
      </trkpt>
      <trkpt lat="57.3151650" lon="-2.0057620">
        <name>School Road</name>
      </trkpt>
      <trkpt lat="57.3151610" lon="-2.0058960">
        <name>School Road</name>
      </trkpt>
      <trkpt lat="57.3152353" lon="-2.0059062">
        <name>School Road</name>
      </trkpt>
      <trkpt lat="57.3153095" lon="-2.0059165">
        <name>School Road</name>
      </trkpt>
      <trkpt lat="57.3153838" lon="-2.0059267">
        <name>School Road</name>
      </trkpt>
      <trkpt lat="57.3154580" lon="-2.0059370">
        <name>School Road</name>
      </trkpt>
      <trkpt lat="57.3155050" lon="-2.0059600">
        <name>School Road</name>
      </trkpt>
      <trkpt lat="57.3155460" lon="-2.0060020">
        <name>St Clair Way</name>
      </trkpt>
      <trkpt lat="57.3155720" lon="-2.0060580">
        <name>St Clair Way</name>
      </trkpt>
      <trkpt lat="57.3155930" lon="-2.0061200">
        <name>St Clair Way</name>
      </trkpt>
      <trkpt lat="57.3155970" lon="-2.0061580">
        <name>St Clair Gardens</name>
      </trkpt>
      <trkpt lat="57.3156000" lon="-2.0061820">
        <name>St Clair Gardens</name>
      </trkpt>
      <trkpt lat="57.3156030" lon="-2.0062420">
        <name>St Clair Gardens</name>
      </trkpt>
      <trkpt lat="57.3155967" lon="-2.0063683">
        <name>St Clair Gardens</name>
      </trkpt>
      <trkpt lat="57.3155903" lon="-2.0064947">
        <name>St Clair Gardens</name>
      </trkpt>
      <trkpt lat="57.3155840" lon="-2.0066210">
        <name>St Clair Gardens</name>
      </trkpt>
      <trkpt lat="57.3155760" lon="-2.0067780">
        <name>St Clair Gardens</name>
      </trkpt>
      <trkpt lat="57.3155680" lon="-2.0069350">
        <name>St Clair Gardens</name>
      </trkpt>
      <trkpt lat="57.3155170" lon="-2.0069410">
        <name>St Clair Gardens</name>
      </trkpt>
      <trkpt lat="57.3154730" lon="-2.0069610">
        <name>St Clair Way</name>
      </trkpt>
      <trkpt lat="57.3154167" lon="-2.0070380">
        <name>St Clair Way</name>
      </trkpt>
      <trkpt lat="57.3153603" lon="-2.0071150">
        <name>St Clair Way</name>
      </trkpt>
      <trkpt lat="57.3153040" lon="-2.0071920">
        <name>St Clair Way</name>
      </trkpt>
      <trkpt lat="57.3152405" lon="-2.0072785">
        <name>St Clair Way</name>
      </trkpt>
      <trkpt lat="57.3151770" lon="-2.0073650">
        <name>St Clair Way</name>
      </trkpt>
      <trkpt lat="57.3151520" lon="-2.0074350">
        <name>St Clair Way</name>
      </trkpt>
      <trkpt lat="57.3151390" lon="-2.0075280">
        <name>St Clair Way</name>
      </trkpt>
      <trkpt lat="57.3151390" lon="-2.0076110">
        <name>St Clair Way</name>
      </trkpt>
      <trkpt lat="57.3151530" lon="-2.0077210">
        <name>St Clair Way</name>
      </trkpt>
      <trkpt lat="57.3151730" lon="-2.0078310">
        <name>School Road</name>
      </trkpt>
      <trkpt lat="57.3152003" lon="-2.0079830">
        <name>School Road</name>
      </trkpt>
      <trkpt lat="57.3152277" lon="-2.0081350">
        <name>School Road</name>
      </trkpt>
      <trkpt lat="57.3152550" lon="-2.0082870">
        <name>School Road</name>
      </trkpt>
      <trkpt lat="57.3152820" lon="-2.0083700">
        <name>School Road</name>
      </trkpt>
      <trkpt lat="57.3153180" lon="-2.0084370">
        <name>School Road</name>
      </trkpt>
      <trkpt lat="57.3153840" lon="-2.0085195">
        <name>School Road</name>
      </trkpt>
      <trkpt lat="57.3154500" lon="-2.0086020">
        <name>School Road</name>
      </trkpt>
      <trkpt lat="57.3155160" lon="-2.0086845">
        <name>School Road</name>
      </trkpt>
      <trkpt lat="57.3155820" lon="-2.0087670">
        <name>School Road</name>
      </trkpt>
      <trkpt lat="57.3156460" lon="-2.0088470">
        <name>School Road</name>
      </trkpt>
      <trkpt lat="57.3157100" lon="-2.0089270">
        <name>School Road</name>
      </trkpt>
      <trkpt lat="57.3156830" lon="-2.0090000">
        <name>School Road</name>
      </trkpt>
      <trkpt lat="57.3156520" lon="-2.0090850">
        <name>School Road</name>
      </trkpt>
      <trkpt lat="57.3156210" lon="-2.0091700">
        <name>School Road</name>
      </trkpt>
      <trkpt lat="57.3156050" lon="-2.0092480">
        <name>School Road</name>
      </trkpt>
      <trkpt lat="57.3156015" lon="-2.0094065">
        <name>School Road</name>
      </trkpt>
      <trkpt lat="57.3155980" lon="-2.0095650">
        <name>School Road</name>
      </trkpt>
      <trkpt lat="57.3155970" lon="-2.0096610">
        <name>School Road</name>
      </trkpt>
      <trkpt lat="57.3155960" lon="-2.0098260">
        <name>School Road</name>
      </trkpt>
      <trkpt lat="57.3155950" lon="-2.0099910">
        <name>School Road</name>
      </trkpt>
      <trkpt lat="57.3156140" lon="-2.0100830">
        <name>School Road</name>
      </trkpt>
      <trkpt lat="57.3156470" lon="-2.0101520">
      </trkpt>
      <trkpt lat="57.3156680" lon="-2.0101630">
      </trkpt>
      <trkpt lat="57.3157010" lon="-2.0101810">
      </trkpt>
      <trkpt lat="57.3157440" lon="-2.0101510">
      </trkpt>
      <trkpt lat="57.3157750" lon="-2.0100840">
      </trkpt>
      <trkpt lat="57.3157860" lon="-2.0099900">
      </trkpt>
      <trkpt lat="57.3157820" lon="-2.0099510">
      </trkpt>
      <trkpt lat="57.3157750" lon="-2.0098950">
      </trkpt>
      <trkpt lat="57.3157460" lon="-2.0098260">
        <name>School Road</name>
      </trkpt>
      <trkpt lat="57.3156955" lon="-2.0097370">
        <name>School Road</name>
      </trkpt>
      <trkpt lat="57.3156450" lon="-2.0096480">
        <name>School Road</name>
      </trkpt>
      <trkpt lat="57.3155980" lon="-2.0095650">
        <name>School Road</name>
      </trkpt>
      <trkpt lat="57.3156015" lon="-2.0094065">
        <name>School Road</name>
      </trkpt>
      <trkpt lat="57.3156050" lon="-2.0092480">
        <name>School Road</name>
      </trkpt>
      <trkpt lat="57.3156170" lon="-2.0091880">
        <name>School Road</name>
      </trkpt>
      <trkpt lat="57.3156210" lon="-2.0091700">
        <name>School Road</name>
      </trkpt>
      <trkpt lat="57.3156655" lon="-2.0090485">
        <name>School Road</name>
      </trkpt>
      <trkpt lat="57.3157100" lon="-2.0089270">
        <name>School Road</name>
      </trkpt>
      <trkpt lat="57.3157565" lon="-2.0089740">
        <name>School Road</name>
      </trkpt>
      <trkpt lat="57.3158030" lon="-2.0090210">
        <name>School Road</name>
      </trkpt>
      <trkpt lat="57.3158760" lon="-2.0090960">
        <name>School Road</name>
      </trkpt>
      <trkpt lat="57.3159360" lon="-2.0091313">
        <name>School Road</name>
      </trkpt>
      <trkpt lat="57.3159960" lon="-2.0091667">
        <name>School Road</name>
      </trkpt>
      <trkpt lat="57.3160560" lon="-2.0092020">
        <name>School Road</name>
      </trkpt>
      <trkpt lat="57.3161140" lon="-2.0092330">
        <name>School Road</name>
      </trkpt>
      <trkpt lat="57.3161977" lon="-2.0092783">
        <name>School Road</name>
      </trkpt>
      <trkpt lat="57.3162813" lon="-2.0093237">
        <name>School Road</name>
      </trkpt>
      <trkpt lat="57.3163650" lon="-2.0093690">
        <name>School Road</name>
      </trkpt>
      <trkpt lat="57.3164260" lon="-2.0093790">
        <name>School Road</name>
      </trkpt>
      <trkpt lat="57.3164450" lon="-2.0094730">
        <name>School Road</name>
      </trkpt>
      <trkpt lat="57.3164730" lon="-2.0096100">
        <name>School Road</name>
      </trkpt>
      <trkpt lat="57.3164703" lon="-2.0097230">
        <name>Airyhill View</name>
      </trkpt>
      <trkpt lat="57.3164677" lon="-2.0098360">
        <name>Airyhill View</name>
      </trkpt>
      <trkpt lat="57.3164650" lon="-2.0099490">
        <name>Airyhill View</name>
      </trkpt>
      <trkpt lat="57.3164630" lon="-2.0100160">
        <name>Airyhill View</name>
      </trkpt>
      <trkpt lat="57.3164700" lon="-2.0101220">
        <name>Airyhill View</name>
      </trkpt>
      <trkpt lat="57.3164980" lon="-2.0102000">
        <name>Airyhill View</name>
      </trkpt>
      <trkpt lat="57.3165400" lon="-2.0102350">
        <name>Airyhill View</name>
      </trkpt>
      <trkpt lat="57.3165630" lon="-2.0102340">
        <name>Airyhill View</name>
      </trkpt>
      <trkpt lat="57.3165810" lon="-2.0102340">
        <name>Airyhill View</name>
      </trkpt>
      <trkpt lat="57.3166160" lon="-2.0101930">
        <name>Airyhill View</name>
      </trkpt>
      <trkpt lat="57.3166450" lon="-2.0101450">
        <name>Airyhill View</name>
      </trkpt>
      <trkpt lat="57.3166520" lon="-2.0100490">
        <name>Airyhill View</name>
      </trkpt>
      <trkpt lat="57.3166380" lon="-2.0099640">
        <name>Airyhill View</name>
      </trkpt>
      <trkpt lat="57.3166110" lon="-2.0098820">
        <name>Airyhill View</name>
      </trkpt>
      <trkpt lat="57.3165610" lon="-2.0097830">
        <name>Airyhill View</name>
      </trkpt>
      <trkpt lat="57.3165170" lon="-2.0096965">
        <name>Airyhill View</name>
      </trkpt>
      <trkpt lat="57.3164730" lon="-2.0096100">
        <name>Airyhill View</name>
      </trkpt>
      <trkpt lat="57.3164495" lon="-2.0094945">
        <name>Airyhill View</name>
      </trkpt>
      <trkpt lat="57.3164260" lon="-2.0093790">
        <name>Airyhill View</name>
      </trkpt>
      <trkpt lat="57.3164840" lon="-2.0093480">
        <name>Airyhill View</name>
      </trkpt>
      <trkpt lat="57.3165305" lon="-2.0093105">
        <name>Airyhill View</name>
      </trkpt>
      <trkpt lat="57.3165770" lon="-2.0092730">
        <name>Airyhill View</name>
      </trkpt>
      <trkpt lat="57.3166413" lon="-2.0092212">
        <name>Airyhill View</name>
      </trkpt>
      <trkpt lat="57.3167055" lon="-2.0091695">
        <name>Airyhill View</name>
      </trkpt>
      <trkpt lat="57.3167697" lon="-2.0091177">
        <name>Airyhill View</name>
      </trkpt>
      <trkpt lat="57.3168340" lon="-2.0090660">
        <name>Airyhill View</name>
      </trkpt>
      <trkpt lat="57.3168700" lon="-2.0090640">
        <name>Airyhill View</name>
      </trkpt>
      <trkpt lat="57.3169300" lon="-2.0090615">
        <name>Haddo Crescent</name>
      </trkpt>
      <trkpt lat="57.3169900" lon="-2.0090590">
        <name>Haddo Crescent</name>
      </trkpt>
      <trkpt lat="57.3169940" lon="-2.0092080">
        <name>Haddo Crescent</name>
      </trkpt>
      <trkpt lat="57.3169980" lon="-2.0093570">
        <name>Haddo Crescent</name>
      </trkpt>
      <trkpt lat="57.3170070" lon="-2.0094975">
        <name>Haddo Crescent</name>
      </trkpt>
      <trkpt lat="57.3170160" lon="-2.0096380">
        <name>Haddo Crescent</name>
      </trkpt>
      <trkpt lat="57.3170323" lon="-2.0098012">
        <name>Haddo Crescent</name>
      </trkpt>
      <trkpt lat="57.3170485" lon="-2.0099645">
        <name>Haddo Crescent</name>
      </trkpt>
      <trkpt lat="57.3170648" lon="-2.0101278">
        <name>Haddo Crescent</name>
      </trkpt>
      <trkpt lat="57.3170810" lon="-2.0102910">
        <name>Haddo Crescent</name>
      </trkpt>
      <trkpt lat="57.3170900" lon="-2.0103500">
        <name>Haddo Crescent</name>
      </trkpt>
      <trkpt lat="57.3171115" lon="-2.0104880">
        <name>Haddo Crescent</name>
      </trkpt>
      <trkpt lat="57.3171330" lon="-2.0106260">
        <name>Haddo Crescent</name>
      </trkpt>
      <trkpt lat="57.3171545" lon="-2.0107665">
        <name>Haddo Crescent</name>
      </trkpt>
      <trkpt lat="57.3171760" lon="-2.0109070">
        <name>Haddo Crescent</name>
      </trkpt>
      <trkpt lat="57.3172000" lon="-2.0110483">
        <name>Haddo Crescent</name>
      </trkpt>
      <trkpt lat="57.3172240" lon="-2.0111897">
        <name>Haddo Crescent</name>
      </trkpt>
      <trkpt lat="57.3172480" lon="-2.0113310">
        <name>Haddo Crescent</name>
      </trkpt>
      <trkpt lat="57.3172630" lon="-2.0114190">
        <name>Haddo Crescent</name>
      </trkpt>
      <trkpt lat="57.3172045" lon="-2.0114550">
        <name>Haddo Crescent</name>
      </trkpt>
      <trkpt lat="57.3171460" lon="-2.0114910">
        <name>Haddo Crescent</name>
      </trkpt>
      <trkpt lat="57.3170990" lon="-2.0115115">
        <name>Haddo Crescent</name>
      </trkpt>
      <trkpt lat="57.3170520" lon="-2.0115320">
        <name>Haddo Crescent</name>
      </trkpt>
      <trkpt lat="57.3169985" lon="-2.0115430">
        <name>Haddo Crescent</name>
      </trkpt>
      <trkpt lat="57.3169450" lon="-2.0115540">
        <name>Haddo Crescent</name>
      </trkpt>
      <trkpt lat="57.3169240" lon="-2.0115550">
        <name>Haddo Crescent</name>
      </trkpt>
      <trkpt lat="57.3168470" lon="-2.0115585">
        <name>Haddo Crescent</name>
      </trkpt>
      <trkpt lat="57.3167700" lon="-2.0115620">
        <name>Haddo Crescent</name>
      </trkpt>
      <trkpt lat="57.3167700" lon="-2.0116290">
        <name>Haddo Crescent</name>
      </trkpt>
      <trkpt lat="57.3167710" lon="-2.0117567">
        <name>Haddo Crescent</name>
      </trkpt>
      <trkpt lat="57.3167720" lon="-2.0118843">
        <name>Haddo Crescent</name>
      </trkpt>
      <trkpt lat="57.3167730" lon="-2.0120120">
        <name>Haddo Crescent</name>
      </trkpt>
      <trkpt lat="57.3167840" lon="-2.0121400">
        <name>Haddo Crescent</name>
      </trkpt>
      <trkpt lat="57.3168113" lon="-2.0122547">
        <name>Haddo Crescent</name>
      </trkpt>
      <trkpt lat="57.3168387" lon="-2.0123693">
        <name>Haddo Crescent</name>
      </trkpt>
      <trkpt lat="57.3168660" lon="-2.0124840">
        <name>Haddo Crescent</name>
      </trkpt>
      <trkpt lat="57.3168710" lon="-2.0125080">
        <name>Red Inch Circle</name>
      </trkpt>
      <trkpt lat="57.3169020" lon="-2.0125310">
        <name>Red Inch Circle</name>
      </trkpt>
      <trkpt lat="57.3169170" lon="-2.0125420">
        <name>Red Inch Circle</name>
      </trkpt>
      <trkpt lat="57.3169890" lon="-2.0124670">
        <name>Red Inch Circle</name>
      </trkpt>
      <trkpt lat="57.3169170" lon="-2.0125420">
        <name>Red Inch Circle</name>
      </trkpt>
      <trkpt lat="57.3168710" lon="-2.0125080">
        <name>Red Inch Circle</name>
      </trkpt>
      <trkpt lat="57.3168660" lon="-2.0124840">
        <name>Red Inch Circle</name>
      </trkpt>
      <trkpt lat="57.3168387" lon="-2.0123693">
        <name>Red Inch Circle</name>
      </trkpt>
      <trkpt lat="57.3168113" lon="-2.0122547">
        <name>Red Inch Circle</name>
      </trkpt>
      <trkpt lat="57.3167840" lon="-2.0121400">
        <name>Red Inch Circle</name>
      </trkpt>
      <trkpt lat="57.3167730" lon="-2.0120120">
        <name>Red Inch Circle</name>
      </trkpt>
      <trkpt lat="57.3167720" lon="-2.0118843">
        <name>Red Inch Circle</name>
      </trkpt>
      <trkpt lat="57.3167710" lon="-2.0117567">
        <name>Red Inch Circle</name>
      </trkpt>
      <trkpt lat="57.3167700" lon="-2.0116290">
        <name>Red Inch Circle</name>
      </trkpt>
      <trkpt lat="57.3167700" lon="-2.0115620">
        <name>Red Inch Circle</name>
      </trkpt>
      <trkpt lat="57.3167210" lon="-2.0115580">
        <name>Red Inch Circle</name>
      </trkpt>
      <trkpt lat="57.3166530" lon="-2.0115465">
        <name>Red Inch Circle</name>
      </trkpt>
      <trkpt lat="57.3165850" lon="-2.0115350">
        <name>Red Inch Circle</name>
      </trkpt>
      <trkpt lat="57.3165365" lon="-2.0115270">
        <name>Red Inch Circle</name>
      </trkpt>
      <trkpt lat="57.3164880" lon="-2.0115190">
        <name>Red Inch Circle</name>
      </trkpt>
      <trkpt lat="57.3164130" lon="-2.0114960">
        <name>Red Inch Circle</name>
      </trkpt>
      <trkpt lat="57.3163380" lon="-2.0114730">
        <name>Red Inch Circle</name>
      </trkpt>
      <trkpt lat="57.3162630" lon="-2.0114500">
        <name>Red Inch Circle</name>
      </trkpt>
      <trkpt lat="57.3162270" lon="-2.0114400">
        <name>Mathers Place</name>
      </trkpt>
      <trkpt lat="57.3161522" lon="-2.0114184">
        <name>Mathers Place</name>
      </trkpt>
      <trkpt lat="57.3160774" lon="-2.0113968">
        <name>Mathers Place</name>
      </trkpt>
      <trkpt lat="57.3160026" lon="-2.0113752">
        <name>Mathers Place</name>
      </trkpt>
      <trkpt lat="57.3159278" lon="-2.0113536">
        <name>Mathers Place</name>
      </trkpt>
      <trkpt lat="57.3158530" lon="-2.0113320">
        <name>Mathers Place</name>
      </trkpt>
      <trkpt lat="57.3158310" lon="-2.0113260">
        <name>Mathers Place</name>
      </trkpt>
      <trkpt lat="57.3158240" lon="-2.0113960">
        <name>Mathers Place</name>
      </trkpt>
      <trkpt lat="57.3158113" lon="-2.0115403">
        <name>Mathers Place</name>
      </trkpt>
      <trkpt lat="57.3157987" lon="-2.0116847">
        <name>Mathers Place</name>
      </trkpt>
      <trkpt lat="57.3157860" lon="-2.0118290">
        <name>Mathers Place</name>
      </trkpt>
      <trkpt lat="57.3157860" lon="-2.0119733">
        <name>Mathers Place</name>
      </trkpt>
      <trkpt lat="57.3157860" lon="-2.0121175">
        <name>Mathers Place</name>
      </trkpt>
      <trkpt lat="57.3157860" lon="-2.0122617">
        <name>Mathers Place</name>
      </trkpt>
      <trkpt lat="57.3157860" lon="-2.0124060">
        <name>Mathers Place</name>
      </trkpt>
      <trkpt lat="57.3158730" lon="-2.0124035">
        <name>Mathers Place</name>
      </trkpt>
      <trkpt lat="57.3159600" lon="-2.0124010">
        <name>Mathers Place</name>
      </trkpt>
      <trkpt lat="57.3158730" lon="-2.0124035">
        <name>Mathers Place</name>
      </trkpt>
      <trkpt lat="57.3157860" lon="-2.0124060">
        <name>Mathers Place</name>
      </trkpt>
      <trkpt lat="57.3157860" lon="-2.0123430">
        <name>Mathers Place</name>
      </trkpt>
      <trkpt lat="57.3157860" lon="-2.0122145">
        <name>Mathers Place</name>
      </trkpt>
      <trkpt lat="57.3157860" lon="-2.0120860">
        <name>Mathers Place</name>
      </trkpt>
      <trkpt lat="57.3157860" lon="-2.0119575">
        <name>Mathers Place</name>
      </trkpt>
      <trkpt lat="57.3157860" lon="-2.0118290">
        <name>Mathers Place</name>
      </trkpt>
      <trkpt lat="57.3157980" lon="-2.0116920">
        <name>Mathers Place</name>
      </trkpt>
      <trkpt lat="57.3158110" lon="-2.0115440">
        <name>Mathers Place</name>
      </trkpt>
      <trkpt lat="57.3158240" lon="-2.0113960">
        <name>Mathers Place</name>
      </trkpt>
      <trkpt lat="57.3158310" lon="-2.0113260">
        <name>Mathers Place</name>
      </trkpt>
      <trkpt lat="57.3157535" lon="-2.0113205">
        <name>Mathers Place</name>
      </trkpt>
      <trkpt lat="57.3156760" lon="-2.0113150">
        <name>Mathers Place</name>
      </trkpt>
      <trkpt lat="57.3156070" lon="-2.0113205">
        <name>Mathers Place</name>
      </trkpt>
      <trkpt lat="57.3155380" lon="-2.0113260">
        <name>Mathers Place</name>
      </trkpt>
      <trkpt lat="57.3156070" lon="-2.0113205">
        <name>Mathers Place</name>
      </trkpt>
      <trkpt lat="57.3156760" lon="-2.0113150">
        <name>Mathers Place</name>
      </trkpt>
      <trkpt lat="57.3157535" lon="-2.0113205">
        <name>Mathers Place</name>
      </trkpt>
      <trkpt lat="57.3158310" lon="-2.0113260">
        <name>Mathers Place</name>
      </trkpt>
      <trkpt lat="57.3159037" lon="-2.0113470">
        <name>Mathers Place</name>
      </trkpt>
      <trkpt lat="57.3159763" lon="-2.0113680">
        <name>Mathers Place</name>
      </trkpt>
      <trkpt lat="57.3160490" lon="-2.0113890">
        <name>Mathers Place</name>
      </trkpt>
      <trkpt lat="57.3161203" lon="-2.0114093">
        <name>Mathers Place</name>
      </trkpt>
      <trkpt lat="57.3161917" lon="-2.0114297">
        <name>Mathers Place</name>
      </trkpt>
      <trkpt lat="57.3162630" lon="-2.0114500">
        <name>Mathers Place</name>
      </trkpt>
      <trkpt lat="57.3163380" lon="-2.0114730">
        <name>Mathers Place</name>
      </trkpt>
      <trkpt lat="57.3164130" lon="-2.0114960">
        <name>Mathers Place</name>
      </trkpt>
      <trkpt lat="57.3164880" lon="-2.0115190">
        <name>Mathers Place</name>
      </trkpt>
      <trkpt lat="57.3165657" lon="-2.0115320">
        <name>Mathers Place</name>
      </trkpt>
      <trkpt lat="57.3166433" lon="-2.0115450">
        <name>Mathers Place</name>
      </trkpt>
      <trkpt lat="57.3167210" lon="-2.0115580">
        <name>Mathers Place</name>
      </trkpt>
      <trkpt lat="57.3167430" lon="-2.0115600">
        <name>Mathers Place</name>
      </trkpt>
      <trkpt lat="57.3167700" lon="-2.0115620">
        <name>Mathers Place</name>
      </trkpt>
      <trkpt lat="57.3168575" lon="-2.0115580">
        <name>Mathers Place</name>
      </trkpt>
      <trkpt lat="57.3169450" lon="-2.0115540">
        <name>Mathers Place</name>
      </trkpt>
      <trkpt lat="57.3169900" lon="-2.0115445">
        <name>Red Inch Circle</name>
      </trkpt>
      <trkpt lat="57.3170350" lon="-2.0115350">
        <name>Red Inch Circle</name>
      </trkpt>
      <trkpt lat="57.3170520" lon="-2.0115320">
        <name>Red Inch Circle</name>
      </trkpt>
      <trkpt lat="57.3170990" lon="-2.0115115">
        <name>Red Inch Circle</name>
      </trkpt>
      <trkpt lat="57.3171460" lon="-2.0114910">
        <name>Red Inch Circle</name>
      </trkpt>
      <trkpt lat="57.3172045" lon="-2.0114550">
        <name>Red Inch Circle</name>
      </trkpt>
      <trkpt lat="57.3172630" lon="-2.0114190">
        <name>Red Inch Circle</name>
      </trkpt>
      <trkpt lat="57.3172412" lon="-2.0112910">
        <name>Red Inch Circle</name>
      </trkpt>
      <trkpt lat="57.3172195" lon="-2.0111630">
        <name>Red Inch Circle</name>
      </trkpt>
      <trkpt lat="57.3171978" lon="-2.0110350">
        <name>Red Inch Circle</name>
      </trkpt>
      <trkpt lat="57.3171760" lon="-2.0109070">
        <name>Red Inch Circle</name>
      </trkpt>
      <trkpt lat="57.3171615" lon="-2.0108135">
        <name>Red Inch Circle</name>
      </trkpt>
      <trkpt lat="57.3171470" lon="-2.0107200">
        <name>Red Inch Circle</name>
      </trkpt>
      <trkpt lat="57.3171330" lon="-2.0106260">
        <name>Red Inch Circle</name>
      </trkpt>
      <trkpt lat="57.3171157" lon="-2.0105143">
        <name>Red Inch Circle</name>
      </trkpt>
      <trkpt lat="57.3170983" lon="-2.0104027">
        <name>Red Inch Circle</name>
      </trkpt>
      <trkpt lat="57.3170810" lon="-2.0102910">
        <name>Red Inch Circle</name>
      </trkpt>
      <trkpt lat="57.3170680" lon="-2.0101593">
        <name>Red Inch Circle</name>
      </trkpt>
      <trkpt lat="57.3170550" lon="-2.0100277">
        <name>Red Inch Circle</name>
      </trkpt>
      <trkpt lat="57.3170420" lon="-2.0098960">
        <name>Red Inch Circle</name>
      </trkpt>
      <trkpt lat="57.3170290" lon="-2.0097670">
        <name>Red Inch Circle</name>
      </trkpt>
      <trkpt lat="57.3170160" lon="-2.0096380">
        <name>Red Inch Circle</name>
      </trkpt>
      <trkpt lat="57.3170065" lon="-2.0094905">
        <name>Red Inch Circle</name>
      </trkpt>
      <trkpt lat="57.3169970" lon="-2.0093430">
        <name>Red Inch Circle</name>
      </trkpt>
      <trkpt lat="57.3169935" lon="-2.0092010">
        <name>Red Inch Circle</name>
      </trkpt>
      <trkpt lat="57.3169900" lon="-2.0090590">
        <name>Red Inch Circle</name>
      </trkpt>
      <trkpt lat="57.3169885" lon="-2.0089695">
        <name>Red Inch Circle</name>
      </trkpt>
      <trkpt lat="57.3169870" lon="-2.0088800">
        <name>Red Inch Circle</name>
      </trkpt>
      <trkpt lat="57.3169846" lon="-2.0087358">
        <name>Red Inch Circle</name>
      </trkpt>
      <trkpt lat="57.3169822" lon="-2.0085916">
        <name>Red Inch Circle</name>
      </trkpt>
      <trkpt lat="57.3169798" lon="-2.0084474">
        <name>Red Inch Circle</name>
      </trkpt>
      <trkpt lat="57.3169774" lon="-2.0083032">
        <name>Red Inch Circle</name>
      </trkpt>
      <trkpt lat="57.3169750" lon="-2.0081590">
        <name>Red Inch Circle</name>
      </trkpt>
      <trkpt lat="57.3170555" lon="-2.0081535">
        <name>Red Inch Circle</name>
      </trkpt>
      <trkpt lat="57.3171360" lon="-2.0081480">
        <name>Red Inch Circle</name>
      </trkpt>
      <trkpt lat="57.3172140" lon="-2.0081430">
        <name>Red Inch Circle</name>
      </trkpt>
      <trkpt lat="57.3172715" lon="-2.0081390">
        <name>Red Inch Circle</name>
      </trkpt>
      <trkpt lat="57.3173290" lon="-2.0081350">
        <name>Red Inch Circle</name>
      </trkpt>
      <trkpt lat="57.3173320" lon="-2.0082210">
        <name>Red Inch Circle</name>
      </trkpt>
      <trkpt lat="57.3173350" lon="-2.0083070">
        <name>Red Inch Circle</name>
      </trkpt>
      <trkpt lat="57.3173400" lon="-2.0084470">
        <name>Red Inch Circle</name>
      </trkpt>
      <trkpt lat="57.3173450" lon="-2.0085870">
        <name>Red Inch Circle</name>
      </trkpt>
      <trkpt lat="57.3173500" lon="-2.0087270">
        <name>Red Inch Circle</name>
      </trkpt>
      <trkpt lat="57.3173580" lon="-2.0088870">
        <name>Red Inch Circle</name>
      </trkpt>
      <trkpt lat="57.3173650" lon="-2.0090270">
        <name>Red Inch Circle</name>
      </trkpt>
      <trkpt lat="57.3173575" lon="-2.0088770">
        <name>Red Inch Circle</name>
      </trkpt>
      <trkpt lat="57.3173500" lon="-2.0087270">
        <name>Red Inch Circle</name>
      </trkpt>
      <trkpt lat="57.3173447" lon="-2.0085790">
        <name>Red Inch Circle</name>
      </trkpt>
      <trkpt lat="57.3173395" lon="-2.0084310">
        <name>Red Inch Circle</name>
      </trkpt>
      <trkpt lat="57.3173343" lon="-2.0082830">
        <name>Red Inch Circle</name>
      </trkpt>
      <trkpt lat="57.3173290" lon="-2.0081350">
        <name>Red Inch Circle</name>
      </trkpt>
      <trkpt lat="57.3173950" lon="-2.0081335">
        <name>Red Inch Circle</name>
      </trkpt>
      <trkpt lat="57.3174610" lon="-2.0081320">
        <name>Red Inch Circle</name>
      </trkpt>
      <trkpt lat="57.3175380" lon="-2.0081300">
        <name>Red Inch Circle</name>
      </trkpt>
      <trkpt lat="57.3176150" lon="-2.0081280">
        <name>Red Inch Circle</name>
      </trkpt>
      <trkpt lat="57.3176840" lon="-2.0081260">
        <name>Red Inch Circle</name>
      </trkpt>
      <trkpt lat="57.3177535" lon="-2.0081055">
        <name>Millend</name>
      </trkpt>
      <trkpt lat="57.3178230" lon="-2.0080850">
        <name>Millend</name>
      </trkpt>
      <trkpt lat="57.3178710" lon="-2.0080590">
        <name>Millend</name>
      </trkpt>
      <trkpt lat="57.3179190" lon="-2.0080330">
        <name>Millend</name>
      </trkpt>
      <trkpt lat="57.3179530" lon="-2.0080150">
        <name>Millend</name>
      </trkpt>
      <trkpt lat="57.3179785" lon="-2.0081385">
        <name>Millend</name>
      </trkpt>
      <trkpt lat="57.3180040" lon="-2.0082620">
        <name>Millend</name>
      </trkpt>
      <trkpt lat="57.3180080" lon="-2.0083440">
        <name>Millend</name>
      </trkpt>
      <trkpt lat="57.3180150" lon="-2.0085020">
        <name>Millend</name>
      </trkpt>
      <trkpt lat="57.3180220" lon="-2.0086600">
        <name>Millend</name>
      </trkpt>
      <trkpt lat="57.3180245" lon="-2.0087690">
        <name>Millend</name>
      </trkpt>
      <trkpt lat="57.3180270" lon="-2.0088780">
        <name>Millend</name>
      </trkpt>
      <trkpt lat="57.3180250" lon="-2.0087820">
        <name>Millend</name>
      </trkpt>
      <trkpt lat="57.3180220" lon="-2.0086600">
        <name>Millend</name>
      </trkpt>
      <trkpt lat="57.3180150" lon="-2.0085020">
        <name>Millend</name>
      </trkpt>
      <trkpt lat="57.3180080" lon="-2.0083440">
        <name>Millend</name>
      </trkpt>
      <trkpt lat="57.3180040" lon="-2.0082620">
        <name>Millend</name>
      </trkpt>
      <trkpt lat="57.3179785" lon="-2.0081385">
        <name>Millend</name>
      </trkpt>
      <trkpt lat="57.3179530" lon="-2.0080150">
        <name>Millend</name>
      </trkpt>
      <trkpt lat="57.3179415" lon="-2.0078795">
        <name>Millend</name>
      </trkpt>
      <trkpt lat="57.3179300" lon="-2.0077440">
        <name>Millend</name>
      </trkpt>
      <trkpt lat="57.3179200" lon="-2.0076270">
        <name>Millend</name>
      </trkpt>
      <trkpt lat="57.3179150" lon="-2.0074810">
        <name>Millend</name>
      </trkpt>
      <trkpt lat="57.3179100" lon="-2.0073580">
        <name>Millend</name>
      </trkpt>
      <trkpt lat="57.3179064" lon="-2.0072174">
        <name>Millend</name>
      </trkpt>
      <trkpt lat="57.3179028" lon="-2.0070768">
        <name>Millend</name>
      </trkpt>
      <trkpt lat="57.3178992" lon="-2.0069362">
        <name>Millend</name>
      </trkpt>
      <trkpt lat="57.3178956" lon="-2.0067956">
        <name>Millend</name>
      </trkpt>
      <trkpt lat="57.3178920" lon="-2.0066550">
        <name>Millend</name>
      </trkpt>
      <trkpt lat="57.3179030" lon="-2.0065640">
        <name>Millend</name>
      </trkpt>
      <trkpt lat="57.3179220" lon="-2.0064800">
        <name>Millend</name>
      </trkpt>
      <trkpt lat="57.3179540" lon="-2.0064080">
        <name>Millend</name>
      </trkpt>
      <trkpt lat="57.3179740" lon="-2.0063640">
        <name>Millend</name>
      </trkpt>
      <trkpt lat="57.3180315" lon="-2.0062410">
        <name>Millend</name>
      </trkpt>
      <trkpt lat="57.3180890" lon="-2.0061180">
        <name>Millend</name>
      </trkpt>
      <trkpt lat="57.3180485" lon="-2.0060385">
        <name>Millend</name>
      </trkpt>
      <trkpt lat="57.3180080" lon="-2.0059590">
        <name>Millend</name>
      </trkpt>
      <trkpt lat="57.3179745" lon="-2.0058940">
        <name>Millend</name>
      </trkpt>
      <trkpt lat="57.3179410" lon="-2.0058290">
        <name>Millend</name>
      </trkpt>
      <trkpt lat="57.3179300" lon="-2.0056860">
        <name>Millend</name>
      </trkpt>
      <trkpt lat="57.3179420" lon="-2.0055660">
        <name>Millend</name>
      </trkpt>
      <trkpt lat="57.3179300" lon="-2.0056860">
        <name>Millend</name>
      </trkpt>
      <trkpt lat="57.3179410" lon="-2.0058290">
        <name>Millend</name>
      </trkpt>
      <trkpt lat="57.3179745" lon="-2.0058940">
        <name>Millend</name>
      </trkpt>
      <trkpt lat="57.3180080" lon="-2.0059590">
        <name>Millend</name>
      </trkpt>
      <trkpt lat="57.3180430" lon="-2.0060275">
        <name>Millend</name>
      </trkpt>
      <trkpt lat="57.3180780" lon="-2.0060960">
        <name>Millend</name>
      </trkpt>
      <trkpt lat="57.3180890" lon="-2.0061180">
        <name>Millend</name>
      </trkpt>
      <trkpt lat="57.3181520" lon="-2.0062230">
        <name>Millend</name>
      </trkpt>
      <trkpt lat="57.3182150" lon="-2.0063280">
        <name>Millend</name>
      </trkpt>
      <trkpt lat="57.3182780" lon="-2.0064330">
        <name>Millend</name>
      </trkpt>
      <trkpt lat="57.3183410" lon="-2.0065380">
        <name>Millend</name>
      </trkpt>
      <trkpt lat="57.3183090" lon="-2.0066025">
        <name>Millend</name>
      </trkpt>
      <trkpt lat="57.3182770" lon="-2.0066670">
        <name>Millend</name>
      </trkpt>
      <trkpt lat="57.3183100" lon="-2.0066000">
        <name>Millend</name>
      </trkpt>
      <trkpt lat="57.3183430" lon="-2.0065330">
        <name>Millend</name>
      </trkpt>
      <trkpt lat="57.3182795" lon="-2.0064293">
        <name>Millend</name>
      </trkpt>
      <trkpt lat="57.3182160" lon="-2.0063255">
        <name>Millend</name>
      </trkpt>
      <trkpt lat="57.3181525" lon="-2.0062217">
        <name>Millend</name>
      </trkpt>
      <trkpt lat="57.3180890" lon="-2.0061180">
        <name>Millend</name>
      </trkpt>
      <trkpt lat="57.3181363" lon="-2.0060260">
        <name>Millend</name>
      </trkpt>
      <trkpt lat="57.3181837" lon="-2.0059340">
        <name>Millend</name>
      </trkpt>
      <trkpt lat="57.3182310" lon="-2.0058420">
        <name>Millend</name>
      </trkpt>
      <trkpt lat="57.3182670" lon="-2.0057730">
        <name>Millend</name>
      </trkpt>
      <trkpt lat="57.3183030" lon="-2.0057040">
        <name>Millend</name>
      </trkpt>
      <trkpt lat="57.3183490" lon="-2.0056490">
        <name>Millend</name>
      </trkpt>
      <trkpt lat="57.3184020" lon="-2.0056230">
        <name>Millend</name>
      </trkpt>
      <trkpt lat="57.3184823" lon="-2.0056137">
        <name>Millend</name>
      </trkpt>
      <trkpt lat="57.3185627" lon="-2.0056043">
        <name>Millend</name>
      </trkpt>
      <trkpt lat="57.3186430" lon="-2.0055950">
        <name>Millend</name>
      </trkpt>
      <trkpt lat="57.3186890" lon="-2.0056120">
        <name>Millend</name>
      </trkpt>
      <trkpt lat="57.3187170" lon="-2.0056350">
        <name>Millend</name>
      </trkpt>
      <trkpt lat="57.3187560" lon="-2.0056870">
        <name>Millend</name>
      </trkpt>
      <trkpt lat="57.3188030" lon="-2.0057540">
        <name>Millend</name>
      </trkpt>
      <trkpt lat="57.3188250" lon="-2.0057900">
        <name>Millend</name>
      </trkpt>
      <trkpt lat="57.3188720" lon="-2.0058665">
        <name>Millend</name>
      </trkpt>
      <trkpt lat="57.3189190" lon="-2.0059430">
        <name>Millend</name>
      </trkpt>
      <trkpt lat="57.3189660" lon="-2.0060277">
        <name>Millend</name>
      </trkpt>
      <trkpt lat="57.3190130" lon="-2.0061123">
        <name>Millend</name>
      </trkpt>
      <trkpt lat="57.3190600" lon="-2.0061970">
        <name>Millend</name>
      </trkpt>
      <trkpt lat="57.3190840" lon="-2.0062800">
        <name>Millend</name>
      </trkpt>
      <trkpt lat="57.3191010" lon="-2.0063870">
        <name>Millend</name>
      </trkpt>
      <trkpt lat="57.3191090" lon="-2.0065500">
        <name>Red Inch Circle</name>
      </trkpt>
      <trkpt lat="57.3191170" lon="-2.0067130">
        <name>Red Inch Circle</name>
      </trkpt>
      <trkpt lat="57.3191273" lon="-2.0068767">
        <name>Red Inch Circle</name>
      </trkpt>
      <trkpt lat="57.3191377" lon="-2.0070403">
        <name>Red Inch Circle</name>
      </trkpt>
      <trkpt lat="57.3191480" lon="-2.0072040">
        <name>Red Inch Circle</name>
      </trkpt>
      <trkpt lat="57.3191505" lon="-2.0073160">
        <name>Red Inch Circle</name>
      </trkpt>
      <trkpt lat="57.3191530" lon="-2.0074280">
        <name>Red Inch Circle</name>
      </trkpt>
      <trkpt lat="57.3191553" lon="-2.0075427">
        <name>Red Inch Circle</name>
      </trkpt>
      <trkpt lat="57.3191577" lon="-2.0076573">
        <name>Red Inch Circle</name>
      </trkpt>
      <trkpt lat="57.3191600" lon="-2.0077720">
        <name>Red Inch Circle</name>
      </trkpt>
      <trkpt lat="57.3191610" lon="-2.0078030">
        <name>Red Inch Circle</name>
      </trkpt>
      <trkpt lat="57.3190873" lon="-2.0078113">
        <name>Red Inch Circle</name>
      </trkpt>
      <trkpt lat="57.3190135" lon="-2.0078195">
        <name>Red Inch Circle</name>
      </trkpt>
      <trkpt lat="57.3189397" lon="-2.0078278">
        <name>Red Inch Circle</name>
      </trkpt>
      <trkpt lat="57.3188660" lon="-2.0078360">
        <name>Red Inch Circle</name>
      </trkpt>
      <trkpt lat="57.3188670" lon="-2.0079320">
        <name>Red Inch Circle</name>
      </trkpt>
      <trkpt lat="57.3188680" lon="-2.0080280">
        <name>Red Inch Circle</name>
      </trkpt>
      <trkpt lat="57.3188670" lon="-2.0079260">
        <name>Red Inch Circle</name>
      </trkpt>
      <trkpt lat="57.3188660" lon="-2.0078240">
        <name>Red Inch Circle</name>
      </trkpt>
      <trkpt lat="57.3189397" lon="-2.0078187">
        <name>Red Inch Circle</name>
      </trkpt>
      <trkpt lat="57.3190135" lon="-2.0078135">
        <name>Red Inch Circle</name>
      </trkpt>
      <trkpt lat="57.3190873" lon="-2.0078083">
        <name>Red Inch Circle</name>
      </trkpt>
      <trkpt lat="57.3191610" lon="-2.0078030">
        <name>Red Inch Circle</name>
      </trkpt>
      <trkpt lat="57.3191627" lon="-2.0079167">
        <name>Red Inch Circle</name>
      </trkpt>
      <trkpt lat="57.3191643" lon="-2.0080303">
        <name>Red Inch Circle</name>
      </trkpt>
      <trkpt lat="57.3191660" lon="-2.0081440">
        <name>Red Inch Circle</name>
      </trkpt>
      <trkpt lat="57.3191653" lon="-2.0082887">
        <name>Red Inch Circle</name>
      </trkpt>
      <trkpt lat="57.3191647" lon="-2.0084333">
        <name>Red Inch Circle</name>
      </trkpt>
      <trkpt lat="57.3191640" lon="-2.0085780">
        <name>Red Inch Circle</name>
      </trkpt>
      <trkpt lat="57.3190777" lon="-2.0085800">
        <name>Red Inch Circle</name>
      </trkpt>
      <trkpt lat="57.3189913" lon="-2.0085820">
        <name>Red Inch Circle</name>
      </trkpt>
      <trkpt lat="57.3189050" lon="-2.0085840">
        <name>Red Inch Circle</name>
      </trkpt>
      <trkpt lat="57.3189913" lon="-2.0085820">
        <name>Red Inch Circle</name>
      </trkpt>
      <trkpt lat="57.3190777" lon="-2.0085800">
        <name>Red Inch Circle</name>
      </trkpt>
      <trkpt lat="57.3191640" lon="-2.0085780">
        <name>Red Inch Circle</name>
      </trkpt>
      <trkpt lat="57.3191647" lon="-2.0084333">
        <name>Red Inch Circle</name>
      </trkpt>
      <trkpt lat="57.3191653" lon="-2.0082887">
        <name>Red Inch Circle</name>
      </trkpt>
      <trkpt lat="57.3191660" lon="-2.0081440">
        <name>Red Inch Circle</name>
      </trkpt>
      <trkpt lat="57.3191643" lon="-2.0080303">
        <name>Red Inch Circle</name>
      </trkpt>
      <trkpt lat="57.3191627" lon="-2.0079167">
        <name>Red Inch Circle</name>
      </trkpt>
      <trkpt lat="57.3191610" lon="-2.0078030">
        <name>Red Inch Circle</name>
      </trkpt>
      <trkpt lat="57.3191578" lon="-2.0076533">
        <name>Red Inch Circle</name>
      </trkpt>
      <trkpt lat="57.3191545" lon="-2.0075035">
        <name>Red Inch Circle</name>
      </trkpt>
      <trkpt lat="57.3191512" lon="-2.0073538">
        <name>Red Inch Circle</name>
      </trkpt>
      <trkpt lat="57.3191480" lon="-2.0072040">
        <name>Red Inch Circle</name>
      </trkpt>
      <trkpt lat="57.3191383" lon="-2.0070507">
        <name>Red Inch Circle</name>
      </trkpt>
      <trkpt lat="57.3191287" lon="-2.0068973">
        <name>Red Inch Circle</name>
      </trkpt>
      <trkpt lat="57.3191190" lon="-2.0067440">
        <name>Red Inch Circle</name>
      </trkpt>
      <trkpt lat="57.3191170" lon="-2.0067130">
        <name>Red Inch Circle</name>
      </trkpt>
      <trkpt lat="57.3191113" lon="-2.0066010">
        <name>Red Inch Circle</name>
      </trkpt>
      <trkpt lat="57.3191057" lon="-2.0064890">
        <name>Red Inch Circle</name>
      </trkpt>
      <trkpt lat="57.3191000" lon="-2.0063770">
        <name>Red Inch Circle</name>
      </trkpt>
      <trkpt lat="57.3190840" lon="-2.0062800">
        <name>Red Inch Circle</name>
      </trkpt>
      <trkpt lat="57.3190600" lon="-2.0061970">
        <name>Red Inch Circle</name>
      </trkpt>
      <trkpt lat="57.3190130" lon="-2.0061123">
        <name>Red Inch Circle</name>
      </trkpt>
      <trkpt lat="57.3189660" lon="-2.0060277">
        <name>Red Inch Circle</name>
      </trkpt>
      <trkpt lat="57.3189190" lon="-2.0059430">
        <name>Red Inch Circle</name>
      </trkpt>
      <trkpt lat="57.3189650" lon="-2.0058480">
        <name>Red Inch Circle</name>
      </trkpt>
      <trkpt lat="57.3190110" lon="-2.0057530">
        <name>Red Inch Circle</name>
      </trkpt>
      <trkpt lat="57.3190570" lon="-2.0056580">
        <name>Red Inch Circle</name>
      </trkpt>
      <trkpt lat="57.3190890" lon="-2.0055920">
        <name>Red Inch Circle</name>
      </trkpt>
      <trkpt lat="57.3191030" lon="-2.0055640">
        <name>Red Inch Circle</name>
      </trkpt>
      <trkpt lat="57.3191510" lon="-2.0054650">
        <name>Red Inch Circle</name>
      </trkpt>
      <trkpt lat="57.3191760" lon="-2.0053890">
        <name>Red Inch Circle</name>
      </trkpt>
      <trkpt lat="57.3191940" lon="-2.0053100">
        <name>Haddo Crescent</name>
      </trkpt>
      <trkpt lat="57.3192050" lon="-2.0052160">
        <name>Haddo Crescent</name>
      </trkpt>
      <trkpt lat="57.3192070" lon="-2.0051230">
        <name>Haddo Crescent</name>
      </trkpt>
      <trkpt lat="57.3191940" lon="-2.0050120">
        <name>Haddo Crescent</name>
      </trkpt>
      <trkpt lat="57.3191825" lon="-2.0049090">
        <name>Haddo Crescent</name>
      </trkpt>
      <trkpt lat="57.3191710" lon="-2.0048060">
        <name>Haddo Crescent</name>
      </trkpt>
      <trkpt lat="57.3191710" lon="-2.0046870">
        <name>Haddo Crescent</name>
      </trkpt>
      <trkpt lat="57.3191860" lon="-2.0046000">
        <name>Haddo Crescent</name>
      </trkpt>
      <trkpt lat="57.3192080" lon="-2.0045400">
        <name>Haddo Crescent</name>
      </trkpt>
      <trkpt lat="57.3192200" lon="-2.0045090">
        <name>Haddo Crescent</name>
      </trkpt>
      <trkpt lat="57.3192320" lon="-2.0044770">
        <name>Haddo Crescent</name>
      </trkpt>
      <trkpt lat="57.3192950" lon="-2.0045503">
        <name>Haddo Crescent</name>
      </trkpt>
      <trkpt lat="57.3193580" lon="-2.0046237">
        <name>Haddo Crescent</name>
      </trkpt>
      <trkpt lat="57.3194210" lon="-2.0046970">
        <name>Haddo Crescent</name>
      </trkpt>
      <trkpt lat="57.3194140" lon="-2.0047440">
        <name>Haddo Crescent</name>
      </trkpt>
      <trkpt lat="57.3194110" lon="-2.0047640">
        <name>Haddo Crescent</name>
      </trkpt>
      <trkpt lat="57.3194030" lon="-2.0048250">
        <name>Haddo Crescent</name>
      </trkpt>
      <trkpt lat="57.3194040" lon="-2.0048890">
        <name>Haddo Crescent</name>
      </trkpt>
      <trkpt lat="57.3194100" lon="-2.0049750">
        <name>Haddo Crescent</name>
      </trkpt>
      <trkpt lat="57.3194240" lon="-2.0051240">
        <name>Haddo Crescent</name>
      </trkpt>
      <trkpt lat="57.3194380" lon="-2.0052730">
        <name>Haddo Crescent</name>
      </trkpt>
      <trkpt lat="57.3194520" lon="-2.0054220">
        <name>Haddo Crescent</name>
      </trkpt>
      <trkpt lat="57.3194670" lon="-2.0055040">
        <name>Haddo Crescent</name>
      </trkpt>
      <trkpt lat="57.3194820" lon="-2.0055860">
        <name>Haddo Crescent</name>
      </trkpt>
      <trkpt lat="57.3195020" lon="-2.0056805">
        <name>Haddo Crescent</name>
      </trkpt>
      <trkpt lat="57.3195220" lon="-2.0057750">
        <name>Haddo Crescent</name>
      </trkpt>
      <trkpt lat="57.3195390" lon="-2.0058560">
        <name>Haddo Crescent</name>
      </trkpt>
      <trkpt lat="57.3195560" lon="-2.0059370">
        <name>Haddo Crescent</name>
      </trkpt>
      <trkpt lat="57.3195790" lon="-2.0060210">
        <name>Haddo Crescent</name>
      </trkpt>
      <trkpt lat="57.3195930" lon="-2.0060750">
        <name>Haddo Crescent</name>
      </trkpt>
      <trkpt lat="57.3196220" lon="-2.0061885">
        <name>Haddo Crescent</name>
      </trkpt>
      <trkpt lat="57.3196510" lon="-2.0063020">
        <name>Haddo Crescent</name>
      </trkpt>
      <trkpt lat="57.3196987" lon="-2.0064403">
        <name>Haddo Crescent</name>
      </trkpt>
      <trkpt lat="57.3197463" lon="-2.0065787">
        <name>Haddo Crescent</name>
      </trkpt>
      <trkpt lat="57.3197940" lon="-2.0067170">
        <name>Haddo Crescent</name>
      </trkpt>
      <trkpt lat="57.3198363" lon="-2.0068390">
        <name>Haddo Crescent</name>
      </trkpt>
      <trkpt lat="57.3198787" lon="-2.0069610">
        <name>Haddo Crescent</name>
      </trkpt>
      <trkpt lat="57.3199210" lon="-2.0070830">
        <name>Haddo Crescent</name>
      </trkpt>
      <trkpt lat="57.3199680" lon="-2.0072190">
        <name>Haddo Crescent</name>
      </trkpt>
      <trkpt lat="57.3200030" lon="-2.0073340">
        <name>Haddo Crescent</name>
      </trkpt>
      <trkpt lat="57.3200280" lon="-2.0074140">
        <name>Haddo Crescent</name>
      </trkpt>
      <trkpt lat="57.3200710" lon="-2.0075050">
        <name>Haddo Crescent</name>
      </trkpt>
      <trkpt lat="57.3201150" lon="-2.0075300">
        <name>Haddo Crescent</name>
      </trkpt>
      <trkpt lat="57.3201100" lon="-2.0075750">
        <name>Haddo Crescent</name>
      </trkpt>
      <trkpt lat="57.3201010" lon="-2.0076680">
        <name>Haddo Crescent</name>
      </trkpt>
      <trkpt lat="57.3200880" lon="-2.0077820">
        <name>Haddo Crescent</name>
      </trkpt>
      <trkpt lat="57.3200810" lon="-2.0078550">
        <name>Haddo Crescent</name>
      </trkpt>
      <trkpt lat="57.3200850" lon="-2.0079210">
        <name>Haddo Crescent</name>
      </trkpt>
      <trkpt lat="57.3200910" lon="-2.0080110">
        <name>Haddo Crescent</name>
      </trkpt>
      <trkpt lat="57.3201040" lon="-2.0081500">
        <name>Haddo Crescent</name>
      </trkpt>
      <trkpt lat="57.3201130" lon="-2.0082110">
        <name>Haddo Crescent</name>
      </trkpt>
      <trkpt lat="57.3201250" lon="-2.0082915">
        <name>Haddo Crescent</name>
      </trkpt>
      <trkpt lat="57.3201370" lon="-2.0083720">
        <name>Haddo Crescent</name>
      </trkpt>
      <trkpt lat="57.3201530" lon="-2.0084770">
        <name>Haddo Crescent</name>
      </trkpt>
      <trkpt lat="57.3201830" lon="-2.0085620">
        <name>Haddo Crescent</name>
      </trkpt>
      <trkpt lat="57.3202000" lon="-2.0085890">
        <name>Red Inch Circle</name>
      </trkpt>
      <trkpt lat="57.3202190" lon="-2.0086180">
        <name>Red Inch Circle</name>
      </trkpt>
      <trkpt lat="57.3202580" lon="-2.0086610">
        <name>Red Inch Circle</name>
      </trkpt>
      <trkpt lat="57.3202980" lon="-2.0086730">
        <name>Red Inch Circle</name>
      </trkpt>
      <trkpt lat="57.3203650" lon="-2.0086780">
        <name>Red Inch Circle</name>
      </trkpt>
      <trkpt lat="57.3204370" lon="-2.0086770">
        <name>Red Inch Circle</name>
      </trkpt>
      <trkpt lat="57.3205090" lon="-2.0086760">
        <name>Red Inch Circle</name>
      </trkpt>
      <trkpt lat="57.3205868" lon="-2.0086750">
        <name>Red Inch Circle</name>
      </trkpt>
      <trkpt lat="57.3206645" lon="-2.0086740">
        <name>Red Inch Circle</name>
      </trkpt>
      <trkpt lat="57.3207422" lon="-2.0086730">
        <name>Red Inch Circle</name>
      </trkpt>
      <trkpt lat="57.3208200" lon="-2.0086720">
        <name>Red Inch Circle</name>
      </trkpt>
      <trkpt lat="57.3208760" lon="-2.0086730">
        <name>Red Inch Circle</name>
      </trkpt>
      <trkpt lat="57.3209320" lon="-2.0086740">
        <name>Red Inch Circle</name>
      </trkpt>
      <trkpt lat="57.3210192" lon="-2.0086758">
        <name>Airyhill View</name>
      </trkpt>
      <trkpt lat="57.3211065" lon="-2.0086775">
        <name>Airyhill View</name>
      </trkpt>
      <trkpt lat="57.3211937" lon="-2.0086793">
        <name>Airyhill View</name>
      </trkpt>
      <trkpt lat="57.3212810" lon="-2.0086810">
        <name>Airyhill View</name>
      </trkpt>
      <trkpt lat="57.3212990" lon="-2.0086790">
        <name>Airyhill View</name>
      </trkpt>
      <trkpt lat="57.3213300" lon="-2.0086740">
        <name>Airyhill View</name>
      </trkpt>
      <trkpt lat="57.3213540" lon="-2.0086710">
        <name>Airyhill View</name>
      </trkpt>
      <trkpt lat="57.3213870" lon="-2.0086400">
        <name>Airyhill View</name>
      </trkpt>
      <trkpt lat="57.3214080" lon="-2.0085780">
        <name>Airyhill View</name>
      </trkpt>
      <trkpt lat="57.3214210" lon="-2.0085050">
        <name>Airyhill View</name>
      </trkpt>
      <trkpt lat="57.3214290" lon="-2.0084110">
        <name>Airyhill View</name>
      </trkpt>
      <trkpt lat="57.3214310" lon="-2.0083290">
        <name>Airyhill View</name>
      </trkpt>
      <trkpt lat="57.3214330" lon="-2.0082215">
        <name>Airyhill View</name>
      </trkpt>
      <trkpt lat="57.3214350" lon="-2.0081140">
        <name>Airyhill View</name>
      </trkpt>
      <trkpt lat="57.3214378" lon="-2.0079708">
        <name>Airyhill View</name>
      </trkpt>
      <trkpt lat="57.3214406" lon="-2.0078276">
        <name>Airyhill View</name>
      </trkpt>
      <trkpt lat="57.3214434" lon="-2.0076844">
        <name>Airyhill View</name>
      </trkpt>
      <trkpt lat="57.3214462" lon="-2.0075412">
        <name>Airyhill View</name>
      </trkpt>
      <trkpt lat="57.3214490" lon="-2.0073980">
        <name>Airyhill View</name>
      </trkpt>
      <trkpt lat="57.3214520" lon="-2.0072484">
        <name>Airyhill View</name>
      </trkpt>
      <trkpt lat="57.3214550" lon="-2.0070988">
        <name>Airyhill View</name>
      </trkpt>
      <trkpt lat="57.3214580" lon="-2.0069492">
        <name>Airyhill View</name>
      </trkpt>
      <trkpt lat="57.3214610" lon="-2.0067996">
        <name>Airyhill View</name>
      </trkpt>
      <trkpt lat="57.3214640" lon="-2.0066500">
        <name>Airyhill View</name>
      </trkpt>
      <trkpt lat="57.3214660" lon="-2.0065400">
        <name>Airyhill View</name>
      </trkpt>
      <trkpt lat="57.3214650" lon="-2.0064850">
        <name>Airyhill View</name>
      </trkpt>
      <trkpt lat="57.3214490" lon="-2.0064260">
        <name>Airyhill View</name>
      </trkpt>
      <trkpt lat="57.3214230" lon="-2.0063610">
        <name>Airyhill View</name>
      </trkpt>
      <trkpt lat="57.3213980" lon="-2.0063180">
        <name>Airyhill View</name>
      </trkpt>
      <trkpt lat="57.3213740" lon="-2.0062880">
        <name>Airyhill View</name>
      </trkpt>
      <trkpt lat="57.3213360" lon="-2.0062680">
        <name>Airyhill View</name>
      </trkpt>
      <trkpt lat="57.3212680" lon="-2.0062460">
        <name>Airyhill View</name>
      </trkpt>
      <trkpt lat="57.3212017" lon="-2.0062247">
        <name>Airyhill View</name>
      </trkpt>
      <trkpt lat="57.3211353" lon="-2.0062033">
        <name>Airyhill View</name>
      </trkpt>
      <trkpt lat="57.3210690" lon="-2.0061820">
        <name>Airyhill View</name>
      </trkpt>
      <trkpt lat="57.3210300" lon="-2.0061690">
        <name>Airyhill View</name>
      </trkpt>
      <trkpt lat="57.3209870" lon="-2.0061590">
        <name>Airyhill View</name>
      </trkpt>
      <trkpt lat="57.3209520" lon="-2.0061720">
        <name>Airyhill View</name>
      </trkpt>
      <trkpt lat="57.3209280" lon="-2.0062020">
        <name>Airyhill View</name>
      </trkpt>
      <trkpt lat="57.3209070" lon="-2.0062420">
        <name>Airyhill View</name>
      </trkpt>
      <trkpt lat="57.3208880" lon="-2.0063170">
        <name>Airyhill View</name>
      </trkpt>
      <trkpt lat="57.3208760" lon="-2.0063860">
        <name>Airyhill View</name>
      </trkpt>
      <trkpt lat="57.3208640" lon="-2.0064470">
        <name>Airyhill View</name>
      </trkpt>
      <trkpt lat="57.3208430" lon="-2.0065270">
        <name>Airyhill View</name>
      </trkpt>
      <trkpt lat="57.3208150" lon="-2.0066180">
        <name>Airyhill View</name>
      </trkpt>
      <trkpt lat="57.3207970" lon="-2.0067590">
        <name>Airyhill View</name>
      </trkpt>
      <trkpt lat="57.3207950" lon="-2.0067780">
        <name>Airyhill View</name>
      </trkpt>
      <trkpt lat="57.3207787" lon="-2.0069040">
        <name>Airyhill View</name>
      </trkpt>
      <trkpt lat="57.3207625" lon="-2.0070300">
        <name>Airyhill View</name>
      </trkpt>
      <trkpt lat="57.3207462" lon="-2.0071560">
        <name>Airyhill View</name>
      </trkpt>
      <trkpt lat="57.3207300" lon="-2.0072820">
        <name>Airyhill View</name>
      </trkpt>
      <trkpt lat="57.3207110" lon="-2.0074320">
        <name>Airyhill View</name>
      </trkpt>
      <trkpt lat="57.3206920" lon="-2.0075820">
        <name>Airyhill View</name>
      </trkpt>
      <trkpt lat="57.3207460" lon="-2.0075940">
        <name>Airyhill View</name>
      </trkpt>
      <trkpt lat="57.3207860" lon="-2.0076210">
        <name>Airyhill View</name>
      </trkpt>
      <trkpt lat="57.3208020" lon="-2.0076480">
        <name>Airyhill View</name>
      </trkpt>
      <trkpt lat="57.3208130" lon="-2.0076910">
        <name>Airyhill View</name>
      </trkpt>
      <trkpt lat="57.3208140" lon="-2.0077420">
        <name>Airyhill View</name>
      </trkpt>
      <trkpt lat="57.3208150" lon="-2.0078410">
        <name>Airyhill View</name>
      </trkpt>
      <trkpt lat="57.3208160" lon="-2.0079840">
        <name>Airyhill View</name>
      </trkpt>
      <trkpt lat="57.3208170" lon="-2.0081270">
        <name>Airyhill View</name>
      </trkpt>
      <trkpt lat="57.3208180" lon="-2.0082700">
        <name>Airyhill View</name>
      </trkpt>
      <trkpt lat="57.3208190" lon="-2.0084130">
        <name>Airyhill View</name>
      </trkpt>
      <trkpt lat="57.3208200" lon="-2.0085560">
        <name>Airyhill View</name>
      </trkpt>
      <trkpt lat="57.3208200" lon="-2.0086080">
        <name>Airyhill View</name>
      </trkpt>
      <trkpt lat="57.3208200" lon="-2.0086720">
        <name>Airyhill View</name>
      </trkpt>
      <trkpt lat="57.3208968" lon="-2.0086735">
        <name>Airyhill View</name>
      </trkpt>
      <trkpt lat="57.3209737" lon="-2.0086750">
        <name>Airyhill View</name>
      </trkpt>
      <trkpt lat="57.3210505" lon="-2.0086765">
        <name>Airyhill View</name>
      </trkpt>
      <trkpt lat="57.3211273" lon="-2.0086780">
        <name>Airyhill View</name>
      </trkpt>
      <trkpt lat="57.3212042" lon="-2.0086795">
        <name>Airyhill View</name>
      </trkpt>
      <trkpt lat="57.3212810" lon="-2.0086810">
        <name>Airyhill View</name>
      </trkpt>
      <trkpt lat="57.3212990" lon="-2.0086790">
        <name>Airyhill View</name>
      </trkpt>
      <trkpt lat="57.3213300" lon="-2.0086740">
        <name>Airyhill View</name>
      </trkpt>
      <trkpt lat="57.3213540" lon="-2.0086710">
        <name>Airyhill View</name>
      </trkpt>
      <trkpt lat="57.3213870" lon="-2.0086400">
        <name>Airyhill View</name>
      </trkpt>
      <trkpt lat="57.3214080" lon="-2.0085780">
        <name>Airyhill View</name>
      </trkpt>
      <trkpt lat="57.3214210" lon="-2.0085050">
        <name>Airyhill View</name>
      </trkpt>
      <trkpt lat="57.3214290" lon="-2.0084110">
        <name>School Road</name>
      </trkpt>
      <trkpt lat="57.3214310" lon="-2.0083290">
        <name>School Road</name>
      </trkpt>
      <trkpt lat="57.3214342" lon="-2.0081664">
        <name>School Road</name>
      </trkpt>
      <trkpt lat="57.3214374" lon="-2.0080037">
        <name>School Road</name>
      </trkpt>
      <trkpt lat="57.3214405" lon="-2.0078411">
        <name>School Road</name>
      </trkpt>
      <trkpt lat="57.3214437" lon="-2.0076785">
        <name>School Road</name>
      </trkpt>
      <trkpt lat="57.3214469" lon="-2.0075158">
        <name>School Road</name>
      </trkpt>
      <trkpt lat="57.3214501" lon="-2.0073532">
        <name>School Road</name>
      </trkpt>
      <trkpt lat="57.3214533" lon="-2.0071905">
        <name>School Road</name>
      </trkpt>
      <trkpt lat="57.3214565" lon="-2.0070279">
        <name>School Road</name>
      </trkpt>
      <trkpt lat="57.3214596" lon="-2.0068653">
        <name>School Road</name>
      </trkpt>
      <trkpt lat="57.3214628" lon="-2.0067026">
        <name>School Road</name>
      </trkpt>
      <trkpt lat="57.3214660" lon="-2.0065400">
        <name>School Road</name>
      </trkpt>
      <trkpt lat="57.3214650" lon="-2.0064850">
        <name>School Road</name>
      </trkpt>
      <trkpt lat="57.3214490" lon="-2.0064260">
        <name>School Road</name>
      </trkpt>
      <trkpt lat="57.3214230" lon="-2.0063610">
        <name>School Road</name>
      </trkpt>
      <trkpt lat="57.3213980" lon="-2.0063180">
        <name>School Road</name>
      </trkpt>
      <trkpt lat="57.3213740" lon="-2.0062880">
        <name>School Road</name>
      </trkpt>
      <trkpt lat="57.3213360" lon="-2.0062680">
        <name>School Road</name>
      </trkpt>
      <trkpt lat="57.3212595" lon="-2.0062432">
        <name>School Road</name>
      </trkpt>
      <trkpt lat="57.3211830" lon="-2.0062185">
        <name>School Road</name>
      </trkpt>
      <trkpt lat="57.3211065" lon="-2.0061937">
        <name>School Road</name>
      </trkpt>
      <trkpt lat="57.3210300" lon="-2.0061690">
        <name>School Road</name>
      </trkpt>
      <trkpt lat="57.3209870" lon="-2.0061590">
        <name>School Road</name>
      </trkpt>
      <trkpt lat="57.3209520" lon="-2.0061720">
        <name>School Road</name>
      </trkpt>
      <trkpt lat="57.3209280" lon="-2.0062020">
        <name>School Road</name>
      </trkpt>
      <trkpt lat="57.3209070" lon="-2.0062420">
        <name>School Road</name>
      </trkpt>
      <trkpt lat="57.3208880" lon="-2.0063170">
        <name>School Road</name>
      </trkpt>
      <trkpt lat="57.3208780" lon="-2.0063730">
        <name>School Road</name>
      </trkpt>
      <trkpt lat="57.3208640" lon="-2.0064470">
        <name>School Road</name>
      </trkpt>
      <trkpt lat="57.3208430" lon="-2.0065270">
        <name>School Road</name>
      </trkpt>
      <trkpt lat="57.3208150" lon="-2.0066180">
        <name>Marshall Road</name>
      </trkpt>
      <trkpt lat="57.3207950" lon="-2.0067780">
        <name>Marshall Road</name>
      </trkpt>
      <trkpt lat="57.3207744" lon="-2.0069388">
        <name>Marshall Road</name>
      </trkpt>
      <trkpt lat="57.3207538" lon="-2.0070996">
        <name>Marshall Road</name>
      </trkpt>
      <trkpt lat="57.3207332" lon="-2.0072604">
        <name>Marshall Road</name>
      </trkpt>
      <trkpt lat="57.3207126" lon="-2.0074212">
        <name>Marshall Road</name>
      </trkpt>
      <trkpt lat="57.3206920" lon="-2.0075820">
        <name>Marshall Road</name>
      </trkpt>
      <trkpt lat="57.3206410" lon="-2.0075835">
        <name>Marshall Road</name>
      </trkpt>
      <trkpt lat="57.3205900" lon="-2.0075850">
        <name>Marshall Road</name>
      </trkpt>
      <trkpt lat="57.3205260" lon="-2.0075870">
        <name>Marshall Road</name>
      </trkpt>
      <trkpt lat="57.3204620" lon="-2.0075890">
        <name>Marshall Road</name>
      </trkpt>
      <trkpt lat="57.3203740" lon="-2.0075790">
        <name>Marshall Road</name>
      </trkpt>
      <trkpt lat="57.3202980" lon="-2.0075520">
        <name>Marshall Road</name>
      </trkpt>
      <trkpt lat="57.3202290" lon="-2.0075370">
        <name>Marshall Road</name>
      </trkpt>
      <trkpt lat="57.3202170" lon="-2.0075340">
        <name>Marshall Road</name>
      </trkpt>
      <trkpt lat="57.3201660" lon="-2.0075320">
        <name>Marshall Close</name>
      </trkpt>
      <trkpt lat="57.3201150" lon="-2.0075300">
        <name>Marshall Close</name>
      </trkpt>
      <trkpt lat="57.3200710" lon="-2.0075050">
        <name>Marshall Close</name>
      </trkpt>
      <trkpt lat="57.3200280" lon="-2.0074140">
        <name>Marshall Close</name>
      </trkpt>
      <trkpt lat="57.3200220" lon="-2.0073950">
        <name>Marshall Close</name>
      </trkpt>
      <trkpt lat="57.3200030" lon="-2.0073340">
        <name>Marshall Close</name>
      </trkpt>
      <trkpt lat="57.3199680" lon="-2.0072190">
        <name>Marshall Close</name>
      </trkpt>
      <trkpt lat="57.3199930" lon="-2.0071750">
        <name>Marshall Close</name>
      </trkpt>
      <trkpt lat="57.3200070" lon="-2.0071370">
        <name>Marshall Close</name>
      </trkpt>
      <trkpt lat="57.3200180" lon="-2.0071000">
        <name>Marshall Close</name>
      </trkpt>
      <trkpt lat="57.3200300" lon="-2.0070390">
        <name>Marshall Close</name>
      </trkpt>
      <trkpt lat="57.3200370" lon="-2.0069870">
        <name>Marshall Close</name>
      </trkpt>
      <trkpt lat="57.3200495" lon="-2.0068835">
        <name>Marshall Close</name>
      </trkpt>
      <trkpt lat="57.3200620" lon="-2.0067800">
        <name>Marshall Close</name>
      </trkpt>
      <trkpt lat="57.3200757" lon="-2.0066700">
        <name>Marshall Close</name>
      </trkpt>
      <trkpt lat="57.3200893" lon="-2.0065600">
        <name>Marshall Close</name>
      </trkpt>
      <trkpt lat="57.3201030" lon="-2.0064500">
        <name>Marshall Close</name>
      </trkpt>
      <trkpt lat="57.3201190" lon="-2.0063150">
        <name>Marshall Close</name>
      </trkpt>
      <trkpt lat="57.3201290" lon="-2.0063190">
        <name>Marshall Close</name>
      </trkpt>
      <trkpt lat="57.3202110" lon="-2.0063550">
        <name>Marshall Close</name>
      </trkpt>
      <trkpt lat="57.3202655" lon="-2.0063790">
        <name>Marshall Close</name>
      </trkpt>
      <trkpt lat="57.3203200" lon="-2.0064030">
        <name>Marshall Close</name>
      </trkpt>
      <trkpt lat="57.3203833" lon="-2.0064303">
        <name>Marshall Close</name>
      </trkpt>
      <trkpt lat="57.3204467" lon="-2.0064577">
        <name>Marshall Close</name>
      </trkpt>
      <trkpt lat="57.3205100" lon="-2.0064850">
        <name>Marshall Close</name>
      </trkpt>
      <trkpt lat="57.3205787" lon="-2.0065150">
        <name>Marshall Close</name>
      </trkpt>
      <trkpt lat="57.3206473" lon="-2.0065450">
        <name>Marshall Close</name>
      </trkpt>
      <trkpt lat="57.3207160" lon="-2.0065750">
        <name>Marshall Close</name>
      </trkpt>
      <trkpt lat="57.3207655" lon="-2.0065965">
        <name>Marshall Close</name>
      </trkpt>
      <trkpt lat="57.3208150" lon="-2.0066180">
        <name>Marshall Close</name>
      </trkpt>
      <trkpt lat="57.3207950" lon="-2.0067780">
        <name>Marshall Close</name>
      </trkpt>
      <trkpt lat="57.3207744" lon="-2.0069388">
        <name>Marshall Close</name>
      </trkpt>
      <trkpt lat="57.3207538" lon="-2.0070996">
        <name>Marshall Close</name>
      </trkpt>
      <trkpt lat="57.3207332" lon="-2.0072604">
        <name>Marshall Close</name>
      </trkpt>
      <trkpt lat="57.3207126" lon="-2.0074212">
        <name>Marshall Close</name>
      </trkpt>
      <trkpt lat="57.3206920" lon="-2.0075820">
        <name>Marshall Close</name>
      </trkpt>
      <trkpt lat="57.3206153" lon="-2.0075843">
        <name>Marshall Close</name>
      </trkpt>
      <trkpt lat="57.3205387" lon="-2.0075867">
        <name>Marshall Close</name>
      </trkpt>
      <trkpt lat="57.3204620" lon="-2.0075890">
        <name>Marshall Close</name>
      </trkpt>
      <trkpt lat="57.3203740" lon="-2.0075790">
        <name>Marshall Road</name>
      </trkpt>
      <trkpt lat="57.3202980" lon="-2.0075520">
        <name>Marshall Road</name>
      </trkpt>
      <trkpt lat="57.3202290" lon="-2.0075370">
        <name>Marshall Road</name>
      </trkpt>
      <trkpt lat="57.3202170" lon="-2.0075340">
        <name>Marshall Road</name>
      </trkpt>
      <trkpt lat="57.3201660" lon="-2.0075320">
        <name>Marshall Road</name>
      </trkpt>
      <trkpt lat="57.3201150" lon="-2.0075300">
        <name>Marshall Road</name>
      </trkpt>
      <trkpt lat="57.3200710" lon="-2.0075050">
        <name>Marshall Road</name>
      </trkpt>
      <trkpt lat="57.3200280" lon="-2.0074140">
        <name>Marshall Road</name>
      </trkpt>
      <trkpt lat="57.3200030" lon="-2.0073340">
        <name>Marshall Road</name>
      </trkpt>
      <trkpt lat="57.3199680" lon="-2.0072190">
        <name>Marshall Road</name>
      </trkpt>
      <trkpt lat="57.3199930" lon="-2.0071750">
        <name>Marshall Road</name>
      </trkpt>
      <trkpt lat="57.3200070" lon="-2.0071370">
        <name>Marshall Road</name>
      </trkpt>
      <trkpt lat="57.3200180" lon="-2.0071000">
        <name>Marshall Road</name>
      </trkpt>
      <trkpt lat="57.3200300" lon="-2.0070390">
        <name>Marshall Road</name>
      </trkpt>
      <trkpt lat="57.3200370" lon="-2.0069870">
        <name>Marshall Road</name>
      </trkpt>
      <trkpt lat="57.3200535" lon="-2.0068528">
        <name>Marshall Road</name>
      </trkpt>
      <trkpt lat="57.3200700" lon="-2.0067185">
        <name>Marshall Road</name>
      </trkpt>
      <trkpt lat="57.3200865" lon="-2.0065842">
        <name>Marshall Road</name>
      </trkpt>
      <trkpt lat="57.3201030" lon="-2.0064500">
        <name>Marshall Road</name>
      </trkpt>
      <trkpt lat="57.3201190" lon="-2.0063150">
        <name>Marshall Road</name>
      </trkpt>
      <trkpt lat="57.3200380" lon="-2.0062700">
        <name>Marshall Road</name>
      </trkpt>
      <trkpt lat="57.3200040" lon="-2.0062510">
        <name>Marshall Place</name>
      </trkpt>
      <trkpt lat="57.3199710" lon="-2.0062320">
        <name>Marshall Place</name>
      </trkpt>
      <trkpt lat="57.3198890" lon="-2.0061970">
        <name>Marshall Place</name>
      </trkpt>
      <trkpt lat="57.3198500" lon="-2.0061840">
        <name>Marshall Place</name>
      </trkpt>
      <trkpt lat="57.3198090" lon="-2.0061830">
        <name>Marshall Place</name>
      </trkpt>
      <trkpt lat="57.3197700" lon="-2.0062000">
        <name>Marshall Place</name>
      </trkpt>
      <trkpt lat="57.3197190" lon="-2.0062370">
        <name>Marshall Place</name>
      </trkpt>
      <trkpt lat="57.3196510" lon="-2.0063020">
        <name>Marshall Place</name>
      </trkpt>
      <trkpt lat="57.3196430" lon="-2.0062720">
        <name>Marshall Place</name>
      </trkpt>
      <trkpt lat="57.3196180" lon="-2.0061735">
        <name>Marshall Place</name>
      </trkpt>
      <trkpt lat="57.3195930" lon="-2.0060750">
        <name>Marshall Place</name>
      </trkpt>
      <trkpt lat="57.3195560" lon="-2.0059370">
        <name>Marshall Place</name>
      </trkpt>
      <trkpt lat="57.3195390" lon="-2.0058560">
        <name>Marshall Place</name>
      </trkpt>
      <trkpt lat="57.3195220" lon="-2.0057750">
        <name>Marshall Place</name>
      </trkpt>
      <trkpt lat="57.3195020" lon="-2.0056805">
        <name>Marshall Place</name>
      </trkpt>
      <trkpt lat="57.3194820" lon="-2.0055860">
        <name>Marshall Place</name>
      </trkpt>
      <trkpt lat="57.3194670" lon="-2.0055040">
        <name>Marshall Place</name>
      </trkpt>
      <trkpt lat="57.3194520" lon="-2.0054220">
        <name>Marshall Place</name>
      </trkpt>
      <trkpt lat="57.3194420" lon="-2.0053200">
        <name>Marshall Place</name>
      </trkpt>
      <trkpt lat="57.3194313" lon="-2.0052050">
        <name>Marshall Place</name>
      </trkpt>
      <trkpt lat="57.3194207" lon="-2.0050900">
        <name>Marshall Place</name>
      </trkpt>
      <trkpt lat="57.3194100" lon="-2.0049750">
        <name>Marshall Place</name>
      </trkpt>
      <trkpt lat="57.3194040" lon="-2.0048890">
        <name>Marshall Place</name>
      </trkpt>
      <trkpt lat="57.3194030" lon="-2.0048250">
        <name>Marshall Place</name>
      </trkpt>
      <trkpt lat="57.3194110" lon="-2.0047640">
        <name>Marshall Place</name>
      </trkpt>
      <trkpt lat="57.3194210" lon="-2.0046970">
        <name>Marshall Place</name>
      </trkpt>
      <trkpt lat="57.3194785" lon="-2.0047390">
        <name>Marshall Road</name>
      </trkpt>
      <trkpt lat="57.3195360" lon="-2.0047810">
        <name>Marshall Road</name>
      </trkpt>
      <trkpt lat="57.3196010" lon="-2.0048120">
        <name>Marshall Road</name>
      </trkpt>
      <trkpt lat="57.3196480" lon="-2.0048340">
        <name>Marshall Road</name>
      </trkpt>
      <trkpt lat="57.3197328" lon="-2.0048755">
        <name>Marshall Road</name>
      </trkpt>
      <trkpt lat="57.3198175" lon="-2.0049170">
        <name>Marshall Road</name>
      </trkpt>
      <trkpt lat="57.3199022" lon="-2.0049585">
        <name>Marshall Road</name>
      </trkpt>
      <trkpt lat="57.3199870" lon="-2.0050000">
        <name>Marshall Road</name>
      </trkpt>
      <trkpt lat="57.3200720" lon="-2.0050420">
        <name>Marshall Road</name>
      </trkpt>
      <trkpt lat="57.3201550" lon="-2.0050754">
        <name>Marshall Road</name>
      </trkpt>
      <trkpt lat="57.3202380" lon="-2.0051088">
        <name>Marshall Road</name>
      </trkpt>
      <trkpt lat="57.3203210" lon="-2.0051422">
        <name>Marshall Road</name>
      </trkpt>
      <trkpt lat="57.3204040" lon="-2.0051756">
        <name>Marshall Road</name>
      </trkpt>
      <trkpt lat="57.3204870" lon="-2.0052090">
        <name>Marshall Road</name>
      </trkpt>
      <trkpt lat="57.3205475" lon="-2.0052305">
        <name>Marshall Road</name>
      </trkpt>
      <trkpt lat="57.3206080" lon="-2.0052520">
        <name>Marshall Road</name>
      </trkpt>
      <trkpt lat="57.3206887" lon="-2.0052810">
        <name>Marshall Road</name>
      </trkpt>
      <trkpt lat="57.3207693" lon="-2.0053100">
        <name>Marshall Road</name>
      </trkpt>
      <trkpt lat="57.3208500" lon="-2.0053390">
        <name>Marshall Road</name>
      </trkpt>
      <trkpt lat="57.3209110" lon="-2.0053565">
        <name>Marshall Road</name>
      </trkpt>
      <trkpt lat="57.3209720" lon="-2.0053740">
        <name>Marshall Road</name>
      </trkpt>
      <trkpt lat="57.3209890" lon="-2.0053790">
        <name>Marshall Road</name>
      </trkpt>
      <trkpt lat="57.3210693" lon="-2.0054023">
        <name>Marshall Road</name>
      </trkpt>
      <trkpt lat="57.3211496" lon="-2.0054256">
        <name>Marshall Road</name>
      </trkpt>
      <trkpt lat="57.3212299" lon="-2.0054489">
        <name>Marshall Road</name>
      </trkpt>
      <trkpt lat="57.3213101" lon="-2.0054721">
        <name>Marshall Road</name>
      </trkpt>
      <trkpt lat="57.3213904" lon="-2.0054954">
        <name>Marshall Road</name>
      </trkpt>
      <trkpt lat="57.3214707" lon="-2.0055187">
        <name>Marshall Road</name>
      </trkpt>
      <trkpt lat="57.3215510" lon="-2.0055420">
        <name>Marshall Road</name>
      </trkpt>
      <trkpt lat="57.3216382" lon="-2.0055674">
        <name>Marshall Road</name>
      </trkpt>
      <trkpt lat="57.3217254" lon="-2.0055928">
        <name>Marshall Road</name>
      </trkpt>
      <trkpt lat="57.3218127" lon="-2.0056182">
        <name>Marshall Road</name>
      </trkpt>
      <trkpt lat="57.3218999" lon="-2.0056436">
        <name>Marshall Road</name>
      </trkpt>
      <trkpt lat="57.3219871" lon="-2.0056689">
        <name>Marshall Road</name>
      </trkpt>
      <trkpt lat="57.3220743" lon="-2.0056943">
        <name>Marshall Road</name>
      </trkpt>
      <trkpt lat="57.3221616" lon="-2.0057197">
        <name>Marshall Road</name>
      </trkpt>
      <trkpt lat="57.3222488" lon="-2.0057451">
        <name>Marshall Road</name>
      </trkpt>
      <trkpt lat="57.3223360" lon="-2.0057705">
        <name>Marshall Road</name>
      </trkpt>
      <trkpt lat="57.3224232" lon="-2.0057959">
        <name>Marshall Road</name>
      </trkpt>
      <trkpt lat="57.3225104" lon="-2.0058213">
        <name>Marshall Road</name>
      </trkpt>
      <trkpt lat="57.3225977" lon="-2.0058467">
        <name>Marshall Road</name>
      </trkpt>
      <trkpt lat="57.3226849" lon="-2.0058721">
        <name>Marshall Road</name>
      </trkpt>
      <trkpt lat="57.3227721" lon="-2.0058974">
        <name>Marshall Road</name>
      </trkpt>
      <trkpt lat="57.3228593" lon="-2.0059228">
        <name>Marshall Road</name>
      </trkpt>
      <trkpt lat="57.3229466" lon="-2.0059482">
        <name>Marshall Road</name>
      </trkpt>
      <trkpt lat="57.3230338" lon="-2.0059736">
        <name>Marshall Road</name>
      </trkpt>
      <trkpt lat="57.3231210" lon="-2.0059990">
        <name>Marshall Road</name>
      </trkpt>
      <trkpt lat="57.3231988" lon="-2.0060185">
        <name>Marshall Road</name>
      </trkpt>
      <trkpt lat="57.3232765" lon="-2.0060380">
        <name>Marshall Road</name>
      </trkpt>
      <trkpt lat="57.3233542" lon="-2.0060575">
        <name>Marshall Road</name>
      </trkpt>
      <trkpt lat="57.3234320" lon="-2.0060770">
        <name>Marshall Road</name>
      </trkpt>
      <trkpt lat="57.3235149" lon="-2.0060883">
        <name>Marshall Road</name>
      </trkpt>
      <trkpt lat="57.3235978" lon="-2.0060997">
        <name>Marshall Road</name>
      </trkpt>
      <trkpt lat="57.3236807" lon="-2.0061110">
        <name>Marshall Road</name>
      </trkpt>
      <trkpt lat="57.3237636" lon="-2.0061223">
        <name>Marshall Road</name>
      </trkpt>
      <trkpt lat="57.3238464" lon="-2.0061337">
        <name>Marshall Road</name>
      </trkpt>
      <trkpt lat="57.3239293" lon="-2.0061450">
        <name>Marshall Road</name>
      </trkpt>
      <trkpt lat="57.3240122" lon="-2.0061563">
        <name>Marshall Road</name>
      </trkpt>
      <trkpt lat="57.3240951" lon="-2.0061677">
        <name>Marshall Road</name>
      </trkpt>
      <trkpt lat="57.3241780" lon="-2.0061790">
        <name>Marshall Road</name>
      </trkpt>
      <trkpt lat="57.3242593" lon="-2.0062053">
        <name>Marshall Road</name>
      </trkpt>
      <trkpt lat="57.3243407" lon="-2.0062317">
        <name>Marshall Road</name>
      </trkpt>
      <trkpt lat="57.3244220" lon="-2.0062580">
        <name>Marshall Road</name>
      </trkpt>
      <trkpt lat="57.3245010" lon="-2.0062950">
        <name>Marshall Road</name>
      </trkpt>
      <trkpt lat="57.3245800" lon="-2.0063320">
        <name>Marshall Road</name>
      </trkpt>
      <trkpt lat="57.3246590" lon="-2.0063690">
        <name>Marshall Road</name>
      </trkpt>
      <trkpt lat="57.3247360" lon="-2.0064165">
        <name>Marshall Road</name>
      </trkpt>
      <trkpt lat="57.3248130" lon="-2.0064640">
        <name>Marshall Road</name>
      </trkpt>
      <trkpt lat="57.3249010" lon="-2.0064970">
        <name>Marshall Road</name>
      </trkpt>
      <trkpt lat="57.3249890" lon="-2.0065300">
        <name>Marshall Road</name>
      </trkpt>
      <trkpt lat="57.3250717" lon="-2.0065586">
        <name>Marshall Road</name>
      </trkpt>
      <trkpt lat="57.3251544" lon="-2.0065871">
        <name>Marshall Road</name>
      </trkpt>
      <trkpt lat="57.3252371" lon="-2.0066157">
        <name>Marshall Road</name>
      </trkpt>
      <trkpt lat="57.3253199" lon="-2.0066443">
        <name>Marshall Road</name>
      </trkpt>
      <trkpt lat="57.3254026" lon="-2.0066729">
        <name>Marshall Road</name>
      </trkpt>
      <trkpt lat="57.3254853" lon="-2.0067014">
        <name>Marshall Road</name>
      </trkpt>
      <trkpt lat="57.3255680" lon="-2.0067300">
        <name>Marshall Road</name>
      </trkpt>
      <trkpt lat="57.3256507" lon="-2.0067586">
        <name>Marshall Road</name>
      </trkpt>
      <trkpt lat="57.3257334" lon="-2.0067871">
        <name>Marshall Road</name>
      </trkpt>
      <trkpt lat="57.3258161" lon="-2.0068157">
        <name>Marshall Road</name>
      </trkpt>
      <trkpt lat="57.3258989" lon="-2.0068443">
        <name>Marshall Road</name>
      </trkpt>
      <trkpt lat="57.3259816" lon="-2.0068729">
        <name>Marshall Road</name>
      </trkpt>
      <trkpt lat="57.3260643" lon="-2.0069014">
        <name>Marshall Road</name>
      </trkpt>
      <trkpt lat="57.3261470" lon="-2.0069300">
        <name>Marshall Road</name>
      </trkpt>
      <trkpt lat="57.3262297" lon="-2.0069635">
        <name>Marshall Road</name>
      </trkpt>
      <trkpt lat="57.3263125" lon="-2.0069970">
        <name>Marshall Road</name>
      </trkpt>
      <trkpt lat="57.3263953" lon="-2.0070305">
        <name>Marshall Road</name>
      </trkpt>
      <trkpt lat="57.3264780" lon="-2.0070640">
        <name>Marshall Road</name>
      </trkpt>
      <trkpt lat="57.3265560" lon="-2.0071210">
        <name>Marshall Road</name>
      </trkpt>
      <trkpt lat="57.3266040" lon="-2.0071620">
        <name>Marshall Road</name>
      </trkpt>
      <trkpt lat="57.3266400" lon="-2.0071930">
        <name>Marshall Road</name>
      </trkpt>
      <trkpt lat="57.3266835" lon="-2.0072350">
        <name>Marshall Road</name>
      </trkpt>
      <trkpt lat="57.3267270" lon="-2.0072770">
        <name>Marshall Road</name>
      </trkpt>
      <trkpt lat="57.3267865" lon="-2.0073718">
        <name>Marshall Road</name>
      </trkpt>
      <trkpt lat="57.3268460" lon="-2.0074667">
        <name>Marshall Road</name>
      </trkpt>
      <trkpt lat="57.3269055" lon="-2.0075615">
        <name>Marshall Road</name>
      </trkpt>
      <trkpt lat="57.3269650" lon="-2.0076563">
        <name>Marshall Road</name>
      </trkpt>
      <trkpt lat="57.3270245" lon="-2.0077512">
        <name>Marshall Road</name>
      </trkpt>
      <trkpt lat="57.3270840" lon="-2.0078460">
        <name>Marshall Road</name>
      </trkpt>
      <trkpt lat="57.3271462" lon="-2.0079582">
        <name>Marshall Road</name>
      </trkpt>
      <trkpt lat="57.3272083" lon="-2.0080703">
        <name>Marshall Road</name>
      </trkpt>
      <trkpt lat="57.3272705" lon="-2.0081825">
        <name>Marshall Road</name>
      </trkpt>
      <trkpt lat="57.3273327" lon="-2.0082947">
        <name>Marshall Road</name>
      </trkpt>
      <trkpt lat="57.3273948" lon="-2.0084068">
        <name>Marshall Road</name>
      </trkpt>
      <trkpt lat="57.3274570" lon="-2.0085190">
        <name>Marshall Road</name>
      </trkpt>
      <trkpt lat="57.3275129" lon="-2.0086239">
        <name>Marshall Road</name>
      </trkpt>
      <trkpt lat="57.3275687" lon="-2.0087287">
        <name>Marshall Road</name>
      </trkpt>
      <trkpt lat="57.3276246" lon="-2.0088336">
        <name>Marshall Road</name>
      </trkpt>
      <trkpt lat="57.3276804" lon="-2.0089384">
        <name>Marshall Road</name>
      </trkpt>
      <trkpt lat="57.3277363" lon="-2.0090433">
        <name>Marshall Road</name>
      </trkpt>
      <trkpt lat="57.3277921" lon="-2.0091481">
        <name>Marshall Road</name>
      </trkpt>
      <trkpt lat="57.3278480" lon="-2.0092530">
        <name>Marshall Road</name>
      </trkpt>
      <trkpt lat="57.3279028" lon="-2.0093555">
        <name>Marshall Road</name>
      </trkpt>
      <trkpt lat="57.3279577" lon="-2.0094580">
        <name>Marshall Road</name>
      </trkpt>
      <trkpt lat="57.3280125" lon="-2.0095605">
        <name>Marshall Road</name>
      </trkpt>
      <trkpt lat="57.3280673" lon="-2.0096630">
        <name>Marshall Road</name>
      </trkpt>
      <trkpt lat="57.3281222" lon="-2.0097655">
        <name>Marshall Road</name>
      </trkpt>
      <trkpt lat="57.3281770" lon="-2.0098680">
        <name>Marshall Road</name>
      </trkpt>
      <trkpt lat="57.3282145" lon="-2.0099385">
        <name>Marshall Road</name>
      </trkpt>
      <trkpt lat="57.3282520" lon="-2.0100090">
        <name>Marshall Road</name>
      </trkpt>
      <trkpt lat="57.3283112" lon="-2.0101208">
        <name>Marshall Road</name>
      </trkpt>
      <trkpt lat="57.3283705" lon="-2.0102325">
        <name>Marshall Road</name>
      </trkpt>
      <trkpt lat="57.3284297" lon="-2.0103443">
        <name>Marshall Road</name>
      </trkpt>
      <trkpt lat="57.3284890" lon="-2.0104560">
        <name>Marshall Road</name>
      </trkpt>
      <trkpt lat="57.3285474" lon="-2.0105666">
        <name>Marshall Road</name>
      </trkpt>
      <trkpt lat="57.3286059" lon="-2.0106771">
        <name>Marshall Road</name>
      </trkpt>
      <trkpt lat="57.3286643" lon="-2.0107877">
        <name>Marshall Road</name>
      </trkpt>
      <trkpt lat="57.3287227" lon="-2.0108983">
        <name>Marshall Road</name>
      </trkpt>
      <trkpt lat="57.3287811" lon="-2.0110089">
        <name>Marshall Road</name>
      </trkpt>
      <trkpt lat="57.3288396" lon="-2.0111194">
        <name>Marshall Road</name>
      </trkpt>
      <trkpt lat="57.3288980" lon="-2.0112300">
        <name>Marshall Road</name>
      </trkpt>
      <trkpt lat="57.3289200" lon="-2.0112890">
        <name>School Road</name>
      </trkpt>
      <trkpt lat="57.3289330" lon="-2.0113920">
        <name>School Road</name>
      </trkpt>
      <trkpt lat="57.3289120" lon="-2.0114640">
        <name>School Road</name>
      </trkpt>
      <trkpt lat="57.3288820" lon="-2.0115230">
        <name>School Road</name>
      </trkpt>
      <trkpt lat="57.3288420" lon="-2.0115980">
        <name>School Road</name>
      </trkpt>
      <trkpt lat="57.3288020" lon="-2.0116730">
        <name>School Road</name>
      </trkpt>
      <trkpt lat="57.3287605" lon="-2.0117410">
        <name>School Road</name>
      </trkpt>
      <trkpt lat="57.3287190" lon="-2.0118090">
        <name>School Road</name>
      </trkpt>
      <trkpt lat="57.3286880" lon="-2.0118920">
        <name>School Road</name>
      </trkpt>
      <trkpt lat="57.3286920" lon="-2.0120140">
        <name>School Road</name>
      </trkpt>
      <trkpt lat="57.3287452" lon="-2.0120925">
        <name>School Road</name>
      </trkpt>
      <trkpt lat="57.3287985" lon="-2.0121710">
        <name>School Road</name>
      </trkpt>
      <trkpt lat="57.3288517" lon="-2.0122495">
        <name>School Road</name>
      </trkpt>
      <trkpt lat="57.3289050" lon="-2.0123280">
        <name>School Road</name>
      </trkpt>
      <trkpt lat="57.3288517" lon="-2.0122495">
        <name>School Road</name>
      </trkpt>
      <trkpt lat="57.3287985" lon="-2.0121710">
        <name>School Road</name>
      </trkpt>
      <trkpt lat="57.3287452" lon="-2.0120925">
        <name>School Road</name>
      </trkpt>
      <trkpt lat="57.3286920" lon="-2.0120140">
        <name>School Road</name>
      </trkpt>
      <trkpt lat="57.3286880" lon="-2.0118920">
        <name>School Road</name>
      </trkpt>
      <trkpt lat="57.3287190" lon="-2.0118090">
        <name>School Road</name>
      </trkpt>
      <trkpt lat="57.3287605" lon="-2.0117410">
        <name>School Road</name>
      </trkpt>
      <trkpt lat="57.3288020" lon="-2.0116730">
        <name>School Road</name>
      </trkpt>
      <trkpt lat="57.3288420" lon="-2.0115980">
        <name>School Road</name>
      </trkpt>
      <trkpt lat="57.3288820" lon="-2.0115230">
        <name>School Road</name>
      </trkpt>
      <trkpt lat="57.3289120" lon="-2.0114640">
        <name>School Road</name>
      </trkpt>
      <trkpt lat="57.3289330" lon="-2.0113920">
        <name>School Road</name>
      </trkpt>
      <trkpt lat="57.3289200" lon="-2.0112890">
        <name>School Road</name>
      </trkpt>
      <trkpt lat="57.3288980" lon="-2.0112300">
        <name>School Road</name>
      </trkpt>
      <trkpt lat="57.3288396" lon="-2.0111194">
        <name>School Road</name>
      </trkpt>
      <trkpt lat="57.3287811" lon="-2.0110089">
        <name>School Road</name>
      </trkpt>
      <trkpt lat="57.3287227" lon="-2.0108983">
        <name>School Road</name>
      </trkpt>
      <trkpt lat="57.3286643" lon="-2.0107877">
        <name>School Road</name>
      </trkpt>
      <trkpt lat="57.3286059" lon="-2.0106771">
        <name>School Road</name>
      </trkpt>
      <trkpt lat="57.3285474" lon="-2.0105666">
        <name>School Road</name>
      </trkpt>
      <trkpt lat="57.3284890" lon="-2.0104560">
        <name>School Road</name>
      </trkpt>
      <trkpt lat="57.3284297" lon="-2.0103443">
        <name>School Road</name>
      </trkpt>
      <trkpt lat="57.3283705" lon="-2.0102325">
        <name>School Road</name>
      </trkpt>
      <trkpt lat="57.3283112" lon="-2.0101208">
        <name>School Road</name>
      </trkpt>
      <trkpt lat="57.3282520" lon="-2.0100090">
        <name>School Road</name>
      </trkpt>
      <trkpt lat="57.3282145" lon="-2.0099385">
        <name>St Clair Way</name>
      </trkpt>
      <trkpt lat="57.3281770" lon="-2.0098680">
        <name>St Clair Way</name>
      </trkpt>
      <trkpt lat="57.3281222" lon="-2.0097655">
        <name>St Clair Way</name>
      </trkpt>
      <trkpt lat="57.3280673" lon="-2.0096630">
        <name>St Clair Way</name>
      </trkpt>
      <trkpt lat="57.3280125" lon="-2.0095605">
        <name>St Clair Way</name>
      </trkpt>
      <trkpt lat="57.3279577" lon="-2.0094580">
        <name>St Clair Way</name>
      </trkpt>
      <trkpt lat="57.3279028" lon="-2.0093555">
        <name>St Clair Way</name>
      </trkpt>
      <trkpt lat="57.3278480" lon="-2.0092530">
        <name>St Clair Way</name>
      </trkpt>
      <trkpt lat="57.3277921" lon="-2.0091481">
        <name>St Clair Way</name>
      </trkpt>
      <trkpt lat="57.3277363" lon="-2.0090433">
        <name>St Clair Way</name>
      </trkpt>
      <trkpt lat="57.3276804" lon="-2.0089384">
        <name>St Clair Way</name>
      </trkpt>
      <trkpt lat="57.3276246" lon="-2.0088336">
        <name>St Clair Way</name>
      </trkpt>
      <trkpt lat="57.3275687" lon="-2.0087287">
        <name>St Clair Way</name>
      </trkpt>
      <trkpt lat="57.3275129" lon="-2.0086239">
        <name>St Clair Way</name>
      </trkpt>
      <trkpt lat="57.3274570" lon="-2.0085190">
        <name>St Clair Way</name>
      </trkpt>
      <trkpt lat="57.3273948" lon="-2.0084068">
        <name>St Clair Way</name>
      </trkpt>
      <trkpt lat="57.3273327" lon="-2.0082947">
        <name>St Clair Way</name>
      </trkpt>
      <trkpt lat="57.3272705" lon="-2.0081825">
        <name>St Clair Way</name>
      </trkpt>
      <trkpt lat="57.3272083" lon="-2.0080703">
        <name>St Clair Way</name>
      </trkpt>
      <trkpt lat="57.3271462" lon="-2.0079582">
        <name>St Clair Way</name>
      </trkpt>
      <trkpt lat="57.3270840" lon="-2.0078460">
        <name>St Clair Way</name>
      </trkpt>
      <trkpt lat="57.3270245" lon="-2.0077512">
        <name>St Clair Way</name>
      </trkpt>
      <trkpt lat="57.3269650" lon="-2.0076563">
        <name>St Clair Way</name>
      </trkpt>
      <trkpt lat="57.3269055" lon="-2.0075615">
        <name>St Clair Way</name>
      </trkpt>
      <trkpt lat="57.3268460" lon="-2.0074667">
        <name>St Clair Way</name>
      </trkpt>
      <trkpt lat="57.3267865" lon="-2.0073718">
        <name>St Clair Way</name>
      </trkpt>
      <trkpt lat="57.3267270" lon="-2.0072770">
        <name>St Clair Way</name>
      </trkpt>
      <trkpt lat="57.3266835" lon="-2.0072350">
        <name>St Clair Way</name>
      </trkpt>
      <trkpt lat="57.3266400" lon="-2.0071930">
        <name>St Clair Way</name>
      </trkpt>
      <trkpt lat="57.3266040" lon="-2.0071620">
        <name>St Clair Way</name>
      </trkpt>
      <trkpt lat="57.3265560" lon="-2.0071210">
        <name>St Clair Gardens</name>
      </trkpt>
      <trkpt lat="57.3264780" lon="-2.0070640">
        <name>St Clair Gardens</name>
      </trkpt>
      <trkpt lat="57.3263953" lon="-2.0070305">
        <name>St Clair Gardens</name>
      </trkpt>
      <trkpt lat="57.3263125" lon="-2.0069970">
        <name>St Clair Gardens</name>
      </trkpt>
      <trkpt lat="57.3262297" lon="-2.0069635">
        <name>St Clair Gardens</name>
      </trkpt>
      <trkpt lat="57.3261470" lon="-2.0069300">
        <name>St Clair Gardens</name>
      </trkpt>
      <trkpt lat="57.3260643" lon="-2.0069014">
        <name>St Clair Gardens</name>
      </trkpt>
      <trkpt lat="57.3259816" lon="-2.0068729">
        <name>St Clair Gardens</name>
      </trkpt>
      <trkpt lat="57.3258989" lon="-2.0068443">
        <name>St Clair Gardens</name>
      </trkpt>
      <trkpt lat="57.3258161" lon="-2.0068157">
        <name>St Clair Gardens</name>
      </trkpt>
      <trkpt lat="57.3257334" lon="-2.0067871">
        <name>St Clair Gardens</name>
      </trkpt>
      <trkpt lat="57.3256507" lon="-2.0067586">
        <name>St Clair Gardens</name>
      </trkpt>
      <trkpt lat="57.3255680" lon="-2.0067300">
        <name>St Clair Gardens</name>
      </trkpt>
      <trkpt lat="57.3254853" lon="-2.0067014">
        <name>St Clair Gardens</name>
      </trkpt>
      <trkpt lat="57.3254026" lon="-2.0066729">
        <name>St Clair Gardens</name>
      </trkpt>
      <trkpt lat="57.3253199" lon="-2.0066443">
        <name>St Clair Gardens</name>
      </trkpt>
      <trkpt lat="57.3252371" lon="-2.0066157">
        <name>St Clair Gardens</name>
      </trkpt>
      <trkpt lat="57.3251544" lon="-2.0065871">
        <name>St Clair Gardens</name>
      </trkpt>
      <trkpt lat="57.3250717" lon="-2.0065586">
        <name>St Clair Gardens</name>
      </trkpt>
      <trkpt lat="57.3249890" lon="-2.0065300">
        <name>St Clair Gardens</name>
      </trkpt>
      <trkpt lat="57.3249010" lon="-2.0064970">
        <name>St Clair Gardens</name>
      </trkpt>
      <trkpt lat="57.3248130" lon="-2.0064640">
        <name>St Clair Gardens</name>
      </trkpt>
      <trkpt lat="57.3247360" lon="-2.0064165">
        <name>St Clair Gardens</name>
      </trkpt>
      <trkpt lat="57.3246590" lon="-2.0063690">
        <name>St Clair Gardens</name>
      </trkpt>
      <trkpt lat="57.3245800" lon="-2.0063320">
        <name>St Clair Gardens</name>
      </trkpt>
      <trkpt lat="57.3245010" lon="-2.0062950">
        <name>St Clair Gardens</name>
      </trkpt>
      <trkpt lat="57.3244220" lon="-2.0062580">
        <name>St Clair Gardens</name>
      </trkpt>
      <trkpt lat="57.3243407" lon="-2.0062317">
        <name>St Clair Gardens</name>
      </trkpt>
      <trkpt lat="57.3242593" lon="-2.0062053">
        <name>St Clair Gardens</name>
      </trkpt>
      <trkpt lat="57.3241780" lon="-2.0061790">
        <name>St Clair Gardens</name>
      </trkpt>
      <trkpt lat="57.3240951" lon="-2.0061677">
        <name>St Clair Gardens</name>
      </trkpt>
      <trkpt lat="57.3240122" lon="-2.0061563">
        <name>St Clair Gardens</name>
      </trkpt>
      <trkpt lat="57.3239293" lon="-2.0061450">
        <name>St Clair Gardens</name>
      </trkpt>
      <trkpt lat="57.3238464" lon="-2.0061337">
        <name>St Clair Gardens</name>
      </trkpt>
      <trkpt lat="57.3237636" lon="-2.0061223">
        <name>St Clair Gardens</name>
      </trkpt>
      <trkpt lat="57.3236807" lon="-2.0061110">
        <name>St Clair Gardens</name>
      </trkpt>
      <trkpt lat="57.3235978" lon="-2.0060997">
        <name>St Clair Gardens</name>
      </trkpt>
      <trkpt lat="57.3235149" lon="-2.0060883">
        <name>St Clair Gardens</name>
      </trkpt>
      <trkpt lat="57.3234320" lon="-2.0060770">
        <name>St Clair Gardens</name>
      </trkpt>
      <trkpt lat="57.3233542" lon="-2.0060575">
        <name>St Clair Gardens</name>
      </trkpt>
      <trkpt lat="57.3232765" lon="-2.0060380">
        <name>St Clair Gardens</name>
      </trkpt>
      <trkpt lat="57.3231988" lon="-2.0060185">
        <name>St Clair Gardens</name>
      </trkpt>
      <trkpt lat="57.3231210" lon="-2.0059990">
        <name>St Clair Gardens</name>
      </trkpt>
      <trkpt lat="57.3230338" lon="-2.0059736">
        <name>St Clair Gardens</name>
      </trkpt>
      <trkpt lat="57.3229466" lon="-2.0059482">
        <name>St Clair Gardens</name>
      </trkpt>
      <trkpt lat="57.3228593" lon="-2.0059228">
        <name>St Clair Gardens</name>
      </trkpt>
      <trkpt lat="57.3227721" lon="-2.0058974">
        <name>St Clair Gardens</name>
      </trkpt>
      <trkpt lat="57.3226849" lon="-2.0058721">
        <name>St Clair Gardens</name>
      </trkpt>
      <trkpt lat="57.3225977" lon="-2.0058467">
        <name>St Clair Gardens</name>
      </trkpt>
      <trkpt lat="57.3225104" lon="-2.0058213">
        <name>St Clair Gardens</name>
      </trkpt>
      <trkpt lat="57.3224232" lon="-2.0057959">
        <name>St Clair Gardens</name>
      </trkpt>
      <trkpt lat="57.3223360" lon="-2.0057705">
        <name>St Clair Gardens</name>
      </trkpt>
      <trkpt lat="57.3222488" lon="-2.0057451">
        <name>St Clair Gardens</name>
      </trkpt>
      <trkpt lat="57.3221616" lon="-2.0057197">
        <name>St Clair Gardens</name>
      </trkpt>
      <trkpt lat="57.3220743" lon="-2.0056943">
        <name>St Clair Gardens</name>
      </trkpt>
      <trkpt lat="57.3219871" lon="-2.0056689">
        <name>St Clair Gardens</name>
      </trkpt>
      <trkpt lat="57.3218999" lon="-2.0056436">
        <name>St Clair Gardens</name>
      </trkpt>
      <trkpt lat="57.3218127" lon="-2.0056182">
        <name>St Clair Gardens</name>
      </trkpt>
      <trkpt lat="57.3217254" lon="-2.0055928">
        <name>St Clair Gardens</name>
      </trkpt>
      <trkpt lat="57.3216382" lon="-2.0055674">
        <name>St Clair Gardens</name>
      </trkpt>
      <trkpt lat="57.3215510" lon="-2.0055420">
        <name>St Clair Gardens</name>
      </trkpt>
      <trkpt lat="57.3214850" lon="-2.0055230">
        <name>St Clair Gardens</name>
      </trkpt>
      <trkpt lat="57.3214190" lon="-2.0055040">
        <name>St Clair Gardens</name>
      </trkpt>
      <trkpt lat="57.3213530" lon="-2.0054850">
        <name>St Clair Gardens</name>
      </trkpt>
      <trkpt lat="57.3212768" lon="-2.0054628">
        <name>St Clair Gardens</name>
      </trkpt>
      <trkpt lat="57.3212006" lon="-2.0054406">
        <name>St Clair Gardens</name>
      </trkpt>
      <trkpt lat="57.3211244" lon="-2.0054184">
        <name>St Clair Gardens</name>
      </trkpt>
      <trkpt lat="57.3210482" lon="-2.0053962">
        <name>St Clair Gardens</name>
      </trkpt>
      <trkpt lat="57.3209720" lon="-2.0053740">
        <name>St Clair Gardens</name>
      </trkpt>
      <trkpt lat="57.3209110" lon="-2.0053565">
        <name>St Clair Gardens</name>
      </trkpt>
      <trkpt lat="57.3208500" lon="-2.0053390">
        <name>St Clair Gardens</name>
      </trkpt>
      <trkpt lat="57.3208190" lon="-2.0053280">
        <name>St Clair Way</name>
      </trkpt>
      <trkpt lat="57.3207360" lon="-2.0052983">
        <name>St Clair Way</name>
      </trkpt>
      <trkpt lat="57.3206530" lon="-2.0052685">
        <name>St Clair Way</name>
      </trkpt>
      <trkpt lat="57.3205700" lon="-2.0052387">
        <name>St Clair Way</name>
      </trkpt>
      <trkpt lat="57.3204870" lon="-2.0052090">
        <name>St Clair Way</name>
      </trkpt>
      <trkpt lat="57.3204125" lon="-2.0051790">
        <name>St Clair Way</name>
      </trkpt>
      <trkpt lat="57.3203380" lon="-2.0051490">
        <name>St Clair Way</name>
      </trkpt>
      <trkpt lat="57.3202715" lon="-2.0051222">
        <name>St Clair Way</name>
      </trkpt>
      <trkpt lat="57.3202050" lon="-2.0050955">
        <name>St Clair Way</name>
      </trkpt>
      <trkpt lat="57.3201385" lon="-2.0050687">
        <name>St Clair Way</name>
      </trkpt>
      <trkpt lat="57.3200720" lon="-2.0050420">
        <name>St Clair Way</name>
      </trkpt>
      <trkpt lat="57.3199960" lon="-2.0050047">
        <name>St Clair Way</name>
      </trkpt>
      <trkpt lat="57.3199200" lon="-2.0049675">
        <name>St Clair Way</name>
      </trkpt>
      <trkpt lat="57.3198440" lon="-2.0049303">
        <name>St Clair Way</name>
      </trkpt>
      <trkpt lat="57.3197680" lon="-2.0048930">
        <name>St Clair Way</name>
      </trkpt>
      <trkpt lat="57.3197080" lon="-2.0048635">
        <name>St Clair Way</name>
      </trkpt>
      <trkpt lat="57.3196480" lon="-2.0048340">
        <name>St Clair Way</name>
      </trkpt>
      <trkpt lat="57.3195920" lon="-2.0048075">
        <name>St Clair Way</name>
      </trkpt>
      <trkpt lat="57.3195360" lon="-2.0047810">
        <name>St Clair Way</name>
      </trkpt>
      <trkpt lat="57.3194785" lon="-2.0047390">
        <name>St Clair Way</name>
      </trkpt>
      <trkpt lat="57.3194210" lon="-2.0046970">
        <name>St Clair Way</name>
      </trkpt>
      <trkpt lat="57.3193580" lon="-2.0046237">
        <name>St Clair Way</name>
      </trkpt>
      <trkpt lat="57.3192950" lon="-2.0045503">
        <name>St Clair Way</name>
      </trkpt>
      <trkpt lat="57.3192320" lon="-2.0044770">
        <name>St Clair Way</name>
      </trkpt>
      <trkpt lat="57.3191740" lon="-2.0043973">
        <name>St Clair Way</name>
      </trkpt>
      <trkpt lat="57.3191160" lon="-2.0043177">
        <name>St Clair Way</name>
      </trkpt>
      <trkpt lat="57.3190580" lon="-2.0042380">
        <name>St Clair Way</name>
      </trkpt>
      <trkpt lat="57.3189850" lon="-2.0041697">
        <name>St Clair Way</name>
      </trkpt>
      <trkpt lat="57.3189120" lon="-2.0041013">
        <name>St Clair Way</name>
      </trkpt>
      <trkpt lat="57.3188390" lon="-2.0040330">
        <name>St Clair Way</name>
      </trkpt>
      <trkpt lat="57.3187685" lon="-2.0039665">
        <name>St Clair Way</name>
      </trkpt>
      <trkpt lat="57.3186980" lon="-2.0039000">
        <name>St Clair Way</name>
      </trkpt>
      <trkpt lat="57.3186545" lon="-2.0038570">
        <name>St Clair Way</name>
      </trkpt>
      <trkpt lat="57.3186110" lon="-2.0038140">
        <name>St Clair Way</name>
      </trkpt>
      <trkpt lat="57.3185720" lon="-2.0037495">
        <name>St Clair Wynd</name>
      </trkpt>
      <trkpt lat="57.3185330" lon="-2.0036850">
        <name>St Clair Wynd</name>
      </trkpt>
      <trkpt lat="57.3184960" lon="-2.0036140">
        <name>St Clair Wynd</name>
      </trkpt>
      <trkpt lat="57.3184590" lon="-2.0035430">
        <name>St Clair Wynd</name>
      </trkpt>
      <trkpt lat="57.3184260" lon="-2.0033980">
        <name>St Clair Wynd</name>
      </trkpt>
      <trkpt lat="57.3184030" lon="-2.0033330">
        <name>St Clair Wynd</name>
      </trkpt>
      <trkpt lat="57.3183295" lon="-2.0033470">
        <name>St Clair Wynd</name>
      </trkpt>
      <trkpt lat="57.3182560" lon="-2.0033610">
        <name>St Clair Wynd</name>
      </trkpt>
      <trkpt lat="57.3181710" lon="-2.0033700">
        <name>St Clair Wynd</name>
      </trkpt>
      <trkpt lat="57.3180860" lon="-2.0033790">
        <name>St Clair Wynd</name>
      </trkpt>
      <trkpt lat="57.3179995" lon="-2.0033795">
        <name>St Clair Wynd</name>
      </trkpt>
      <trkpt lat="57.3179130" lon="-2.0033800">
        <name>St Clair Wynd</name>
      </trkpt>
      <trkpt lat="57.3178305" lon="-2.0033730">
        <name>St Clair Wynd</name>
      </trkpt>
      <trkpt lat="57.3177480" lon="-2.0033660">
        <name>St Clair Wynd</name>
      </trkpt>
      <trkpt lat="57.3176655" lon="-2.0033590">
        <name>St Clair Wynd</name>
      </trkpt>
      <trkpt lat="57.3175830" lon="-2.0033520">
        <name>St Clair Wynd</name>
      </trkpt>
      <trkpt lat="57.3175005" lon="-2.0033450">
        <name>St Clair Wynd</name>
      </trkpt>
      <trkpt lat="57.3174180" lon="-2.0033380">
        <name>St Clair Wynd</name>
      </trkpt>
      <trkpt lat="57.3173355" lon="-2.0033310">
        <name>St Clair Wynd</name>
      </trkpt>
      <trkpt lat="57.3172530" lon="-2.0033240">
        <name>St Clair Wynd</name>
      </trkpt>
      <trkpt lat="57.3171705" lon="-2.0033170">
        <name>St Clair Wynd</name>
      </trkpt>
      <trkpt lat="57.3170880" lon="-2.0033100">
        <name>St Clair Wynd</name>
      </trkpt>
      <trkpt lat="57.3170845" lon="-2.0034720">
        <name>St Clair Wynd</name>
      </trkpt>
      <trkpt lat="57.3170810" lon="-2.0036340">
        <name>St Clair Wynd</name>
      </trkpt>
      <trkpt lat="57.3170775" lon="-2.0037960">
        <name>St Clair Wynd</name>
      </trkpt>
      <trkpt lat="57.3170740" lon="-2.0039580">
        <name>St Clair Wynd</name>
      </trkpt>
      <trkpt lat="57.3170705" lon="-2.0041200">
        <name>St Clair Wynd</name>
      </trkpt>
      <trkpt lat="57.3170670" lon="-2.0042820">
        <name>St Clair Wynd</name>
      </trkpt>
      <trkpt lat="57.3170650" lon="-2.0044310">
        <name>St Clair Wynd</name>
      </trkpt>
      <trkpt lat="57.3170630" lon="-2.0045800">
        <name>St Clair Wynd</name>
      </trkpt>
      <trkpt lat="57.3171447" lon="-2.0045733">
        <name>St Clair Wynd</name>
      </trkpt>
      <trkpt lat="57.3172263" lon="-2.0045667">
        <name>St Clair Wynd</name>
      </trkpt>
      <trkpt lat="57.3173080" lon="-2.0045600">
        <name>St Clair Wynd</name>
      </trkpt>
      <trkpt lat="57.3173922" lon="-2.0045505">
        <name>St Clair Wynd</name>
      </trkpt>
      <trkpt lat="57.3174765" lon="-2.0045410">
        <name>St Clair Wynd</name>
      </trkpt>
      <trkpt lat="57.3175607" lon="-2.0045315">
        <name>St Clair Wynd</name>
      </trkpt>
      <trkpt lat="57.3176450" lon="-2.0045220">
        <name>St Clair Wynd</name>
      </trkpt>
      <trkpt lat="57.3177292" lon="-2.0045125">
        <name>St Clair Wynd</name>
      </trkpt>
      <trkpt lat="57.3178135" lon="-2.0045030">
        <name>St Clair Wynd</name>
      </trkpt>
      <trkpt lat="57.3178978" lon="-2.0044935">
        <name>St Clair Wynd</name>
      </trkpt>
      <trkpt lat="57.3179820" lon="-2.0044840">
        <name>St Clair Wynd</name>
      </trkpt>
      <trkpt lat="57.3180290" lon="-2.0044735">
        <name>St Clair Wynd</name>
      </trkpt>
      <trkpt lat="57.3180760" lon="-2.0044630">
        <name>St Clair Wynd</name>
      </trkpt>
      <trkpt lat="57.3181225" lon="-2.0044440">
        <name>St Clair Wynd</name>
      </trkpt>
      <trkpt lat="57.3181690" lon="-2.0044250">
        <name>St Clair Wynd</name>
      </trkpt>
      <trkpt lat="57.3182370" lon="-2.0043810">
        <name>St Clair Wynd</name>
      </trkpt>
      <trkpt lat="57.3183050" lon="-2.0043370">
        <name>St Clair Wynd</name>
      </trkpt>
      <trkpt lat="57.3183730" lon="-2.0042930">
        <name>St Clair Wynd</name>
      </trkpt>
      <trkpt lat="57.3184410" lon="-2.0042490">
        <name>St Clair Wynd</name>
      </trkpt>
      <trkpt lat="57.3185090" lon="-2.0042050">
        <name>St Clair Wynd</name>
      </trkpt>
      <trkpt lat="57.3185820" lon="-2.0041580">
        <name>St Clair Wynd</name>
      </trkpt>
      <trkpt lat="57.3186550" lon="-2.0041110">
        <name>St Clair Wynd</name>
      </trkpt>
      <trkpt lat="57.3186760" lon="-2.0040800">
        <name>St Clair Wynd</name>
      </trkpt>
      <trkpt lat="57.3186910" lon="-2.0040300">
        <name>St Clair Wynd</name>
      </trkpt>
      <trkpt lat="57.3186980" lon="-2.0039000">
        <name>St Clair Wynd</name>
      </trkpt>
      <trkpt lat="57.3186545" lon="-2.0038570">
        <name>St Clair Wynd</name>
      </trkpt>
      <trkpt lat="57.3186110" lon="-2.0038140">
        <name>St Clair Wynd</name>
      </trkpt>
      <trkpt lat="57.3185720" lon="-2.0037495">
        <name>St Clair Wynd</name>
      </trkpt>
      <trkpt lat="57.3185330" lon="-2.0036850">
        <name>St Clair Wynd</name>
      </trkpt>
      <trkpt lat="57.3184960" lon="-2.0036140">
        <name>St Clair Wynd</name>
      </trkpt>
      <trkpt lat="57.3184590" lon="-2.0035430">
        <name>St Clair Wynd</name>
      </trkpt>
      <trkpt lat="57.3184260" lon="-2.0033980">
        <name>St Clair Wynd</name>
      </trkpt>
      <trkpt lat="57.3184030" lon="-2.0033330">
        <name>St Clair Wynd</name>
      </trkpt>
      <trkpt lat="57.3183295" lon="-2.0033470">
        <name>St Clair Wynd</name>
      </trkpt>
      <trkpt lat="57.3182560" lon="-2.0033610">
        <name>St Clair Wynd</name>
      </trkpt>
      <trkpt lat="57.3181710" lon="-2.0033700">
        <name>St Clair Wynd</name>
      </trkpt>
      <trkpt lat="57.3180860" lon="-2.0033790">
        <name>St Clair Wynd</name>
      </trkpt>
      <trkpt lat="57.3179995" lon="-2.0033795">
        <name>St Clair Wynd</name>
      </trkpt>
      <trkpt lat="57.3179130" lon="-2.0033800">
        <name>St Clair Wynd</name>
      </trkpt>
      <trkpt lat="57.3178305" lon="-2.0033730">
        <name>St Clair Wynd</name>
      </trkpt>
      <trkpt lat="57.3177480" lon="-2.0033660">
        <name>St Clair Wynd</name>
      </trkpt>
      <trkpt lat="57.3176655" lon="-2.0033590">
        <name>St Clair Wynd</name>
      </trkpt>
      <trkpt lat="57.3175830" lon="-2.0033520">
        <name>St Clair Wynd</name>
      </trkpt>
      <trkpt lat="57.3175005" lon="-2.0033450">
        <name>St Clair Wynd</name>
      </trkpt>
      <trkpt lat="57.3174180" lon="-2.0033380">
        <name>St Clair Wynd</name>
      </trkpt>
      <trkpt lat="57.3173355" lon="-2.0033310">
        <name>St Clair Wynd</name>
      </trkpt>
      <trkpt lat="57.3172530" lon="-2.0033240">
        <name>St Clair Wynd</name>
      </trkpt>
      <trkpt lat="57.3171705" lon="-2.0033170">
        <name>St Clair Wynd</name>
      </trkpt>
      <trkpt lat="57.3170880" lon="-2.0033100">
        <name>St Clair Wynd</name>
      </trkpt>
      <trkpt lat="57.3170845" lon="-2.0034720">
        <name>St Clair Wynd</name>
      </trkpt>
      <trkpt lat="57.3170810" lon="-2.0036340">
        <name>St Clair Wynd</name>
      </trkpt>
      <trkpt lat="57.3170775" lon="-2.0037960">
        <name>St Clair Wynd</name>
      </trkpt>
      <trkpt lat="57.3170740" lon="-2.0039580">
        <name>St Clair Wynd</name>
      </trkpt>
      <trkpt lat="57.3170705" lon="-2.0041200">
        <name>St Clair Wynd</name>
      </trkpt>
      <trkpt lat="57.3170670" lon="-2.0042820">
        <name>St Clair Wynd</name>
      </trkpt>
      <trkpt lat="57.3170650" lon="-2.0044310">
        <name>St Clair Wynd</name>
      </trkpt>
      <trkpt lat="57.3170630" lon="-2.0045800">
        <name>St Clair Wynd</name>
      </trkpt>
      <trkpt lat="57.3171447" lon="-2.0045733">
        <name>St Clair Wynd</name>
      </trkpt>
      <trkpt lat="57.3172263" lon="-2.0045667">
        <name>St Clair Wynd</name>
      </trkpt>
      <trkpt lat="57.3173080" lon="-2.0045600">
        <name>St Clair Wynd</name>
      </trkpt>
      <trkpt lat="57.3173922" lon="-2.0045505">
      </trkpt>
      <trkpt lat="57.3174765" lon="-2.0045410">
      </trkpt>
      <trkpt lat="57.3175607" lon="-2.0045315">
      </trkpt>
      <trkpt lat="57.3176450" lon="-2.0045220">
      </trkpt>
      <trkpt lat="57.3177292" lon="-2.0045125">
      </trkpt>
      <trkpt lat="57.3178135" lon="-2.0045030">
      </trkpt>
      <trkpt lat="57.3178978" lon="-2.0044935">
      </trkpt>
      <trkpt lat="57.3179820" lon="-2.0044840">
      </trkpt>
      <trkpt lat="57.3180130" lon="-2.0044770">
      </trkpt>
      <trkpt lat="57.3180760" lon="-2.0044630">
      </trkpt>
      <trkpt lat="57.3181225" lon="-2.0044440">
      </trkpt>
      <trkpt lat="57.3181690" lon="-2.0044250">
      </trkpt>
      <trkpt lat="57.3182500" lon="-2.0043727">
      </trkpt>
      <trkpt lat="57.3183310" lon="-2.0043203">
      </trkpt>
      <trkpt lat="57.3184120" lon="-2.0042680">
      </trkpt>
      <trkpt lat="57.3184930" lon="-2.0042157">
      </trkpt>
      <trkpt lat="57.3185740" lon="-2.0041633">
      </trkpt>
      <trkpt lat="57.3186550" lon="-2.0041110">
      </trkpt>
      <trkpt lat="57.3186760" lon="-2.0040800">
      </trkpt>
      <trkpt lat="57.3186910" lon="-2.0040300">
      </trkpt>
      <trkpt lat="57.3186980" lon="-2.0039000">
      </trkpt>
      <trkpt lat="57.3186545" lon="-2.0038570">
      </trkpt>
      <trkpt lat="57.3186110" lon="-2.0038140">
      </trkpt>
      <trkpt lat="57.3185720" lon="-2.0037495">
      </trkpt>
      <trkpt lat="57.3185330" lon="-2.0036850">
      </trkpt>
      <trkpt lat="57.3184960" lon="-2.0036140">
      </trkpt>
      <trkpt lat="57.3184590" lon="-2.0035430">
      </trkpt>
      <trkpt lat="57.3184260" lon="-2.0033980">
      </trkpt>
      <trkpt lat="57.3184030" lon="-2.0033330">
      </trkpt>
      <trkpt lat="57.3183295" lon="-2.0033470">
      </trkpt>
      <trkpt lat="57.3182560" lon="-2.0033610">
      </trkpt>
      <trkpt lat="57.3181710" lon="-2.0033700">
      </trkpt>
      <trkpt lat="57.3180860" lon="-2.0033790">
      </trkpt>
      <trkpt lat="57.3179995" lon="-2.0033795">
        <name>St Clair Wynd</name>
      </trkpt>
      <trkpt lat="57.3179130" lon="-2.0033800">
        <name>St Clair Wynd</name>
      </trkpt>
      <trkpt lat="57.3178305" lon="-2.0033730">
        <name>St Clair Wynd</name>
      </trkpt>
      <trkpt lat="57.3177480" lon="-2.0033660">
        <name>St Clair Wynd</name>
      </trkpt>
      <trkpt lat="57.3176655" lon="-2.0033590">
        <name>St Clair Wynd</name>
      </trkpt>
      <trkpt lat="57.3175830" lon="-2.0033520">
        <name>St Clair Wynd</name>
      </trkpt>
      <trkpt lat="57.3175005" lon="-2.0033450">
        <name>St Clair Wynd</name>
      </trkpt>
      <trkpt lat="57.3174180" lon="-2.0033380">
        <name>St Clair Wynd</name>
      </trkpt>
      <trkpt lat="57.3173355" lon="-2.0033310">
        <name>St Clair Wynd</name>
      </trkpt>
      <trkpt lat="57.3172530" lon="-2.0033240">
        <name>St Clair Wynd</name>
      </trkpt>
      <trkpt lat="57.3171705" lon="-2.0033170">
        <name>St Clair Wynd</name>
      </trkpt>
      <trkpt lat="57.3170880" lon="-2.0033100">
        <name>St Clair Wynd</name>
      </trkpt>
      <trkpt lat="57.3170845" lon="-2.0034720">
        <name>St Clair Wynd</name>
      </trkpt>
      <trkpt lat="57.3170810" lon="-2.0036340">
        <name>St Clair Wynd</name>
      </trkpt>
      <trkpt lat="57.3170775" lon="-2.0037960">
        <name>St Clair Wynd</name>
      </trkpt>
      <trkpt lat="57.3170740" lon="-2.0039580">
        <name>St Clair Wynd</name>
      </trkpt>
      <trkpt lat="57.3170705" lon="-2.0041200">
        <name>St Clair Wynd</name>
      </trkpt>
      <trkpt lat="57.3170670" lon="-2.0042820">
        <name>St Clair Wynd</name>
      </trkpt>
      <trkpt lat="57.3170650" lon="-2.0044310">
        <name>St Clair Wynd</name>
      </trkpt>
      <trkpt lat="57.3170630" lon="-2.0045800">
        <name>St Clair Wynd</name>
      </trkpt>
      <trkpt lat="57.3171447" lon="-2.0045733">
        <name>St Clair Wynd</name>
      </trkpt>
      <trkpt lat="57.3172263" lon="-2.0045667">
        <name>St Clair Wynd</name>
      </trkpt>
      <trkpt lat="57.3173080" lon="-2.0045600">
        <name>St Clair Wynd</name>
      </trkpt>
      <trkpt lat="57.3173944" lon="-2.0045502">
        <name>St Clair Wynd</name>
      </trkpt>
      <trkpt lat="57.3174808" lon="-2.0045404">
        <name>St Clair Wynd</name>
      </trkpt>
      <trkpt lat="57.3175672" lon="-2.0045306">
        <name>St Clair Wynd</name>
      </trkpt>
      <trkpt lat="57.3176536" lon="-2.0045208">
        <name>St Clair Wynd</name>
      </trkpt>
      <trkpt lat="57.3177400" lon="-2.0045110">
        <name>St Clair Wynd</name>
      </trkpt>
      <trkpt lat="57.3178207" lon="-2.0045020">
        <name>St Clair Wynd</name>
      </trkpt>
      <trkpt lat="57.3179013" lon="-2.0044930">
        <name>St Clair Wynd</name>
      </trkpt>
      <trkpt lat="57.3179820" lon="-2.0044840">
        <name>St Clair Wynd</name>
      </trkpt>
      <trkpt lat="57.3180290" lon="-2.0044735">
        <name>St Clair Wynd</name>
      </trkpt>
      <trkpt lat="57.3180760" lon="-2.0044630">
        <name>St Clair Wynd</name>
      </trkpt>
      <trkpt lat="57.3181225" lon="-2.0044440">
        <name>St Clair Wynd</name>
      </trkpt>
      <trkpt lat="57.3181690" lon="-2.0044250">
        <name>St Clair Wynd</name>
      </trkpt>
      <trkpt lat="57.3182500" lon="-2.0043727">
        <name>St Clair Wynd</name>
      </trkpt>
      <trkpt lat="57.3183310" lon="-2.0043203">
        <name>St Clair Wynd</name>
      </trkpt>
      <trkpt lat="57.3184120" lon="-2.0042680">
        <name>St Clair Wynd</name>
      </trkpt>
      <trkpt lat="57.3184930" lon="-2.0042157">
        <name>St Clair Wynd</name>
      </trkpt>
      <trkpt lat="57.3185740" lon="-2.0041633">
        <name>St Clair Wynd</name>
      </trkpt>
      <trkpt lat="57.3186550" lon="-2.0041110">
        <name>St Clair Wynd</name>
      </trkpt>
      <trkpt lat="57.3186760" lon="-2.0040800">
        <name>St Clair Wynd</name>
      </trkpt>
      <trkpt lat="57.3186910" lon="-2.0040300">
        <name>St Clair Wynd</name>
      </trkpt>
      <trkpt lat="57.3186980" lon="-2.0039000">
        <name>St Clair Wynd</name>
      </trkpt>
      <trkpt lat="57.3186545" lon="-2.0038570">
        <name>St Clair Wynd</name>
      </trkpt>
      <trkpt lat="57.3186110" lon="-2.0038140">
        <name>St Clair Wynd</name>
      </trkpt>
      <trkpt lat="57.3185720" lon="-2.0037495">
        <name>St Clair Wynd</name>
      </trkpt>
      <trkpt lat="57.3185330" lon="-2.0036850">
        <name>St Clair Wynd</name>
      </trkpt>
      <trkpt lat="57.3184960" lon="-2.0036140">
        <name>St Clair Wynd</name>
      </trkpt>
      <trkpt lat="57.3184590" lon="-2.0035430">
        <name>St Clair Wynd</name>
      </trkpt>
      <trkpt lat="57.3184260" lon="-2.0033980">
        <name>St Clair Wynd</name>
      </trkpt>
      <trkpt lat="57.3184030" lon="-2.0033330">
        <name>St Clair Wynd</name>
      </trkpt>
      <trkpt lat="57.3183295" lon="-2.0033470">
        <name>St Clair Wynd</name>
      </trkpt>
      <trkpt lat="57.3182560" lon="-2.0033610">
        <name>St Clair Wynd</name>
      </trkpt>
      <trkpt lat="57.3181710" lon="-2.0033700">
        <name>St Clair Wynd</name>
      </trkpt>
      <trkpt lat="57.3180860" lon="-2.0033790">
        <name>St Clair Wynd</name>
      </trkpt>
      <trkpt lat="57.3179995" lon="-2.0033795">
        <name>St Clair Wynd</name>
      </trkpt>
      <trkpt lat="57.3179130" lon="-2.0033800">
        <name>St Clair Wynd</name>
      </trkpt>
      <trkpt lat="57.3178305" lon="-2.0033730">
        <name>St Clair Wynd</name>
      </trkpt>
      <trkpt lat="57.3177480" lon="-2.0033660">
        <name>St Clair Wynd</name>
      </trkpt>
      <trkpt lat="57.3176655" lon="-2.0033590">
        <name>St Clair Wynd</name>
      </trkpt>
      <trkpt lat="57.3175830" lon="-2.0033520">
        <name>St Clair Wynd</name>
      </trkpt>
      <trkpt lat="57.3175005" lon="-2.0033450">
        <name>St Clair Wynd</name>
      </trkpt>
      <trkpt lat="57.3174180" lon="-2.0033380">
        <name>St Clair Wynd</name>
      </trkpt>
      <trkpt lat="57.3173355" lon="-2.0033310">
        <name>St Clair Wynd</name>
      </trkpt>
      <trkpt lat="57.3172530" lon="-2.0033240">
        <name>St Clair Wynd</name>
      </trkpt>
      <trkpt lat="57.3171705" lon="-2.0033170">
        <name>St Clair Wynd</name>
      </trkpt>
      <trkpt lat="57.3170880" lon="-2.0033100">
        <name>St Clair Wynd</name>
      </trkpt>
      <trkpt lat="57.3170845" lon="-2.0034720">
        <name>St Clair Wynd</name>
      </trkpt>
      <trkpt lat="57.3170810" lon="-2.0036340">
        <name>St Clair Wynd</name>
      </trkpt>
      <trkpt lat="57.3170775" lon="-2.0037960">
        <name>St Clair Wynd</name>
      </trkpt>
      <trkpt lat="57.3170740" lon="-2.0039580">
        <name>St Clair Wynd</name>
      </trkpt>
      <trkpt lat="57.3170705" lon="-2.0041200">
        <name>St Clair Wynd</name>
      </trkpt>
      <trkpt lat="57.3170670" lon="-2.0042820">
        <name>St Clair Wynd</name>
      </trkpt>
      <trkpt lat="57.3170650" lon="-2.0044310">
        <name>St Clair Wynd</name>
      </trkpt>
      <trkpt lat="57.3170630" lon="-2.0045800">
        <name>St Clair Wynd</name>
      </trkpt>
      <trkpt lat="57.3171447" lon="-2.0045733">
        <name>St Clair Wynd</name>
      </trkpt>
      <trkpt lat="57.3172263" lon="-2.0045667">
        <name>St Clair Wynd</name>
      </trkpt>
      <trkpt lat="57.3173080" lon="-2.0045600">
        <name>St Clair Wynd</name>
      </trkpt>
      <trkpt lat="57.3173560" lon="-2.0045550">
        <name>St Clair Wynd</name>
      </trkpt>
      <trkpt lat="57.3174454" lon="-2.0045449">
        <name>St Clair Wynd</name>
      </trkpt>
      <trkpt lat="57.3175349" lon="-2.0045347">
        <name>St Clair Wynd</name>
      </trkpt>
      <trkpt lat="57.3176243" lon="-2.0045246">
        <name>St Clair Wynd</name>
      </trkpt>
      <trkpt lat="57.3177137" lon="-2.0045144">
        <name>St Clair Wynd</name>
      </trkpt>
      <trkpt lat="57.3178031" lon="-2.0045043">
        <name>St Clair Wynd</name>
      </trkpt>
      <trkpt lat="57.3178926" lon="-2.0044941">
        <name>St Clair Wynd</name>
      </trkpt>
      <trkpt lat="57.3179820" lon="-2.0044840">
        <name>St Clair Wynd</name>
      </trkpt>
      <trkpt lat="57.3180290" lon="-2.0044735">
        <name>St Clair Wynd</name>
      </trkpt>
      <trkpt lat="57.3180760" lon="-2.0044630">
        <name>St Clair Wynd</name>
      </trkpt>
      <trkpt lat="57.3181225" lon="-2.0044440">
        <name>St Clair Wynd</name>
      </trkpt>
      <trkpt lat="57.3181690" lon="-2.0044250">
        <name>St Clair Wynd</name>
      </trkpt>
      <trkpt lat="57.3182500" lon="-2.0043727">
        <name>St Clair Wynd</name>
      </trkpt>
      <trkpt lat="57.3183310" lon="-2.0043203">
        <name>St Clair Wynd</name>
      </trkpt>
      <trkpt lat="57.3184120" lon="-2.0042680">
        <name>St Clair Wynd</name>
      </trkpt>
      <trkpt lat="57.3184930" lon="-2.0042157">
        <name>St Clair Wynd</name>
      </trkpt>
      <trkpt lat="57.3185740" lon="-2.0041633">
        <name>St Clair Wynd</name>
      </trkpt>
      <trkpt lat="57.3186550" lon="-2.0041110">
        <name>St Clair Wynd</name>
      </trkpt>
      <trkpt lat="57.3186760" lon="-2.0040800">
        <name>St Clair Wynd</name>
      </trkpt>
      <trkpt lat="57.3186910" lon="-2.0040300">
        <name>St Clair Wynd</name>
      </trkpt>
      <trkpt lat="57.3186980" lon="-2.0039000">
        <name>St Clair Wynd</name>
      </trkpt>
      <trkpt lat="57.3186545" lon="-2.0038570">
        <name>St Clair Wynd</name>
      </trkpt>
      <trkpt lat="57.3186110" lon="-2.0038140">
        <name>St Clair Wynd</name>
      </trkpt>
      <trkpt lat="57.3185720" lon="-2.0037495">
        <name>St Clair Wynd</name>
      </trkpt>
      <trkpt lat="57.3185330" lon="-2.0036850">
        <name>St Clair Wynd</name>
      </trkpt>
      <trkpt lat="57.3184960" lon="-2.0036140">
        <name>St Clair Wynd</name>
      </trkpt>
      <trkpt lat="57.3184590" lon="-2.0035430">
        <name>St Clair Wynd</name>
      </trkpt>
      <trkpt lat="57.3184260" lon="-2.0033980">
        <name>St Clair Wynd</name>
      </trkpt>
      <trkpt lat="57.3184030" lon="-2.0033330">
        <name>St Clair Wynd</name>
      </trkpt>
      <trkpt lat="57.3183295" lon="-2.0033470">
        <name>St Clair Wynd</name>
      </trkpt>
      <trkpt lat="57.3182560" lon="-2.0033610">
        <name>St Clair Wynd</name>
      </trkpt>
      <trkpt lat="57.3181710" lon="-2.0033700">
        <name>St Clair Wynd</name>
      </trkpt>
      <trkpt lat="57.3180860" lon="-2.0033790">
        <name>St Clair Wynd</name>
      </trkpt>
      <trkpt lat="57.3179995" lon="-2.0033795">
        <name>St Clair Wynd</name>
      </trkpt>
      <trkpt lat="57.3179130" lon="-2.0033800">
        <name>St Clair Wynd</name>
      </trkpt>
      <trkpt lat="57.3178305" lon="-2.0033730">
        <name>St Clair Wynd</name>
      </trkpt>
      <trkpt lat="57.3177480" lon="-2.0033660">
        <name>St Clair Wynd</name>
      </trkpt>
      <trkpt lat="57.3176655" lon="-2.0033590">
        <name>St Clair Wynd</name>
      </trkpt>
      <trkpt lat="57.3175830" lon="-2.0033520">
        <name>St Clair Wynd</name>
      </trkpt>
      <trkpt lat="57.3175005" lon="-2.0033450">
        <name>St Clair Wynd</name>
      </trkpt>
      <trkpt lat="57.3174180" lon="-2.0033380">
        <name>St Clair Wynd</name>
      </trkpt>
      <trkpt lat="57.3173355" lon="-2.0033310">
        <name>St Clair Wynd</name>
      </trkpt>
      <trkpt lat="57.3172530" lon="-2.0033240">
        <name>St Clair Wynd</name>
      </trkpt>
      <trkpt lat="57.3171705" lon="-2.0033170">
        <name>St Clair Wynd</name>
      </trkpt>
      <trkpt lat="57.3170880" lon="-2.0033100">
        <name>St Clair Wynd</name>
      </trkpt>
      <trkpt lat="57.3170845" lon="-2.0034720">
        <name>St Clair Wynd</name>
      </trkpt>
      <trkpt lat="57.3170810" lon="-2.0036340">
        <name>St Clair Wynd</name>
      </trkpt>
      <trkpt lat="57.3170775" lon="-2.0037960">
        <name>St Clair Wynd</name>
      </trkpt>
      <trkpt lat="57.3170740" lon="-2.0039580">
        <name>St Clair Wynd</name>
      </trkpt>
      <trkpt lat="57.3170705" lon="-2.0041200">
        <name>St Clair Wynd</name>
      </trkpt>
      <trkpt lat="57.3170670" lon="-2.0042820">
        <name>St Clair Wynd</name>
      </trkpt>
      <trkpt lat="57.3170655" lon="-2.0043915">
        <name>St Clair Wynd</name>
      </trkpt>
      <trkpt lat="57.3170640" lon="-2.0045010">
        <name>St Clair Wynd</name>
      </trkpt>
      <trkpt lat="57.3170630" lon="-2.0045800">
        <name>St Clair Wynd</name>
      </trkpt>
      <trkpt lat="57.3170588" lon="-2.0047362">
        <name>St Clair Wynd</name>
      </trkpt>
      <trkpt lat="57.3170545" lon="-2.0048925">
        <name>St Clair Wynd</name>
      </trkpt>
      <trkpt lat="57.3170502" lon="-2.0050488">
        <name>St Clair Wynd</name>
      </trkpt>
      <trkpt lat="57.3170460" lon="-2.0052050">
        <name>St Clair Wynd</name>
      </trkpt>
      <trkpt lat="57.3169602" lon="-2.0051972">
        <name>St Clair Wynd</name>
      </trkpt>
      <trkpt lat="57.3168743" lon="-2.0051893">
        <name>St Clair Wynd</name>
      </trkpt>
      <trkpt lat="57.3167885" lon="-2.0051815">
        <name>St Clair Wynd</name>
      </trkpt>
      <trkpt lat="57.3167027" lon="-2.0051737">
        <name>St Clair Wynd</name>
      </trkpt>
      <trkpt lat="57.3166168" lon="-2.0051658">
        <name>St Clair Wynd</name>
      </trkpt>
      <trkpt lat="57.3165310" lon="-2.0051580">
        <name>St Clair Wynd</name>
      </trkpt>
      <trkpt lat="57.3164780" lon="-2.0051585">
        <name>St Clair Wynd</name>
      </trkpt>
      <trkpt lat="57.3164250" lon="-2.0051590">
        <name>St Clair Wynd</name>
      </trkpt>
      <trkpt lat="57.3163905" lon="-2.0050955">
        <name>St Clair Wynd</name>
      </trkpt>
      <trkpt lat="57.3163560" lon="-2.0050320">
        <name>St Clair Wynd</name>
      </trkpt>
      <trkpt lat="57.3163360" lon="-2.0050690">
        <name>St Clair Wynd</name>
      </trkpt>
      <trkpt lat="57.3163130" lon="-2.0050830">
        <name>St Clair Wynd</name>
      </trkpt>
      <trkpt lat="57.3162850" lon="-2.0050910">
        <name>St Clair Wynd</name>
      </trkpt>
      <trkpt lat="57.3162610" lon="-2.0050760">
        <name>St Clair Wynd</name>
      </trkpt>
      <trkpt lat="57.3162440" lon="-2.0050550">
        <name>St Clair Wynd</name>
      </trkpt>
      <trkpt lat="57.3162310" lon="-2.0050270">
        <name>St Clair Wynd</name>
      </trkpt>
      <trkpt lat="57.3162220" lon="-2.0049850">
        <name>St Clair Wynd</name>
      </trkpt>
      <trkpt lat="57.3162200" lon="-2.0049390">
        <name>St Clair Wynd</name>
      </trkpt>
      <trkpt lat="57.3162270" lon="-2.0048950">
        <name>St Clair Wynd</name>
      </trkpt>
      <trkpt lat="57.3162410" lon="-2.0048570">
        <name>St Clair Wynd</name>
      </trkpt>
      <trkpt lat="57.3162600" lon="-2.0048300">
        <name>St Clair Wynd</name>
      </trkpt>
      <trkpt lat="57.3162840" lon="-2.0048160">
        <name>St Clair Wynd</name>
      </trkpt>
      <trkpt lat="57.3163080" lon="-2.0048170">
        <name>St Clair Wynd</name>
      </trkpt>
      <trkpt lat="57.3163320" lon="-2.0048330">
        <name>St Clair Wynd</name>
      </trkpt>
      <trkpt lat="57.3163510" lon="-2.0048620">
        <name>St Clair Wynd</name>
      </trkpt>
      <trkpt lat="57.3163640" lon="-2.0049010">
        <name>St Clair Wynd</name>
      </trkpt>
      <trkpt lat="57.3163690" lon="-2.0049450">
        <name>St Clair Wynd</name>
      </trkpt>
      <trkpt lat="57.3163660" lon="-2.0049910">
        <name>St Clair Wynd</name>
      </trkpt>
      <trkpt lat="57.3163560" lon="-2.0050320">
        <name>St Clair Wynd</name>
      </trkpt>
      <trkpt lat="57.3163905" lon="-2.0050955">
        <name>St Clair Wynd</name>
      </trkpt>
      <trkpt lat="57.3164250" lon="-2.0051590">
        <name>St Clair Wynd</name>
      </trkpt>
      <trkpt lat="57.3164780" lon="-2.0051585">
        <name>St Clair Wynd</name>
      </trkpt>
      <trkpt lat="57.3165310" lon="-2.0051580">
        <name>St Clair Wynd</name>
      </trkpt>
      <trkpt lat="57.3166168" lon="-2.0051658">
        <name>St Clair Wynd</name>
      </trkpt>
      <trkpt lat="57.3167027" lon="-2.0051737">
        <name>St Clair Wynd</name>
      </trkpt>
      <trkpt lat="57.3167885" lon="-2.0051815">
        <name>St Clair Wynd</name>
      </trkpt>
      <trkpt lat="57.3168743" lon="-2.0051893">
        <name>St Clair Wynd</name>
      </trkpt>
      <trkpt lat="57.3169602" lon="-2.0051972">
        <name>St Clair Wynd</name>
      </trkpt>
      <trkpt lat="57.3170460" lon="-2.0052050">
        <name>St Clair Wynd</name>
      </trkpt>
      <trkpt lat="57.3170502" lon="-2.0050488">
        <name>St Clair Wynd</name>
      </trkpt>
      <trkpt lat="57.3170545" lon="-2.0048925">
        <name>St Clair Wynd</name>
      </trkpt>
      <trkpt lat="57.3170588" lon="-2.0047362">
        <name>St Clair Wynd</name>
      </trkpt>
      <trkpt lat="57.3170630" lon="-2.0045800">
        <name>St Clair Wynd</name>
      </trkpt>
      <trkpt lat="57.3170650" lon="-2.0044310">
        <name>St Clair Wynd</name>
      </trkpt>
      <trkpt lat="57.3170670" lon="-2.0042820">
        <name>St Clair Wynd</name>
      </trkpt>
      <trkpt lat="57.3170703" lon="-2.0041360">
        <name>St Clair Wynd</name>
      </trkpt>
      <trkpt lat="57.3170735" lon="-2.0039900">
        <name>St Clair Wynd</name>
      </trkpt>
      <trkpt lat="57.3170767" lon="-2.0038440">
        <name>St Clair Wynd</name>
      </trkpt>
      <trkpt lat="57.3170800" lon="-2.0036980">
        <name>St Clair Wynd</name>
      </trkpt>
      <trkpt lat="57.3170827" lon="-2.0035687">
        <name>St Clair Wynd</name>
      </trkpt>
      <trkpt lat="57.3170853" lon="-2.0034393">
        <name>St Clair Wynd</name>
      </trkpt>
      <trkpt lat="57.3170880" lon="-2.0033100">
        <name>St Clair Wynd</name>
      </trkpt>
      <trkpt lat="57.3171680" lon="-2.0033167">
        <name>Knockhall Way</name>
      </trkpt>
      <trkpt lat="57.3172480" lon="-2.0033233">
        <name>Knockhall Way</name>
      </trkpt>
      <trkpt lat="57.3173280" lon="-2.0033300">
        <name>Knockhall Way</name>
      </trkpt>
      <trkpt lat="57.3174032" lon="-2.0033364">
        <name>Knockhall Way</name>
      </trkpt>
      <trkpt lat="57.3174784" lon="-2.0033428">
        <name>Knockhall Way</name>
      </trkpt>
      <trkpt lat="57.3175536" lon="-2.0033492">
        <name>Knockhall Way</name>
      </trkpt>
      <trkpt lat="57.3176288" lon="-2.0033556">
        <name>Knockhall Way</name>
      </trkpt>
      <trkpt lat="57.3177040" lon="-2.0033620">
        <name>Knockhall Way</name>
      </trkpt>
      <trkpt lat="57.3177737" lon="-2.0033680">
        <name>Knockhall Way</name>
      </trkpt>
      <trkpt lat="57.3178433" lon="-2.0033740">
        <name>Knockhall Way</name>
      </trkpt>
      <trkpt lat="57.3179130" lon="-2.0033800">
        <name>Knockhall Way</name>
      </trkpt>
      <trkpt lat="57.3179995" lon="-2.0033795">
        <name>Knockhall Way</name>
      </trkpt>
      <trkpt lat="57.3180860" lon="-2.0033790">
        <name>Knockhall Way</name>
      </trkpt>
      <trkpt lat="57.3181060" lon="-2.0033770">
        <name>Knockhall Way</name>
      </trkpt>
      <trkpt lat="57.3181810" lon="-2.0033690">
        <name>Knockhall Way</name>
      </trkpt>
      <trkpt lat="57.3182560" lon="-2.0033610">
        <name>Knockhall Way</name>
      </trkpt>
      <trkpt lat="57.3183295" lon="-2.0033470">
        <name>Knockhall Way</name>
      </trkpt>
      <trkpt lat="57.3184030" lon="-2.0033330">
        <name>Knockhall Way</name>
      </trkpt>
      <trkpt lat="57.3184460" lon="-2.0033180">
        <name>Knockhall Way</name>
      </trkpt>
      <trkpt lat="57.3185225" lon="-2.0032910">
        <name>Knockhall Way</name>
      </trkpt>
      <trkpt lat="57.3185990" lon="-2.0032640">
        <name>Knockhall Way</name>
      </trkpt>
      <trkpt lat="57.3186613" lon="-2.0032333">
        <name>Knockhall Way</name>
      </trkpt>
      <trkpt lat="57.3187237" lon="-2.0032027">
        <name>Knockhall Way</name>
      </trkpt>
      <trkpt lat="57.3187860" lon="-2.0031720">
        <name>Knockhall Way</name>
      </trkpt>
      <trkpt lat="57.3188295" lon="-2.0031445">
        <name>Knockhall Way</name>
      </trkpt>
      <trkpt lat="57.3188730" lon="-2.0031170">
        <name>Knockhall Way</name>
      </trkpt>
      <trkpt lat="57.3189010" lon="-2.0030990">
        <name>Knockhall Way</name>
      </trkpt>
      <trkpt lat="57.3189855" lon="-2.0030455">
        <name>Knockhall Way</name>
      </trkpt>
      <trkpt lat="57.3190700" lon="-2.0029920">
        <name>Knockhall Way</name>
      </trkpt>
      <trkpt lat="57.3191390" lon="-2.0029452">
        <name>Knockhall Way</name>
      </trkpt>
      <trkpt lat="57.3192080" lon="-2.0028985">
        <name>Knockhall Way</name>
      </trkpt>
      <trkpt lat="57.3192770" lon="-2.0028518">
        <name>Knockhall Way</name>
      </trkpt>
      <trkpt lat="57.3193460" lon="-2.0028050">
        <name>Knockhall Way</name>
      </trkpt>
      <trkpt lat="57.3194163" lon="-2.0027573">
        <name>Knockhall Way</name>
      </trkpt>
      <trkpt lat="57.3194867" lon="-2.0027097">
        <name>Knockhall Way</name>
      </trkpt>
      <trkpt lat="57.3195570" lon="-2.0026620">
        <name>Knockhall Way</name>
      </trkpt>
      <trkpt lat="57.3195880" lon="-2.0026410">
        <name>Knockhall Way</name>
      </trkpt>
      <trkpt lat="57.3196628" lon="-2.0025905">
        <name>Knockhall Way</name>
      </trkpt>
      <trkpt lat="57.3197375" lon="-2.0025400">
        <name>Knockhall Way</name>
      </trkpt>
      <trkpt lat="57.3198122" lon="-2.0024895">
        <name>Knockhall Way</name>
      </trkpt>
      <trkpt lat="57.3198870" lon="-2.0024390">
        <name>Knockhall Way</name>
      </trkpt>
      <trkpt lat="57.3199540" lon="-2.0023937">
        <name>Knockhall Way</name>
      </trkpt>
      <trkpt lat="57.3200210" lon="-2.0023483">
        <name>Knockhall Way</name>
      </trkpt>
      <trkpt lat="57.3200880" lon="-2.0023030">
        <name>Knockhall Way</name>
      </trkpt>
      <trkpt lat="57.3201315" lon="-2.0022735">
        <name>Knockhall Way</name>
      </trkpt>
      <trkpt lat="57.3201750" lon="-2.0022440">
        <name>Knockhall Way</name>
      </trkpt>
      <trkpt lat="57.3202470" lon="-2.0021895">
        <name>Knockhall Way</name>
      </trkpt>
      <trkpt lat="57.3203190" lon="-2.0021350">
        <name>Knockhall Way</name>
      </trkpt>
      <trkpt lat="57.3203680" lon="-2.0021030">
        <name>Knockhall Way</name>
      </trkpt>
      <trkpt lat="57.3204414" lon="-2.0020558">
        <name>Knockhall Way</name>
      </trkpt>
      <trkpt lat="57.3205148" lon="-2.0020086">
        <name>Knockhall Way</name>
      </trkpt>
      <trkpt lat="57.3205882" lon="-2.0019614">
        <name>Knockhall Way</name>
      </trkpt>
      <trkpt lat="57.3206616" lon="-2.0019142">
        <name>Knockhall Way</name>
      </trkpt>
      <trkpt lat="57.3207350" lon="-2.0018670">
        <name>Knockhall Way</name>
      </trkpt>
      <trkpt lat="57.3208163" lon="-2.0018147">
        <name>Knockhall Road</name>
      </trkpt>
      <trkpt lat="57.3208977" lon="-2.0017623">
        <name>Knockhall Road</name>
      </trkpt>
      <trkpt lat="57.3209790" lon="-2.0017100">
        <name>Knockhall Road</name>
      </trkpt>
      <trkpt lat="57.3210540" lon="-2.0016610">
        <name>Knockhall Road</name>
      </trkpt>
      <trkpt lat="57.3210777" lon="-2.0017880">
        <name>Ythan Road</name>
      </trkpt>
      <trkpt lat="57.3211013" lon="-2.0019150">
        <name>Ythan Road</name>
      </trkpt>
      <trkpt lat="57.3211250" lon="-2.0020420">
        <name>Ythan Road</name>
      </trkpt>
      <trkpt lat="57.3211310" lon="-2.0020750">
        <name>Ythan Road</name>
      </trkpt>
      <trkpt lat="57.3211563" lon="-2.0021797">
        <name>Ythan Road</name>
      </trkpt>
      <trkpt lat="57.3211817" lon="-2.0022843">
        <name>Ythan Road</name>
      </trkpt>
      <trkpt lat="57.3212070" lon="-2.0023890">
        <name>Ythan Road</name>
      </trkpt>
      <trkpt lat="57.3212555" lon="-2.0025265">
        <name>Ythan Road</name>
      </trkpt>
      <trkpt lat="57.3213040" lon="-2.0026640">
        <name>Ythan Road</name>
      </trkpt>
      <trkpt lat="57.3213160" lon="-2.0026970">
        <name>Ythan Road</name>
      </trkpt>
      <trkpt lat="57.3212680" lon="-2.0027753">
        <name>Ythan Road</name>
      </trkpt>
      <trkpt lat="57.3212200" lon="-2.0028537">
        <name>Ythan Road</name>
      </trkpt>
      <trkpt lat="57.3211720" lon="-2.0029320">
        <name>Ythan Road</name>
      </trkpt>
      <trkpt lat="57.3211335" lon="-2.0029785">
        <name>Ythan Road</name>
      </trkpt>
      <trkpt lat="57.3210950" lon="-2.0030250">
        <name>Ythan Road</name>
      </trkpt>
      <trkpt lat="57.3210660" lon="-2.0030600">
        <name>Ythan Road</name>
      </trkpt>
      <trkpt lat="57.3210570" lon="-2.0030710">
        <name>Ythan Road</name>
      </trkpt>
      <trkpt lat="57.3210080" lon="-2.0031060">
        <name>Ythan Road</name>
      </trkpt>
      <trkpt lat="57.3209473" lon="-2.0031397">
        <name>Ythan Road</name>
      </trkpt>
      <trkpt lat="57.3208867" lon="-2.0031733">
        <name>Ythan Road</name>
      </trkpt>
      <trkpt lat="57.3208260" lon="-2.0032070">
        <name>Ythan Road</name>
      </trkpt>
      <trkpt lat="57.3207567" lon="-2.0032453">
        <name>Ythan Road</name>
      </trkpt>
      <trkpt lat="57.3206873" lon="-2.0032837">
        <name>Ythan Road</name>
      </trkpt>
      <trkpt lat="57.3206180" lon="-2.0033220">
        <name>Ythan Road</name>
      </trkpt>
      <trkpt lat="57.3206070" lon="-2.0033280">
        <name>Ythan Road</name>
      </trkpt>
      <trkpt lat="57.3205470" lon="-2.0033620">
        <name>Ythan Road</name>
      </trkpt>
      <trkpt lat="57.3204870" lon="-2.0033960">
        <name>Ythan Road</name>
      </trkpt>
      <trkpt lat="57.3204270" lon="-2.0034300">
        <name>Ythan Road</name>
      </trkpt>
      <trkpt lat="57.3203730" lon="-2.0034600">
        <name>Ythan Road</name>
      </trkpt>
      <trkpt lat="57.3203190" lon="-2.0034900">
        <name>Ythan Road</name>
      </trkpt>
      <trkpt lat="57.3202890" lon="-2.0035130">
        <name>Ythan Road</name>
      </trkpt>
      <trkpt lat="57.3202590" lon="-2.0035460">
        <name>Ythan Road</name>
      </trkpt>
      <trkpt lat="57.3202340" lon="-2.0035750">
        <name>Ythan Road</name>
      </trkpt>
      <trkpt lat="57.3202120" lon="-2.0036110">
        <name>Ythan Road</name>
      </trkpt>
      <trkpt lat="57.3201820" lon="-2.0036950">
        <name>Ythan Road</name>
      </trkpt>
      <trkpt lat="57.3201340" lon="-2.0036480">
        <name>Ythan Road</name>
      </trkpt>
      <trkpt lat="57.3200860" lon="-2.0036010">
        <name>Ythan Road</name>
      </trkpt>
      <trkpt lat="57.3200440" lon="-2.0035680">
        <name>Ythan Road</name>
      </trkpt>
      <trkpt lat="57.3200340" lon="-2.0035600">
        <name>Ythan Road</name>
      </trkpt>
      <trkpt lat="57.3199520" lon="-2.0035640">
        <name>Ythan Road</name>
      </trkpt>
      <trkpt lat="57.3198805" lon="-2.0035860">
        <name>Ythan Road</name>
      </trkpt>
      <trkpt lat="57.3198090" lon="-2.0036080">
        <name>Ythan Road</name>
      </trkpt>
      <trkpt lat="57.3197735" lon="-2.0035525">
        <name>Ythan Road</name>
      </trkpt>
      <trkpt lat="57.3197380" lon="-2.0034970">
        <name>Ythan Road</name>
      </trkpt>
      <trkpt lat="57.3197735" lon="-2.0035525">
        <name>Ythan Road</name>
      </trkpt>
      <trkpt lat="57.3198090" lon="-2.0036080">
        <name>Ythan Road</name>
      </trkpt>
      <trkpt lat="57.3198805" lon="-2.0035860">
        <name>Ythan Road</name>
      </trkpt>
      <trkpt lat="57.3199520" lon="-2.0035640">
        <name>Ythan Road</name>
      </trkpt>
      <trkpt lat="57.3200340" lon="-2.0035600">
        <name>Ythan Road</name>
      </trkpt>
      <trkpt lat="57.3200860" lon="-2.0036010">
        <name>Ythan Rise</name>
      </trkpt>
      <trkpt lat="57.3201500" lon="-2.0036640">
        <name>Ythan Rise</name>
      </trkpt>
      <trkpt lat="57.3201820" lon="-2.0036950">
        <name>Ythan Rise</name>
      </trkpt>
      <trkpt lat="57.3201550" lon="-2.0037950">
        <name>Ythan Rise</name>
      </trkpt>
      <trkpt lat="57.3201380" lon="-2.0038970">
        <name>Ythan Rise</name>
      </trkpt>
      <trkpt lat="57.3201380" lon="-2.0039930">
        <name>Ythan Rise</name>
      </trkpt>
      <trkpt lat="57.3201440" lon="-2.0040710">
        <name>Ythan Rise</name>
      </trkpt>
      <trkpt lat="57.3201705" lon="-2.0042100">
        <name>Ythan Rise</name>
      </trkpt>
      <trkpt lat="57.3201970" lon="-2.0043490">
        <name>Ythan Rise</name>
      </trkpt>
      <trkpt lat="57.3202060" lon="-2.0043750">
        <name>Ythan Rise</name>
      </trkpt>
      <trkpt lat="57.3202180" lon="-2.0044110">
        <name>Ythan Rise</name>
      </trkpt>
      <trkpt lat="57.3201800" lon="-2.0044575">
        <name>Ythan Rise</name>
      </trkpt>
      <trkpt lat="57.3201420" lon="-2.0045040">
        <name>Ythan Rise</name>
      </trkpt>
      <trkpt lat="57.3201140" lon="-2.0045230">
        <name>Ythan Rise</name>
      </trkpt>
      <trkpt lat="57.3200820" lon="-2.0045260">
        <name>Ythan Rise</name>
      </trkpt>
      <trkpt lat="57.3200015" lon="-2.0045135">
        <name>Ythan Rise</name>
      </trkpt>
      <trkpt lat="57.3199210" lon="-2.0045010">
        <name>Ythan Rise</name>
      </trkpt>
      <trkpt lat="57.3199110" lon="-2.0044720">
        <name>Ythan Rise</name>
      </trkpt>
      <trkpt lat="57.3198830" lon="-2.0043880">
        <name>Ythan Rise</name>
      </trkpt>
      <trkpt lat="57.3199210" lon="-2.0045010">
        <name>Ythan Rise</name>
      </trkpt>
      <trkpt lat="57.3200015" lon="-2.0045135">
        <name>Ythan Rise</name>
      </trkpt>
      <trkpt lat="57.3200820" lon="-2.0045260">
        <name>Ythan Rise</name>
      </trkpt>
      <trkpt lat="57.3201140" lon="-2.0045230">
        <name>Ythan Rise</name>
      </trkpt>
      <trkpt lat="57.3201420" lon="-2.0045040">
        <name>Ythan Rise</name>
      </trkpt>
      <trkpt lat="57.3201800" lon="-2.0044575">
        <name>Ythan Rise</name>
      </trkpt>
      <trkpt lat="57.3202180" lon="-2.0044110">
        <name>Ythan Rise</name>
      </trkpt>
      <trkpt lat="57.3202450" lon="-2.0044630">
        <name>Ythan Rise</name>
      </trkpt>
      <trkpt lat="57.3202520" lon="-2.0044780">
        <name>Ythan Rise</name>
      </trkpt>
      <trkpt lat="57.3202940" lon="-2.0045160">
        <name>Ythan Rise</name>
      </trkpt>
      <trkpt lat="57.3203360" lon="-2.0045420">
        <name>Ythan Rise</name>
      </trkpt>
      <trkpt lat="57.3203780" lon="-2.0045590">
        <name>Ythan Rise</name>
      </trkpt>
      <trkpt lat="57.3204516" lon="-2.0045592">
        <name>Ythan Rise</name>
      </trkpt>
      <trkpt lat="57.3205252" lon="-2.0045594">
        <name>Ythan Rise</name>
      </trkpt>
      <trkpt lat="57.3205988" lon="-2.0045596">
        <name>Ythan Rise</name>
      </trkpt>
      <trkpt lat="57.3206724" lon="-2.0045598">
        <name>Ythan Rise</name>
      </trkpt>
      <trkpt lat="57.3207460" lon="-2.0045600">
        <name>Ythan Rise</name>
      </trkpt>
      <trkpt lat="57.3207640" lon="-2.0045670">
        <name>Ythan Rise</name>
      </trkpt>
      <trkpt lat="57.3208120" lon="-2.0045850">
        <name>Ythan Rise</name>
      </trkpt>
      <trkpt lat="57.3208520" lon="-2.0046030">
        <name>Ythan Court</name>
      </trkpt>
      <trkpt lat="57.3208975" lon="-2.0046385">
        <name>Ythan Court</name>
      </trkpt>
      <trkpt lat="57.3209430" lon="-2.0046740">
        <name>Ythan Court</name>
      </trkpt>
      <trkpt lat="57.3209955" lon="-2.0047115">
        <name>Ythan Court</name>
      </trkpt>
      <trkpt lat="57.3210480" lon="-2.0047490">
        <name>Ythan Court</name>
      </trkpt>
      <trkpt lat="57.3210830" lon="-2.0047650">
        <name>Ythan Court</name>
      </trkpt>
      <trkpt lat="57.3211250" lon="-2.0047840">
        <name>Ythan Court</name>
      </trkpt>
      <trkpt lat="57.3212030" lon="-2.0048085">
        <name>Ythan Court</name>
      </trkpt>
      <trkpt lat="57.3212810" lon="-2.0048330">
        <name>Ythan Court</name>
      </trkpt>
      <trkpt lat="57.3213590" lon="-2.0048575">
        <name>Ythan Court</name>
      </trkpt>
      <trkpt lat="57.3214370" lon="-2.0048820">
        <name>Ythan Court</name>
      </trkpt>
      <trkpt lat="57.3215140" lon="-2.0049063">
        <name>Ythan Court</name>
      </trkpt>
      <trkpt lat="57.3215910" lon="-2.0049307">
        <name>Ythan Court</name>
      </trkpt>
      <trkpt lat="57.3216680" lon="-2.0049550">
        <name>Ythan Court</name>
      </trkpt>
      <trkpt lat="57.3217490" lon="-2.0049810">
        <name>Ythan Court</name>
      </trkpt>
      <trkpt lat="57.3218230" lon="-2.0049950">
        <name>Ythan Court</name>
      </trkpt>
      <trkpt lat="57.3218940" lon="-2.0050000">
        <name>Ythan Court</name>
      </trkpt>
      <trkpt lat="57.3219220" lon="-2.0049890">
        <name>Ythan Court</name>
      </trkpt>
      <trkpt lat="57.3219370" lon="-2.0049830">
        <name>Ythan Court</name>
      </trkpt>
      <trkpt lat="57.3219700" lon="-2.0049640">
        <name>Ythan Court</name>
      </trkpt>
      <trkpt lat="57.3220230" lon="-2.0049130">
        <name>Ythan Court</name>
      </trkpt>
      <trkpt lat="57.3220673" lon="-2.0048307">
        <name>Ythan Court</name>
      </trkpt>
      <trkpt lat="57.3221117" lon="-2.0047483">
        <name>Ythan Court</name>
      </trkpt>
      <trkpt lat="57.3221560" lon="-2.0046660">
        <name>Ythan Court</name>
      </trkpt>
      <trkpt lat="57.3221160" lon="-2.0045710">
        <name>Ythan Court</name>
      </trkpt>
      <trkpt lat="57.3220760" lon="-2.0044760">
        <name>Ythan Court</name>
      </trkpt>
      <trkpt lat="57.3220385" lon="-2.0043885">
        <name>Ythan Court</name>
      </trkpt>
      <trkpt lat="57.3220010" lon="-2.0043010">
        <name>Ythan Court</name>
      </trkpt>
      <trkpt lat="57.3219530" lon="-2.0041880">
        <name>Ythan Court</name>
      </trkpt>
      <trkpt lat="57.3219345" lon="-2.0040930">
        <name>Ythan Court</name>
      </trkpt>
      <trkpt lat="57.3219160" lon="-2.0039980">
        <name>Ythan Court</name>
      </trkpt>
      <trkpt lat="57.3218923" lon="-2.0038790">
        <name>Ythan Court</name>
      </trkpt>
      <trkpt lat="57.3218687" lon="-2.0037600">
        <name>Ythan Court</name>
      </trkpt>
      <trkpt lat="57.3218450" lon="-2.0036410">
        <name>Ythan Court</name>
      </trkpt>
      <trkpt lat="57.3218230" lon="-2.0035650">
        <name>Ythan Court</name>
      </trkpt>
      <trkpt lat="57.3218110" lon="-2.0035240">
        <name>Ythan Court</name>
      </trkpt>
      <trkpt lat="57.3217565" lon="-2.0033985">
        <name>Ythan Court</name>
      </trkpt>
      <trkpt lat="57.3217020" lon="-2.0032730">
        <name>Ythan Court</name>
      </trkpt>
      <trkpt lat="57.3216820" lon="-2.0032310">
        <name>Ythan Court</name>
      </trkpt>
      <trkpt lat="57.3216710" lon="-2.0032150">
        <name>Ythan Court</name>
      </trkpt>
      <trkpt lat="57.3216118" lon="-2.0031287">
        <name>Ythan Court</name>
      </trkpt>
      <trkpt lat="57.3215527" lon="-2.0030423">
        <name>Ythan Court</name>
      </trkpt>
      <trkpt lat="57.3214935" lon="-2.0029560">
        <name>Ythan Court</name>
      </trkpt>
      <trkpt lat="57.3214343" lon="-2.0028697">
        <name>Ythan Court</name>
      </trkpt>
      <trkpt lat="57.3213752" lon="-2.0027833">
        <name>Ythan Court</name>
      </trkpt>
      <trkpt lat="57.3213160" lon="-2.0026970">
        <name>Ythan Court</name>
      </trkpt>
      <trkpt lat="57.3212680" lon="-2.0027753">
        <name>Ythan Court</name>
      </trkpt>
      <trkpt lat="57.3212200" lon="-2.0028537">
        <name>Ythan Court</name>
      </trkpt>
      <trkpt lat="57.3211720" lon="-2.0029320">
        <name>Ythan Court</name>
      </trkpt>
      <trkpt lat="57.3211335" lon="-2.0029785">
        <name>Ythan Court</name>
      </trkpt>
      <trkpt lat="57.3210950" lon="-2.0030250">
        <name>Ythan Court</name>
      </trkpt>
      <trkpt lat="57.3210570" lon="-2.0030710">
        <name>Ythan Court</name>
      </trkpt>
      <trkpt lat="57.3210080" lon="-2.0031060">
        <name>Ythan Court</name>
      </trkpt>
      <trkpt lat="57.3209300" lon="-2.0031492">
        <name>Ythan Court</name>
      </trkpt>
      <trkpt lat="57.3208520" lon="-2.0031924">
        <name>Ythan Court</name>
      </trkpt>
      <trkpt lat="57.3207740" lon="-2.0032356">
        <name>Ythan Court</name>
      </trkpt>
      <trkpt lat="57.3206960" lon="-2.0032788">
        <name>Ythan Court</name>
      </trkpt>
      <trkpt lat="57.3206180" lon="-2.0033220">
        <name>Ythan Court</name>
      </trkpt>
      <trkpt lat="57.3205433" lon="-2.0033640">
        <name>Ythan Court</name>
      </trkpt>
      <trkpt lat="57.3204685" lon="-2.0034060">
        <name>Ythan Court</name>
      </trkpt>
      <trkpt lat="57.3203938" lon="-2.0034480">
        <name>Ythan Court</name>
      </trkpt>
      <trkpt lat="57.3203190" lon="-2.0034900">
        <name>Ythan Court</name>
      </trkpt>
      <trkpt lat="57.3202890" lon="-2.0035130">
        <name>Ythan Court</name>
      </trkpt>
      <trkpt lat="57.3202590" lon="-2.0035460">
        <name>Ythan Court</name>
      </trkpt>
      <trkpt lat="57.3202340" lon="-2.0035750">
        <name>Ythan Court</name>
      </trkpt>
      <trkpt lat="57.3202120" lon="-2.0036110">
        <name>Ythan Court</name>
      </trkpt>
      <trkpt lat="57.3201820" lon="-2.0036950">
        <name>Ythan Court</name>
      </trkpt>
      <trkpt lat="57.3201550" lon="-2.0037950">
        <name>Ythan Court</name>
      </trkpt>
      <trkpt lat="57.3201380" lon="-2.0038970">
        <name>Ythan Court</name>
      </trkpt>
      <trkpt lat="57.3201370" lon="-2.0039820">
        <name>Ythan Court</name>
      </trkpt>
      <trkpt lat="57.3201440" lon="-2.0040710">
        <name>Ythan Court</name>
      </trkpt>
      <trkpt lat="57.3201705" lon="-2.0042100">
        <name>Ythan Court</name>
      </trkpt>
      <trkpt lat="57.3201970" lon="-2.0043490">
        <name>Ythan Court</name>
      </trkpt>
      <trkpt lat="57.3202180" lon="-2.0044110">
        <name>Ythan Court</name>
      </trkpt>
      <trkpt lat="57.3202520" lon="-2.0044780">
        <name>Ythan Court</name>
      </trkpt>
      <trkpt lat="57.3202940" lon="-2.0045160">
        <name>Ythan Court</name>
      </trkpt>
      <trkpt lat="57.3203360" lon="-2.0045420">
        <name>Ythan Court</name>
      </trkpt>
      <trkpt lat="57.3203780" lon="-2.0045590">
        <name>Ythan Court</name>
      </trkpt>
      <trkpt lat="57.3204516" lon="-2.0045592">
        <name>Ythan Court</name>
      </trkpt>
      <trkpt lat="57.3205252" lon="-2.0045594">
        <name>Ythan Court</name>
      </trkpt>
      <trkpt lat="57.3205988" lon="-2.0045596">
        <name>Ythan Court</name>
      </trkpt>
      <trkpt lat="57.3206724" lon="-2.0045598">
        <name>Ythan Court</name>
      </trkpt>
      <trkpt lat="57.3207460" lon="-2.0045600">
        <name>Ythan Court</name>
      </trkpt>
      <trkpt lat="57.3208120" lon="-2.0045850">
        <name>Ythan Court</name>
      </trkpt>
      <trkpt lat="57.3208520" lon="-2.0046030">
        <name>Ythan Court</name>
      </trkpt>
      <trkpt lat="57.3208975" lon="-2.0046385">
        <name>Ythan Court</name>
      </trkpt>
      <trkpt lat="57.3209430" lon="-2.0046740">
        <name>Ythan Court</name>
      </trkpt>
      <trkpt lat="57.3209955" lon="-2.0047115">
        <name>Ythan Court</name>
      </trkpt>
      <trkpt lat="57.3210480" lon="-2.0047490">
        <name>Ythan Court</name>
      </trkpt>
      <trkpt lat="57.3211250" lon="-2.0047840">
        <name>Ythan Court</name>
      </trkpt>
      <trkpt lat="57.3212030" lon="-2.0048086">
        <name>Ythan Court</name>
      </trkpt>
      <trkpt lat="57.3212810" lon="-2.0048332">
        <name>Ythan Court</name>
      </trkpt>
      <trkpt lat="57.3213590" lon="-2.0048579">
        <name>Ythan Court</name>
      </trkpt>
      <trkpt lat="57.3214370" lon="-2.0048825">
        <name>Ythan Court</name>
      </trkpt>
      <trkpt lat="57.3215150" lon="-2.0049071">
        <name>Ythan Court</name>
      </trkpt>
      <trkpt lat="57.3215930" lon="-2.0049317">
        <name>Ythan Court</name>
      </trkpt>
      <trkpt lat="57.3216710" lon="-2.0049564">
        <name>Ythan Court</name>
      </trkpt>
      <trkpt lat="57.3217490" lon="-2.0049810">
        <name>Ythan Court</name>
      </trkpt>
      <trkpt lat="57.3218230" lon="-2.0049950">
        <name>Ythan Court</name>
      </trkpt>
      <trkpt lat="57.3218940" lon="-2.0050000">
        <name>Ythan Court</name>
      </trkpt>
      <trkpt lat="57.3219370" lon="-2.0049830">
        <name>Ythan Court</name>
      </trkpt>
      <trkpt lat="57.3219700" lon="-2.0049640">
        <name>Ythan Court</name>
      </trkpt>
      <trkpt lat="57.3220230" lon="-2.0049130">
        <name>Ythan Court</name>
      </trkpt>
      <trkpt lat="57.3220673" lon="-2.0048307">
        <name>Ythan Court</name>
      </trkpt>
      <trkpt lat="57.3221117" lon="-2.0047483">
        <name>Ythan Court</name>
      </trkpt>
      <trkpt lat="57.3221560" lon="-2.0046660">
        <name>Ythan Court</name>
      </trkpt>
      <trkpt lat="57.3221160" lon="-2.0045710">
        <name>Ythan Court</name>
      </trkpt>
      <trkpt lat="57.3220760" lon="-2.0044760">
        <name>Ythan Court</name>
      </trkpt>
      <trkpt lat="57.3220350" lon="-2.0043800">
        <name>Ythan Court</name>
      </trkpt>
      <trkpt lat="57.3219940" lon="-2.0042840">
        <name>Ythan Court</name>
      </trkpt>
      <trkpt lat="57.3219530" lon="-2.0041880">
        <name>Ythan Court</name>
      </trkpt>
      <trkpt lat="57.3219260" lon="-2.0040512">
        <name>Ythan Court</name>
      </trkpt>
      <trkpt lat="57.3218990" lon="-2.0039145">
        <name>Ythan Court</name>
      </trkpt>
      <trkpt lat="57.3218720" lon="-2.0037778">
        <name>Ythan Court</name>
      </trkpt>
      <trkpt lat="57.3218450" lon="-2.0036410">
        <name>Ythan Court</name>
      </trkpt>
      <trkpt lat="57.3218110" lon="-2.0035240">
        <name>Ythan Court</name>
      </trkpt>
      <trkpt lat="57.3217565" lon="-2.0033985">
        <name>Ythan Court</name>
      </trkpt>
      <trkpt lat="57.3217020" lon="-2.0032730">
        <name>Ythan Court</name>
      </trkpt>
      <trkpt lat="57.3216820" lon="-2.0032310">
        <name>Ythan Court</name>
      </trkpt>
      <trkpt lat="57.3217343" lon="-2.0031363">
        <name>Ythan Court</name>
      </trkpt>
      <trkpt lat="57.3217867" lon="-2.0030417">
        <name>Ythan Court</name>
      </trkpt>
      <trkpt lat="57.3218390" lon="-2.0029470">
        <name>Ythan Court</name>
      </trkpt>
      <trkpt lat="57.3218970" lon="-2.0028410">
        <name>Ythan Court</name>
      </trkpt>
      <trkpt lat="57.3219410" lon="-2.0027790">
        <name>Ythan Court</name>
      </trkpt>
      <trkpt lat="57.3219730" lon="-2.0027420">
        <name>Ythan Court</name>
      </trkpt>
      <trkpt lat="57.3219890" lon="-2.0027240">
        <name>Ythan Court</name>
      </trkpt>
      <trkpt lat="57.3220463" lon="-2.0026850">
        <name>Ythan Court</name>
      </trkpt>
      <trkpt lat="57.3221037" lon="-2.0026460">
        <name>Ythan Court</name>
      </trkpt>
      <trkpt lat="57.3221610" lon="-2.0026070">
        <name>Ythan Court</name>
      </trkpt>
      <trkpt lat="57.3222417" lon="-2.0025473">
        <name>Ythan Court</name>
      </trkpt>
      <trkpt lat="57.3223223" lon="-2.0024877">
        <name>Ythan Court</name>
      </trkpt>
      <trkpt lat="57.3224030" lon="-2.0024280">
        <name>Ythan Court</name>
      </trkpt>
      <trkpt lat="57.3223757" lon="-2.0022837">
        <name>Ythan Court</name>
      </trkpt>
      <trkpt lat="57.3223483" lon="-2.0021393">
        <name>Ythan Court</name>
      </trkpt>
      <trkpt lat="57.3223210" lon="-2.0019950">
        <name>Ythan Court</name>
      </trkpt>
      <trkpt lat="57.3223090" lon="-2.0019330">
        <name>Ythan Court</name>
      </trkpt>
      <trkpt lat="57.3223330" lon="-2.0020600">
        <name>Ythan Court</name>
      </trkpt>
      <trkpt lat="57.3223570" lon="-2.0021870">
        <name>Ythan Court</name>
      </trkpt>
      <trkpt lat="57.3223810" lon="-2.0023140">
        <name>Ythan Court</name>
      </trkpt>
      <trkpt lat="57.3224050" lon="-2.0024410">
        <name>Ythan Court</name>
      </trkpt>
      <trkpt lat="57.3223545" lon="-2.0024755">
        <name>Ythan Court</name>
      </trkpt>
      <trkpt lat="57.3223040" lon="-2.0025100">
        <name>Ythan Court</name>
      </trkpt>
      <trkpt lat="57.3222277" lon="-2.0025620">
        <name>Ythan Court</name>
      </trkpt>
      <trkpt lat="57.3221513" lon="-2.0026140">
        <name>Ythan Court</name>
      </trkpt>
      <trkpt lat="57.3220750" lon="-2.0026660">
        <name>Ythan Court</name>
      </trkpt>
      <trkpt lat="57.3220320" lon="-2.0026950">
        <name>Ythan Court</name>
      </trkpt>
      <trkpt lat="57.3219890" lon="-2.0027240">
        <name>Ythan Court</name>
      </trkpt>
      <trkpt lat="57.3219410" lon="-2.0027790">
        <name>Ythan Court</name>
      </trkpt>
      <trkpt lat="57.3219190" lon="-2.0028100">
        <name>Ythan Court</name>
      </trkpt>
      <trkpt lat="57.3218970" lon="-2.0028410">
        <name>Ythan Court</name>
      </trkpt>
      <trkpt lat="57.3218533" lon="-2.0029203">
        <name>Ythan Court</name>
      </trkpt>
      <trkpt lat="57.3218097" lon="-2.0029997">
        <name>Ythan Court</name>
      </trkpt>
      <trkpt lat="57.3217660" lon="-2.0030790">
        <name>Ythan Court</name>
      </trkpt>
      <trkpt lat="57.3217240" lon="-2.0031550">
        <name>Ythan Court</name>
      </trkpt>
      <trkpt lat="57.3216820" lon="-2.0032310">
        <name>Ythan Court</name>
      </trkpt>
      <trkpt lat="57.3216250" lon="-2.0031470">
        <name>Ythan Court</name>
      </trkpt>
      <trkpt lat="57.3215785" lon="-2.0030795">
        <name>Ythan Court</name>
      </trkpt>
      <trkpt lat="57.3215320" lon="-2.0030120">
        <name>Ythan Court</name>
      </trkpt>
      <trkpt lat="57.3214780" lon="-2.0029332">
        <name>Ythan Court</name>
      </trkpt>
      <trkpt lat="57.3214240" lon="-2.0028545">
        <name>Ythan Court</name>
      </trkpt>
      <trkpt lat="57.3213700" lon="-2.0027758">
        <name>Ythan Court</name>
      </trkpt>
      <trkpt lat="57.3213160" lon="-2.0026970">
        <name>Ythan Court</name>
      </trkpt>
      <trkpt lat="57.3212797" lon="-2.0025943">
        <name>Ythan Court</name>
      </trkpt>
      <trkpt lat="57.3212433" lon="-2.0024917">
        <name>Ythan Court</name>
      </trkpt>
      <trkpt lat="57.3212070" lon="-2.0023890">
        <name>Ythan Court</name>
      </trkpt>
      <trkpt lat="57.3211817" lon="-2.0022843">
        <name>Ythan Court</name>
      </trkpt>
      <trkpt lat="57.3211563" lon="-2.0021797">
        <name>Ythan Court</name>
      </trkpt>
      <trkpt lat="57.3211310" lon="-2.0020750">
        <name>Ythan Court</name>
      </trkpt>
      <trkpt lat="57.3212062" lon="-2.0020200">
        <name>Ythan Court</name>
      </trkpt>
      <trkpt lat="57.3212814" lon="-2.0019650">
        <name>Ythan Court</name>
      </trkpt>
      <trkpt lat="57.3213567" lon="-2.0019100">
        <name>Ythan Court</name>
      </trkpt>
      <trkpt lat="57.3214319" lon="-2.0018550">
        <name>Ythan Court</name>
      </trkpt>
      <trkpt lat="57.3215071" lon="-2.0018000">
        <name>Ythan Court</name>
      </trkpt>
      <trkpt lat="57.3215823" lon="-2.0017450">
        <name>Ythan Court</name>
      </trkpt>
      <trkpt lat="57.3216576" lon="-2.0016900">
        <name>Ythan Court</name>
      </trkpt>
      <trkpt lat="57.3217328" lon="-2.0016350">
        <name>Ythan Court</name>
      </trkpt>
      <trkpt lat="57.3218080" lon="-2.0015800">
        <name>Ythan Court</name>
      </trkpt>
      <trkpt lat="57.3218883" lon="-2.0015300">
        <name>Ythan Court</name>
      </trkpt>
      <trkpt lat="57.3219687" lon="-2.0014800">
        <name>Ythan Court</name>
      </trkpt>
      <trkpt lat="57.3220490" lon="-2.0014300">
        <name>Ythan Court</name>
      </trkpt>
      <trkpt lat="57.3221090" lon="-2.0013965">
        <name>Ythan Court</name>
      </trkpt>
      <trkpt lat="57.3221690" lon="-2.0013630">
        <name>Ythan Court</name>
      </trkpt>
      <trkpt lat="57.3222456" lon="-2.0013193">
        <name>Ythan Court</name>
      </trkpt>
      <trkpt lat="57.3223221" lon="-2.0012757">
        <name>Ythan Court</name>
      </trkpt>
      <trkpt lat="57.3223987" lon="-2.0012320">
        <name>Ythan Court</name>
      </trkpt>
      <trkpt lat="57.3224752" lon="-2.0011883">
        <name>Ythan Court</name>
      </trkpt>
      <trkpt lat="57.3225518" lon="-2.0011447">
        <name>Ythan Court</name>
      </trkpt>
      <trkpt lat="57.3226283" lon="-2.0011010">
        <name>Ythan Court</name>
      </trkpt>
      <trkpt lat="57.3227049" lon="-2.0010573">
        <name>Ythan Court</name>
      </trkpt>
      <trkpt lat="57.3227814" lon="-2.0010137">
        <name>Ythan Court</name>
      </trkpt>
      <trkpt lat="57.3228580" lon="-2.0009700">
        <name>Ythan Court</name>
      </trkpt>
      <trkpt lat="57.3228330" lon="-2.0008287">
        <name>Ythan Court</name>
      </trkpt>
      <trkpt lat="57.3228080" lon="-2.0006873">
        <name>Ythan Court</name>
      </trkpt>
      <trkpt lat="57.3227830" lon="-2.0005460">
        <name>Ythan Court</name>
      </trkpt>
      <trkpt lat="57.3227067" lon="-2.0005957">
        <name>Ythan Court</name>
      </trkpt>
      <trkpt lat="57.3226303" lon="-2.0006453">
        <name>Ythan Court</name>
      </trkpt>
      <trkpt lat="57.3225540" lon="-2.0006950">
        <name>Ythan Court</name>
      </trkpt>
      <trkpt lat="57.3224777" lon="-2.0007447">
        <name>Ythan Court</name>
      </trkpt>
      <trkpt lat="57.3224013" lon="-2.0007943">
        <name>Ythan Court</name>
      </trkpt>
      <trkpt lat="57.3223250" lon="-2.0008440">
        <name>Ythan Court</name>
      </trkpt>
      <trkpt lat="57.3222487" lon="-2.0008937">
        <name>Ythan Court</name>
      </trkpt>
      <trkpt lat="57.3221723" lon="-2.0009433">
        <name>Ythan Court</name>
      </trkpt>
      <trkpt lat="57.3220960" lon="-2.0009930">
        <name>Ythan Court</name>
      </trkpt>
      <trkpt lat="57.3220134" lon="-2.0010468">
        <name>Ythan Court</name>
      </trkpt>
      <trkpt lat="57.3219308" lon="-2.0011006">
        <name>Ythan Court</name>
      </trkpt>
      <trkpt lat="57.3218482" lon="-2.0011544">
        <name>Ythan Court</name>
      </trkpt>
      <trkpt lat="57.3217656" lon="-2.0012082">
        <name>Ythan Court</name>
      </trkpt>
      <trkpt lat="57.3216830" lon="-2.0012620">
        <name>Ythan Court</name>
      </trkpt>
      <trkpt lat="57.3216044" lon="-2.0013119">
        <name>Ythan Court</name>
      </trkpt>
      <trkpt lat="57.3215257" lon="-2.0013618">
        <name>Ythan Court</name>
      </trkpt>
      <trkpt lat="57.3214471" lon="-2.0014116">
        <name>Ythan Court</name>
      </trkpt>
      <trkpt lat="57.3213685" lon="-2.0014615">
        <name>Ythan Court</name>
      </trkpt>
      <trkpt lat="57.3212899" lon="-2.0015114">
        <name>Ythan Court</name>
      </trkpt>
      <trkpt lat="57.3212112" lon="-2.0015612">
        <name>Ythan Court</name>
      </trkpt>
      <trkpt lat="57.3211326" lon="-2.0016111">
        <name>Ythan Court</name>
      </trkpt>
      <trkpt lat="57.3210540" lon="-2.0016610">
        <name>Ythan Court</name>
      </trkpt>
      <trkpt lat="57.3210797" lon="-2.0017990">
        <name>Ythan Court</name>
      </trkpt>
      <trkpt lat="57.3211053" lon="-2.0019370">
        <name>Ythan Court</name>
      </trkpt>
      <trkpt lat="57.3211310" lon="-2.0020750">
        <name>Ythan Court</name>
      </trkpt>
      <trkpt lat="57.3211563" lon="-2.0021797">
        <name>Ythan Court</name>
      </trkpt>
      <trkpt lat="57.3211817" lon="-2.0022843">
        <name>Ythan Court</name>
      </trkpt>
      <trkpt lat="57.3212070" lon="-2.0023890">
        <name>Ythan Court</name>
      </trkpt>
      <trkpt lat="57.3212433" lon="-2.0024917">
        <name>Ythan Court</name>
      </trkpt>
      <trkpt lat="57.3212797" lon="-2.0025943">
        <name>Ythan Court</name>
      </trkpt>
      <trkpt lat="57.3213160" lon="-2.0026970">
        <name>Ythan Court</name>
      </trkpt>
      <trkpt lat="57.3213470" lon="-2.0027420">
        <name>Ythan Court</name>
      </trkpt>
      <trkpt lat="57.3214140" lon="-2.0028398">
        <name>Ythan Court</name>
      </trkpt>
      <trkpt lat="57.3214810" lon="-2.0029376">
        <name>Ythan Court</name>
      </trkpt>
      <trkpt lat="57.3215480" lon="-2.0030354">
        <name>Ythan Court</name>
      </trkpt>
      <trkpt lat="57.3216150" lon="-2.0031332">
        <name>Ythan Court</name>
      </trkpt>
      <trkpt lat="57.3216820" lon="-2.0032310">
        <name>Ythan Court</name>
      </trkpt>
      <trkpt lat="57.3217020" lon="-2.0032730">
        <name>Ythan Court</name>
      </trkpt>
      <trkpt lat="57.3217565" lon="-2.0033985">
        <name>Ythan Court</name>
      </trkpt>
      <trkpt lat="57.3218110" lon="-2.0035240">
        <name>Ythan Court</name>
      </trkpt>
      <trkpt lat="57.3218450" lon="-2.0036410">
        <name>Ythan Court</name>
      </trkpt>
      <trkpt lat="57.3218660" lon="-2.0037480">
        <name>Ythan Court</name>
      </trkpt>
      <trkpt lat="57.3218950" lon="-2.0038947">
        <name>Ythan Court</name>
      </trkpt>
      <trkpt lat="57.3219240" lon="-2.0040413">
        <name>Ythan Court</name>
      </trkpt>
      <trkpt lat="57.3219530" lon="-2.0041880">
        <name>Ythan Court</name>
      </trkpt>
      <trkpt lat="57.3220080" lon="-2.0043165">
        <name>Ythan Court</name>
      </trkpt>
      <trkpt lat="57.3220630" lon="-2.0044450">
        <name>Ythan Court</name>
      </trkpt>
      <trkpt lat="57.3220760" lon="-2.0044760">
        <name>Ythan Court</name>
      </trkpt>
      <trkpt lat="57.3221160" lon="-2.0045710">
        <name>Ythan Court</name>
      </trkpt>
      <trkpt lat="57.3221560" lon="-2.0046660">
        <name>Ythan Court</name>
      </trkpt>
      <trkpt lat="57.3222090" lon="-2.0047640">
        <name>Ythan Road</name>
      </trkpt>
      <trkpt lat="57.3222680" lon="-2.0048480">
        <name>Ythan Road</name>
      </trkpt>
      <trkpt lat="57.3223360" lon="-2.0048760">
        <name>Ythan Road</name>
      </trkpt>
      <trkpt lat="57.3223570" lon="-2.0048760">
        <name>Ythan Road</name>
      </trkpt>
      <trkpt lat="57.3223870" lon="-2.0048750">
        <name>Ythan Road</name>
      </trkpt>
      <trkpt lat="57.3224525" lon="-2.0048485">
        <name>Ythan Road</name>
      </trkpt>
      <trkpt lat="57.3225180" lon="-2.0048220">
        <name>Ythan Road</name>
      </trkpt>
      <trkpt lat="57.3225330" lon="-2.0048160">
        <name>Ythan Road</name>
      </trkpt>
      <trkpt lat="57.3225620" lon="-2.0049468">
        <name>Ythan Road</name>
      </trkpt>
      <trkpt lat="57.3225910" lon="-2.0050775">
        <name>Ythan Road</name>
      </trkpt>
      <trkpt lat="57.3226200" lon="-2.0052082">
        <name>Ythan Road</name>
      </trkpt>
      <trkpt lat="57.3226490" lon="-2.0053390">
        <name>Ythan Road</name>
      </trkpt>
      <trkpt lat="57.3226715" lon="-2.0054370">
        <name>Ythan Road</name>
      </trkpt>
      <trkpt lat="57.3226940" lon="-2.0055350">
        <name>Ythan Road</name>
      </trkpt>
      <trkpt lat="57.3227130" lon="-2.0056160">
        <name>Ythan Road</name>
      </trkpt>
      <trkpt lat="57.3226810" lon="-2.0054775">
        <name>Ythan Road</name>
      </trkpt>
      <trkpt lat="57.3226490" lon="-2.0053390">
        <name>Ythan Road</name>
      </trkpt>
      <trkpt lat="57.3226200" lon="-2.0052082">
        <name>Ythan Road</name>
      </trkpt>
      <trkpt lat="57.3225910" lon="-2.0050775">
        <name>Ythan Road</name>
      </trkpt>
      <trkpt lat="57.3225620" lon="-2.0049468">
        <name>Ythan Road</name>
      </trkpt>
      <trkpt lat="57.3225330" lon="-2.0048160">
        <name>Ythan Road</name>
      </trkpt>
      <trkpt lat="57.3225880" lon="-2.0047690">
        <name>Ythan Road</name>
      </trkpt>
      <trkpt lat="57.3226493" lon="-2.0047162">
        <name>Ythan Road</name>
      </trkpt>
      <trkpt lat="57.3227105" lon="-2.0046635">
        <name>Ythan Road</name>
      </trkpt>
      <trkpt lat="57.3227718" lon="-2.0046107">
        <name>Ythan Road</name>
      </trkpt>
      <trkpt lat="57.3228330" lon="-2.0045580">
        <name>Ythan Road</name>
      </trkpt>
      <trkpt lat="57.3228907" lon="-2.0045083">
        <name>Ythan Road</name>
      </trkpt>
      <trkpt lat="57.3229483" lon="-2.0044587">
        <name>Ythan Road</name>
      </trkpt>
      <trkpt lat="57.3230060" lon="-2.0044090">
        <name>Ythan Road</name>
      </trkpt>
      <trkpt lat="57.3230595" lon="-2.0043575">
        <name>Ythan Road</name>
      </trkpt>
      <trkpt lat="57.3231130" lon="-2.0043060">
        <name>Ythan Road</name>
      </trkpt>
      <trkpt lat="57.3231320" lon="-2.0042870">
        <name>Ythan Road</name>
      </trkpt>
      <trkpt lat="57.3231560" lon="-2.0042400">
        <name>Ythan Road</name>
      </trkpt>
      <trkpt lat="57.3231750" lon="-2.0041890">
        <name>Ythan Road</name>
      </trkpt>
      <trkpt lat="57.3231890" lon="-2.0041190">
        <name>Ythan Road</name>
      </trkpt>
      <trkpt lat="57.3232000" lon="-2.0040360">
        <name>Ythan Road</name>
      </trkpt>
      <trkpt lat="57.3232200" lon="-2.0040430">
        <name>Ythan Road</name>
      </trkpt>
      <trkpt lat="57.3232610" lon="-2.0040570">
        <name>Ythan Road</name>
      </trkpt>
      <trkpt lat="57.3233255" lon="-2.0041310">
        <name>Ythan Gardens</name>
      </trkpt>
      <trkpt lat="57.3233900" lon="-2.0042050">
        <name>Ythan Gardens</name>
      </trkpt>
      <trkpt lat="57.3234350" lon="-2.0042700">
        <name>Ythan Gardens</name>
      </trkpt>
      <trkpt lat="57.3234870" lon="-2.0043463">
        <name>Ythan Gardens</name>
      </trkpt>
      <trkpt lat="57.3235390" lon="-2.0044227">
        <name>Ythan Gardens</name>
      </trkpt>
      <trkpt lat="57.3235910" lon="-2.0044990">
        <name>Ythan Gardens</name>
      </trkpt>
      <trkpt lat="57.3236210" lon="-2.0045800">
        <name>Ythan Gardens</name>
      </trkpt>
      <trkpt lat="57.3236425" lon="-2.0046670">
        <name>Ythan Gardens</name>
      </trkpt>
      <trkpt lat="57.3236640" lon="-2.0047540">
        <name>Ythan Gardens</name>
      </trkpt>
      <trkpt lat="57.3236770" lon="-2.0048355">
        <name>Ythan Gardens</name>
      </trkpt>
      <trkpt lat="57.3236900" lon="-2.0049170">
        <name>Ythan Gardens</name>
      </trkpt>
      <trkpt lat="57.3237100" lon="-2.0050445">
        <name>Ythan Gardens</name>
      </trkpt>
      <trkpt lat="57.3237300" lon="-2.0051720">
        <name>Ythan Gardens</name>
      </trkpt>
      <trkpt lat="57.3237500" lon="-2.0052995">
        <name>Ythan Gardens</name>
      </trkpt>
      <trkpt lat="57.3237700" lon="-2.0054270">
        <name>Ythan Gardens</name>
      </trkpt>
      <trkpt lat="57.3237920" lon="-2.0055710">
        <name>Ythan Gardens</name>
      </trkpt>
      <trkpt lat="57.3237118" lon="-2.0055620">
        <name>Ythan Gardens</name>
      </trkpt>
      <trkpt lat="57.3236315" lon="-2.0055530">
        <name>Ythan Gardens</name>
      </trkpt>
      <trkpt lat="57.3235512" lon="-2.0055440">
        <name>Ythan Gardens</name>
      </trkpt>
      <trkpt lat="57.3234710" lon="-2.0055350">
        <name>Ythan Gardens</name>
      </trkpt>
      <trkpt lat="57.3234000" lon="-2.0055270">
        <name>Ythan Gardens</name>
      </trkpt>
      <trkpt lat="57.3234784" lon="-2.0055358">
        <name>Ythan Gardens</name>
      </trkpt>
      <trkpt lat="57.3235568" lon="-2.0055446">
        <name>Ythan Gardens</name>
      </trkpt>
      <trkpt lat="57.3236352" lon="-2.0055534">
        <name>Ythan Gardens</name>
      </trkpt>
      <trkpt lat="57.3237136" lon="-2.0055622">
        <name>Ythan Gardens</name>
      </trkpt>
      <trkpt lat="57.3237920" lon="-2.0055710">
        <name>Ythan Gardens</name>
      </trkpt>
      <trkpt lat="57.3238740" lon="-2.0055778">
        <name>Ythan Gardens</name>
      </trkpt>
      <trkpt lat="57.3239560" lon="-2.0055845">
        <name>Ythan Gardens</name>
      </trkpt>
      <trkpt lat="57.3240380" lon="-2.0055913">
        <name>Ythan Gardens</name>
      </trkpt>
      <trkpt lat="57.3241200" lon="-2.0055980">
        <name>Ythan Gardens</name>
      </trkpt>
      <trkpt lat="57.3240970" lon="-2.0055960">
        <name>Ythan Way</name>
      </trkpt>
      <trkpt lat="57.3240208" lon="-2.0055898">
        <name>Ythan Way</name>
      </trkpt>
      <trkpt lat="57.3239445" lon="-2.0055835">
        <name>Ythan Way</name>
      </trkpt>
      <trkpt lat="57.3238682" lon="-2.0055772">
        <name>Ythan Way</name>
      </trkpt>
      <trkpt lat="57.3237920" lon="-2.0055710">
        <name>Ythan Way</name>
      </trkpt>
      <trkpt lat="57.3237670" lon="-2.0054120">
        <name>Ythan Way</name>
      </trkpt>
      <trkpt lat="57.3237420" lon="-2.0052530">
        <name>Ythan Way</name>
      </trkpt>
      <trkpt lat="57.3237225" lon="-2.0051283">
        <name>Ythan Way</name>
      </trkpt>
      <trkpt lat="57.3237030" lon="-2.0050035">
        <name>Ythan Way</name>
      </trkpt>
      <trkpt lat="57.3236835" lon="-2.0048788">
        <name>Ythan Way</name>
      </trkpt>
      <trkpt lat="57.3236640" lon="-2.0047540">
        <name>Ythan Way</name>
      </trkpt>
      <trkpt lat="57.3236290" lon="-2.0046130">
        <name>Ythan Way</name>
      </trkpt>
      <trkpt lat="57.3236210" lon="-2.0045800">
        <name>Ythan Way</name>
      </trkpt>
      <trkpt lat="57.3235910" lon="-2.0044990">
        <name>Ythan Way</name>
      </trkpt>
      <trkpt lat="57.3235240" lon="-2.0044010">
        <name>Ythan Way</name>
      </trkpt>
      <trkpt lat="57.3234570" lon="-2.0043030">
        <name>Ythan Way</name>
      </trkpt>
      <trkpt lat="57.3233900" lon="-2.0042050">
        <name>Ythan Way</name>
      </trkpt>
      <trkpt lat="57.3233255" lon="-2.0041310">
        <name>Ythan Way</name>
      </trkpt>
      <trkpt lat="57.3232610" lon="-2.0040570">
        <name>Ythan Way</name>
      </trkpt>
      <trkpt lat="57.3232000" lon="-2.0040360">
        <name>Ythan Way</name>
      </trkpt>
      <trkpt lat="57.3231950" lon="-2.0039150">
        <name>Ythan Way</name>
      </trkpt>
      <trkpt lat="57.3231900" lon="-2.0037940">
        <name>Ythan Way</name>
      </trkpt>
      <trkpt lat="57.3231826" lon="-2.0036558">
        <name>Ythan Way</name>
      </trkpt>
      <trkpt lat="57.3231752" lon="-2.0035176">
        <name>Ythan Way</name>
      </trkpt>
      <trkpt lat="57.3231678" lon="-2.0033794">
        <name>Ythan Way</name>
      </trkpt>
      <trkpt lat="57.3231604" lon="-2.0032412">
        <name>Ythan Way</name>
      </trkpt>
      <trkpt lat="57.3231530" lon="-2.0031030">
        <name>Ythan Way</name>
      </trkpt>
      <trkpt lat="57.3230863" lon="-2.0030957">
        <name>Ythan Way</name>
      </trkpt>
      <trkpt lat="57.3230197" lon="-2.0030883">
        <name>Ythan Way</name>
      </trkpt>
      <trkpt lat="57.3229530" lon="-2.0030810">
        <name>Ythan Way</name>
      </trkpt>
      <trkpt lat="57.3229040" lon="-2.0030960">
        <name>Ythan Way</name>
      </trkpt>
      <trkpt lat="57.3228580" lon="-2.0031250">
        <name>Ythan Way</name>
      </trkpt>
      <trkpt lat="57.3228130" lon="-2.0031735">
        <name>Ythan Way</name>
      </trkpt>
      <trkpt lat="57.3227680" lon="-2.0032220">
        <name>Ythan Way</name>
      </trkpt>
      <trkpt lat="57.3227570" lon="-2.0032010">
        <name>Ythan Way</name>
      </trkpt>
      <trkpt lat="57.3227030" lon="-2.0030970">
        <name>Ythan Way</name>
      </trkpt>
      <trkpt lat="57.3227355" lon="-2.0031595">
        <name>Ythan Way</name>
      </trkpt>
      <trkpt lat="57.3227680" lon="-2.0032220">
        <name>Ythan Way</name>
      </trkpt>
      <trkpt lat="57.3228130" lon="-2.0031735">
        <name>Ythan Court</name>
      </trkpt>
      <trkpt lat="57.3228580" lon="-2.0031250">
        <name>Ythan Court</name>
      </trkpt>
      <trkpt lat="57.3229040" lon="-2.0030960">
        <name>Ythan Court</name>
      </trkpt>
      <trkpt lat="57.3229530" lon="-2.0030810">
        <name>Ythan Court</name>
      </trkpt>
      <trkpt lat="57.3230220" lon="-2.0030887">
        <name>Ythan Road</name>
      </trkpt>
      <trkpt lat="57.3230910" lon="-2.0030963">
        <name>Ythan Road</name>
      </trkpt>
      <trkpt lat="57.3231600" lon="-2.0031040">
        <name>Ythan Road</name>
      </trkpt>
      <trkpt lat="57.3231550" lon="-2.0030095">
        <name>Ythan Road</name>
      </trkpt>
      <trkpt lat="57.3231500" lon="-2.0029150">
        <name>Ythan Road</name>
      </trkpt>
      <trkpt lat="57.3231430" lon="-2.0027740">
        <name>Ythan Road</name>
      </trkpt>
      <trkpt lat="57.3231280" lon="-2.0026413">
        <name>Ythan Road</name>
      </trkpt>
      <trkpt lat="57.3231130" lon="-2.0025087">
        <name>Ythan Road</name>
      </trkpt>
      <trkpt lat="57.3230980" lon="-2.0023760">
        <name>Ythan Road</name>
      </trkpt>
      <trkpt lat="57.3230795" lon="-2.0022625">
        <name>Ythan Road</name>
      </trkpt>
      <trkpt lat="57.3230610" lon="-2.0021490">
        <name>Ythan Road</name>
      </trkpt>
      <trkpt lat="57.3230390" lon="-2.0020380">
        <name>Ythan Road</name>
      </trkpt>
      <trkpt lat="57.3230170" lon="-2.0019270">
        <name>Ythan Road</name>
      </trkpt>
      <trkpt lat="57.3229490" lon="-2.0019657">
        <name>Ythan Road</name>
      </trkpt>
      <trkpt lat="57.3228810" lon="-2.0020043">
        <name>Ythan Road</name>
      </trkpt>
      <trkpt lat="57.3228130" lon="-2.0020430">
        <name>Ythan Road</name>
      </trkpt>
      <trkpt lat="57.3227750" lon="-2.0020650">
        <name>Ythan Road</name>
      </trkpt>
      <trkpt lat="57.3228583" lon="-2.0020177">
        <name>Ythan Road</name>
      </trkpt>
      <trkpt lat="57.3229417" lon="-2.0019703">
        <name>Ythan Road</name>
      </trkpt>
      <trkpt lat="57.3230250" lon="-2.0019230">
        <name>Ythan Road</name>
      </trkpt>
      <trkpt lat="57.3229980" lon="-2.0017730">
        <name>Ythan Road</name>
      </trkpt>
      <trkpt lat="57.3229770" lon="-2.0016570">
        <name>Ythan Road</name>
      </trkpt>
      <trkpt lat="57.3229560" lon="-2.0015410">
        <name>Ythan Road</name>
      </trkpt>
      <trkpt lat="57.3229350" lon="-2.0014250">
        <name>Ythan Road</name>
      </trkpt>
      <trkpt lat="57.3229620" lon="-2.0014090">
        <name>Ythan Road</name>
      </trkpt>
      <trkpt lat="57.3230360" lon="-2.0013635">
        <name>Ythan Gardens</name>
      </trkpt>
      <trkpt lat="57.3231100" lon="-2.0013180">
        <name>Ythan Gardens</name>
      </trkpt>
      <trkpt lat="57.3231430" lon="-2.0012980">
        <name>Ythan Gardens</name>
      </trkpt>
      <trkpt lat="57.3231860" lon="-2.0012600">
        <name>Ythan Gardens</name>
      </trkpt>
      <trkpt lat="57.3232140" lon="-2.0012100">
        <name>Ythan Gardens</name>
      </trkpt>
      <trkpt lat="57.3232500" lon="-2.0010930">
        <name>Ythan Gardens</name>
      </trkpt>
      <trkpt lat="57.3232580" lon="-2.0010050">
        <name>Ythan Gardens</name>
      </trkpt>
      <trkpt lat="57.3232415" lon="-2.0009060">
        <name>Ythan Gardens</name>
      </trkpt>
      <trkpt lat="57.3232250" lon="-2.0008070">
        <name>Ythan Gardens</name>
      </trkpt>
      <trkpt lat="57.3232420" lon="-2.0009100">
        <name>Ythan Gardens</name>
      </trkpt>
      <trkpt lat="57.3232590" lon="-2.0010130">
        <name>Ythan Gardens</name>
      </trkpt>
      <trkpt lat="57.3232500" lon="-2.0010930">
        <name>Ythan Way</name>
      </trkpt>
      <trkpt lat="57.3232140" lon="-2.0012100">
        <name>Ythan Way</name>
      </trkpt>
      <trkpt lat="57.3231860" lon="-2.0012600">
        <name>Ythan Way</name>
      </trkpt>
      <trkpt lat="57.3231430" lon="-2.0012980">
        <name>Ythan Way</name>
      </trkpt>
      <trkpt lat="57.3230970" lon="-2.0013260">
        <name>Ythan Way</name>
      </trkpt>
      <trkpt lat="57.3230510" lon="-2.0013540">
        <name>Ythan Way</name>
      </trkpt>
      <trkpt lat="57.3229930" lon="-2.0013895">
        <name>Ythan Way</name>
      </trkpt>
      <trkpt lat="57.3229350" lon="-2.0014250">
        <name>Ythan Way</name>
      </trkpt>
      <trkpt lat="57.3229153" lon="-2.0013097">
        <name>Ythan Way</name>
      </trkpt>
      <trkpt lat="57.3228957" lon="-2.0011943">
        <name>Ythan Way</name>
      </trkpt>
      <trkpt lat="57.3228760" lon="-2.0010790">
        <name>Ythan Way</name>
      </trkpt>
      <trkpt lat="57.3228580" lon="-2.0009700">
        <name>Ythan Way</name>
      </trkpt>
      <trkpt lat="57.3227813" lon="-2.0010137">
        <name>Ythan Way</name>
      </trkpt>
      <trkpt lat="57.3227047" lon="-2.0010573">
        <name>Ythan Way</name>
      </trkpt>
      <trkpt lat="57.3226280" lon="-2.0011010">
        <name>Ythan Way</name>
      </trkpt>
      <trkpt lat="57.3225502" lon="-2.0011455">
        <name>Ythan Way</name>
      </trkpt>
      <trkpt lat="57.3224725" lon="-2.0011900">
        <name>Ythan Way</name>
      </trkpt>
      <trkpt lat="57.3223948" lon="-2.0012345">
        <name>Ythan Way</name>
      </trkpt>
      <trkpt lat="57.3223170" lon="-2.0012790">
        <name>Ythan Way</name>
      </trkpt>
      <trkpt lat="57.3222430" lon="-2.0013210">
        <name>Ythan Way</name>
      </trkpt>
      <trkpt lat="57.3221690" lon="-2.0013630">
        <name>Ythan Way</name>
      </trkpt>
      <trkpt lat="57.3220930" lon="-2.0014050">
        <name>Ythan Way</name>
      </trkpt>
      <trkpt lat="57.3220490" lon="-2.0014300">
        <name>Ythan Way</name>
      </trkpt>
      <trkpt lat="57.3219755" lon="-2.0014760">
        <name>Ythan Road</name>
      </trkpt>
      <trkpt lat="57.3219020" lon="-2.0015220">
        <name>Ythan Road</name>
      </trkpt>
      <trkpt lat="57.3218550" lon="-2.0015510">
        <name>Ythan Road</name>
      </trkpt>
      <trkpt lat="57.3218080" lon="-2.0015800">
        <name>Ythan Road</name>
      </trkpt>
      <trkpt lat="57.3217285" lon="-2.0016380">
        <name>Ythan Road</name>
      </trkpt>
      <trkpt lat="57.3216490" lon="-2.0016960">
        <name>Ythan Road</name>
      </trkpt>
      <trkpt lat="57.3215850" lon="-2.0017430">
        <name>Ythan Road</name>
      </trkpt>
      <trkpt lat="57.3215210" lon="-2.0017900">
        <name>Ythan Road</name>
      </trkpt>
      <trkpt lat="57.3214570" lon="-2.0018370">
        <name>Ythan Road</name>
      </trkpt>
      <trkpt lat="57.3213887" lon="-2.0018870">
        <name>Ythan Road</name>
      </trkpt>
      <trkpt lat="57.3213203" lon="-2.0019370">
        <name>Ythan Road</name>
      </trkpt>
      <trkpt lat="57.3212520" lon="-2.0019870">
        <name>Ythan Road</name>
      </trkpt>
      <trkpt lat="57.3211915" lon="-2.0020310">
        <name>Ythan Road</name>
      </trkpt>
      <trkpt lat="57.3211310" lon="-2.0020750">
        <name>Ythan Road</name>
      </trkpt>
      <trkpt lat="57.3211155" lon="-2.0019915">
        <name>Ythan Road</name>
      </trkpt>
      <trkpt lat="57.3211000" lon="-2.0019080">
        <name>Ythan Road</name>
      </trkpt>
      <trkpt lat="57.3210770" lon="-2.0017845">
        <name>Ythan Road</name>
      </trkpt>
      <trkpt lat="57.3210540" lon="-2.0016610">
        <name>Ythan Road</name>
      </trkpt>
      <trkpt lat="57.3211143" lon="-2.0016227">
        <name>Ythan Road</name>
      </trkpt>
      <trkpt lat="57.3211747" lon="-2.0015843">
        <name>Ythan Road</name>
      </trkpt>
      <trkpt lat="57.3212350" lon="-2.0015460">
        <name>Ythan Road</name>
      </trkpt>
      <trkpt lat="57.3213130" lon="-2.0014967">
        <name>Ythan Road</name>
      </trkpt>
      <trkpt lat="57.3213910" lon="-2.0014473">
        <name>Ythan Road</name>
      </trkpt>
      <trkpt lat="57.3214690" lon="-2.0013980">
        <name>Ythan Road</name>
      </trkpt>
      <trkpt lat="57.3215403" lon="-2.0013527">
        <name>Ythan Road</name>
      </trkpt>
      <trkpt lat="57.3216117" lon="-2.0013073">
        <name>Ythan Road</name>
      </trkpt>
      <trkpt lat="57.3216830" lon="-2.0012620">
        <name>Ythan Road</name>
      </trkpt>
      <trkpt lat="57.3216725" lon="-2.0011225">
        <name>Ythan Road</name>
      </trkpt>
      <trkpt lat="57.3216620" lon="-2.0009830">
        <name>Ythan Road</name>
      </trkpt>
      <trkpt lat="57.3216518" lon="-2.0008435">
        <name>Ythan Road</name>
      </trkpt>
      <trkpt lat="57.3216415" lon="-2.0007040">
        <name>Ythan Road</name>
      </trkpt>
      <trkpt lat="57.3216313" lon="-2.0005645">
        <name>Ythan Road</name>
      </trkpt>
      <trkpt lat="57.3216210" lon="-2.0004250">
        <name>Ythan Road</name>
      </trkpt>
      <trkpt lat="57.3216110" lon="-2.0002910">
        <name>Ythan Road</name>
      </trkpt>
      <trkpt lat="57.3216010" lon="-2.0001570">
        <name>Ythan Road</name>
      </trkpt>
      <trkpt lat="57.3215910" lon="-2.0000270">
        <name>Ythan Road</name>
      </trkpt>
      <trkpt lat="57.3215822" lon="-1.9999015">
        <name>Ythan Road</name>
      </trkpt>
      <trkpt lat="57.3215735" lon="-1.9997760">
        <name>Ythan Road</name>
      </trkpt>
      <trkpt lat="57.3215648" lon="-1.9996505">
        <name>Ythan Road</name>
      </trkpt>
      <trkpt lat="57.3215560" lon="-1.9995250">
        <name>Ythan Road</name>
      </trkpt>
      <trkpt lat="57.3215455" lon="-1.9993725">
        <name>Ythan Road</name>
      </trkpt>
      <trkpt lat="57.3215350" lon="-1.9992200">
        <name>Ythan Road</name>
      </trkpt>
      <trkpt lat="57.3215280" lon="-1.9991140">
        <name>Ythan Road</name>
      </trkpt>
      <trkpt lat="57.3215195" lon="-1.9989835">
        <name>Ythan Road</name>
      </trkpt>
      <trkpt lat="57.3215110" lon="-1.9988530">
        <name>Ythan Road</name>
      </trkpt>
      <trkpt lat="57.3215023" lon="-1.9987230">
        <name>Knockhall Road</name>
      </trkpt>
      <trkpt lat="57.3214937" lon="-1.9985930">
        <name>Knockhall Road</name>
      </trkpt>
      <trkpt lat="57.3214850" lon="-1.9984630">
        <name>Knockhall Road</name>
      </trkpt>
      <trkpt lat="57.3214790" lon="-1.9983755">
        <name>Knockhall Road</name>
      </trkpt>
      <trkpt lat="57.3214730" lon="-1.9982880">
        <name>Knockhall Road</name>
      </trkpt>
      <trkpt lat="57.3214610" lon="-1.9981835">
        <name>Knockhall Road</name>
      </trkpt>
      <trkpt lat="57.3214490" lon="-1.9980790">
        <name>Knockhall Road</name>
      </trkpt>
      <trkpt lat="57.3214370" lon="-1.9979790">
        <name>Knockhall Road</name>
      </trkpt>
      <trkpt lat="57.3214085" lon="-1.9978582">
        <name>Knockhall Road</name>
      </trkpt>
      <trkpt lat="57.3213800" lon="-1.9977375">
        <name>Knockhall Road</name>
      </trkpt>
      <trkpt lat="57.3213515" lon="-1.9976167">
        <name>Knockhall Road</name>
      </trkpt>
      <trkpt lat="57.3213230" lon="-1.9974960">
        <name>Knockhall Road</name>
      </trkpt>
      <trkpt lat="57.3212934" lon="-1.9973704">
        <name>Knockhall Road</name>
      </trkpt>
      <trkpt lat="57.3212638" lon="-1.9972448">
        <name>Knockhall Road</name>
      </trkpt>
      <trkpt lat="57.3212342" lon="-1.9971192">
        <name>Knockhall Road</name>
      </trkpt>
      <trkpt lat="57.3212046" lon="-1.9969936">
        <name>Knockhall Road</name>
      </trkpt>
      <trkpt lat="57.3211750" lon="-1.9968680">
        <name>Knockhall Road</name>
      </trkpt>
      <trkpt lat="57.3211510" lon="-1.9967175">
        <name>Knockhall Road</name>
      </trkpt>
      <trkpt lat="57.3211270" lon="-1.9965670">
        <name>Knockhall Road</name>
      </trkpt>
      <trkpt lat="57.3211270" lon="-1.9964530">
        <name>Knockhall Road</name>
      </trkpt>
      <trkpt lat="57.3211270" lon="-1.9963390">
        <name>Knockhall Road</name>
      </trkpt>
      <trkpt lat="57.3211710" lon="-1.9962125">
        <name>Knockhall Road</name>
      </trkpt>
      <trkpt lat="57.3212150" lon="-1.9960860">
        <name>Knockhall Road</name>
      </trkpt>
      <trkpt lat="57.3212590" lon="-1.9959595">
        <name>Knockhall Road</name>
      </trkpt>
      <trkpt lat="57.3213030" lon="-1.9958330">
        <name>Knockhall Road</name>
      </trkpt>
      <trkpt lat="57.3213470" lon="-1.9957065">
        <name>Knockhall Road</name>
      </trkpt>
      <trkpt lat="57.3213910" lon="-1.9955800">
        <name>Knockhall Road</name>
      </trkpt>
      <trkpt lat="57.3214285" lon="-1.9954395">
        <name>Knockhall Road</name>
      </trkpt>
      <trkpt lat="57.3214660" lon="-1.9952990">
        <name>Knockhall Road</name>
      </trkpt>
      <trkpt lat="57.3214900" lon="-1.9951740">
        <name>Knockhall Road</name>
      </trkpt>
      <trkpt lat="57.3215140" lon="-1.9950490">
        <name>Knockhall Road</name>
      </trkpt>
      <trkpt lat="57.3215630" lon="-1.9949605">
        <name>Knockhall Road</name>
      </trkpt>
      <trkpt lat="57.3216120" lon="-1.9948720">
        <name>Knockhall Road</name>
      </trkpt>
      <trkpt lat="57.3216913" lon="-1.9948020">
        <name>Knockhall Road</name>
      </trkpt>
      <trkpt lat="57.3217707" lon="-1.9947320">
        <name>Knockhall Road</name>
      </trkpt>
      <trkpt lat="57.3218500" lon="-1.9946620">
        <name>Knockhall Road</name>
      </trkpt>
      <trkpt lat="57.3217707" lon="-1.9947320">
        <name>Knockhall Road</name>
      </trkpt>
      <trkpt lat="57.3216913" lon="-1.9948020">
        <name>Knockhall Road</name>
      </trkpt>
      <trkpt lat="57.3216120" lon="-1.9948720">
        <name>Knockhall Road</name>
      </trkpt>
      <trkpt lat="57.3215630" lon="-1.9949605">
        <name>Knockhall Road</name>
      </trkpt>
      <trkpt lat="57.3215140" lon="-1.9950490">
        <name>Knockhall Road</name>
      </trkpt>
      <trkpt lat="57.3214900" lon="-1.9951740">
        <name>Knockhall Road</name>
      </trkpt>
      <trkpt lat="57.3214660" lon="-1.9952990">
        <name>Knockhall Road</name>
      </trkpt>
      <trkpt lat="57.3214285" lon="-1.9954395">
        <name>Knockhall Road</name>
      </trkpt>
      <trkpt lat="57.3213910" lon="-1.9955800">
        <name>Knockhall Road</name>
      </trkpt>
      <trkpt lat="57.3213470" lon="-1.9957065">
        <name>Knockhall Road</name>
      </trkpt>
      <trkpt lat="57.3213030" lon="-1.9958330">
        <name>Knockhall Road</name>
      </trkpt>
      <trkpt lat="57.3212590" lon="-1.9959595">
        <name>Knockhall Road</name>
      </trkpt>
      <trkpt lat="57.3212150" lon="-1.9960860">
        <name>Knockhall Road</name>
      </trkpt>
      <trkpt lat="57.3211710" lon="-1.9962125">
        <name>Knockhall Road</name>
      </trkpt>
      <trkpt lat="57.3211270" lon="-1.9963390">
        <name>Knockhall Road</name>
      </trkpt>
      <trkpt lat="57.3211270" lon="-1.9964530">
        <name>Knockhall Road</name>
      </trkpt>
      <trkpt lat="57.3211270" lon="-1.9965670">
        <name>Knockhall Road</name>
      </trkpt>
      <trkpt lat="57.3211510" lon="-1.9967175">
        <name>Knockhall Road</name>
      </trkpt>
      <trkpt lat="57.3211750" lon="-1.9968680">
        <name>Knockhall Road</name>
      </trkpt>
      <trkpt lat="57.3212046" lon="-1.9969936">
        <name>Knockhall Road</name>
      </trkpt>
      <trkpt lat="57.3212342" lon="-1.9971192">
        <name>Knockhall Road</name>
      </trkpt>
      <trkpt lat="57.3212638" lon="-1.9972448">
        <name>Knockhall Road</name>
      </trkpt>
      <trkpt lat="57.3212934" lon="-1.9973704">
        <name>Knockhall Road</name>
      </trkpt>
      <trkpt lat="57.3213230" lon="-1.9974960">
        <name>Knockhall Road</name>
      </trkpt>
      <trkpt lat="57.3213545" lon="-1.9976290">
        <name>Knockhall Road</name>
      </trkpt>
      <trkpt lat="57.3213860" lon="-1.9977620">
        <name>Knockhall Road</name>
      </trkpt>
      <trkpt lat="57.3214115" lon="-1.9978705">
        <name>Knockhall Road</name>
      </trkpt>
      <trkpt lat="57.3214370" lon="-1.9979790">
        <name>Knockhall Road</name>
      </trkpt>
      <trkpt lat="57.3214550" lon="-1.9981335">
        <name>Knockhall Road</name>
      </trkpt>
      <trkpt lat="57.3214730" lon="-1.9982880">
        <name>Knockhall Road</name>
      </trkpt>
      <trkpt lat="57.3214750" lon="-1.9983140">
        <name>Knockhall Road</name>
      </trkpt>
      <trkpt lat="57.3214843" lon="-1.9984533">
        <name>Knockhall Road</name>
      </trkpt>
      <trkpt lat="57.3214937" lon="-1.9985927">
        <name>Knockhall Road</name>
      </trkpt>
      <trkpt lat="57.3215030" lon="-1.9987320">
        <name>Knockhall Road</name>
      </trkpt>
      <trkpt lat="57.3215110" lon="-1.9988537">
        <name>Knockhall Road</name>
      </trkpt>
      <trkpt lat="57.3215190" lon="-1.9989753">
        <name>Knockhall Road</name>
      </trkpt>
      <trkpt lat="57.3215270" lon="-1.9990970">
        <name>Knockhall Road</name>
      </trkpt>
      <trkpt lat="57.3215280" lon="-1.9991140">
        <name>Knockhall Road</name>
      </trkpt>
      <trkpt lat="57.3215370" lon="-1.9992448">
        <name>Knockhall Road</name>
      </trkpt>
      <trkpt lat="57.3215460" lon="-1.9993755">
        <name>Knockhall Road</name>
      </trkpt>
      <trkpt lat="57.3215550" lon="-1.9995063">
        <name>Knockhall Road</name>
      </trkpt>
      <trkpt lat="57.3215640" lon="-1.9996370">
        <name>Knockhall Road</name>
      </trkpt>
      <trkpt lat="57.3215730" lon="-1.9997670">
        <name>Knockhall Road</name>
      </trkpt>
      <trkpt lat="57.3215820" lon="-1.9998970">
        <name>Knockhall Road</name>
      </trkpt>
      <trkpt lat="57.3215910" lon="-2.0000270">
        <name>Knockhall Road</name>
      </trkpt>
      <trkpt lat="57.3216020" lon="-2.0001756">
        <name>Knockhall Road</name>
      </trkpt>
      <trkpt lat="57.3216130" lon="-2.0003242">
        <name>Knockhall Road</name>
      </trkpt>
      <trkpt lat="57.3216240" lon="-2.0004728">
        <name>Knockhall Road</name>
      </trkpt>
      <trkpt lat="57.3216350" lon="-2.0006214">
        <name>Knockhall Road</name>
      </trkpt>
      <trkpt lat="57.3216460" lon="-2.0007700">
        <name>Knockhall Road</name>
      </trkpt>
      <trkpt lat="57.3216583" lon="-2.0009340">
        <name>Knockhall Road</name>
      </trkpt>
      <trkpt lat="57.3216707" lon="-2.0010980">
        <name>Knockhall Road</name>
      </trkpt>
      <trkpt lat="57.3216830" lon="-2.0012620">
        <name>Knockhall Road</name>
      </trkpt>
      <trkpt lat="57.3217415" lon="-2.0012240">
        <name>Knockhall Road</name>
      </trkpt>
      <trkpt lat="57.3218000" lon="-2.0011860">
        <name>Knockhall Road</name>
      </trkpt>
      <trkpt lat="57.3218740" lon="-2.0011377">
        <name>Knockhall Road</name>
      </trkpt>
      <trkpt lat="57.3219480" lon="-2.0010895">
        <name>Knockhall Road</name>
      </trkpt>
      <trkpt lat="57.3220220" lon="-2.0010413">
        <name>Knockhall Road</name>
      </trkpt>
      <trkpt lat="57.3220960" lon="-2.0009930">
        <name>Knockhall Road</name>
      </trkpt>
      <trkpt lat="57.3221410" lon="-2.0009630">
        <name>Knockhall Road</name>
      </trkpt>
      <trkpt lat="57.3222154" lon="-2.0009148">
        <name>Knockhall Road</name>
      </trkpt>
      <trkpt lat="57.3222898" lon="-2.0008666">
        <name>Knockhall Road</name>
      </trkpt>
      <trkpt lat="57.3223642" lon="-2.0008184">
        <name>Knockhall Road</name>
      </trkpt>
      <trkpt lat="57.3224386" lon="-2.0007702">
        <name>Knockhall Road</name>
      </trkpt>
      <trkpt lat="57.3225130" lon="-2.0007220">
        <name>Knockhall Road</name>
      </trkpt>
      <trkpt lat="57.3225767" lon="-2.0006803">
        <name>Knockhall Road</name>
      </trkpt>
      <trkpt lat="57.3226403" lon="-2.0006387">
        <name>Knockhall Road</name>
      </trkpt>
      <trkpt lat="57.3227040" lon="-2.0005970">
        <name>Knockhall Road</name>
      </trkpt>
      <trkpt lat="57.3227830" lon="-2.0005460">
      </trkpt>
      <trkpt lat="57.3228430" lon="-2.0005060">
      </trkpt>
      <trkpt lat="57.3229030" lon="-2.0004660">
      </trkpt>
      <trkpt lat="57.3229667" lon="-2.0004235">
      </trkpt>
      <trkpt lat="57.3230305" lon="-2.0003810">
      </trkpt>
      <trkpt lat="57.3230942" lon="-2.0003385">
      </trkpt>
      <trkpt lat="57.3231580" lon="-2.0002960">
      </trkpt>
      <trkpt lat="57.3232340" lon="-2.0002457">
      </trkpt>
      <trkpt lat="57.3233100" lon="-2.0001953">
      </trkpt>
      <trkpt lat="57.3233860" lon="-2.0001450">
      </trkpt>
      <trkpt lat="57.3234230" lon="-2.0001200">
      </trkpt>
      <trkpt lat="57.3235070" lon="-2.0000765">
      </trkpt>
      <trkpt lat="57.3235910" lon="-2.0000330">
      </trkpt>
      <trkpt lat="57.3236605" lon="-2.0000040">
      </trkpt>
      <trkpt lat="57.3237300" lon="-1.9999750">
      </trkpt>
      <trkpt lat="57.3237540" lon="-1.9999690">
      </trkpt>
      <trkpt lat="57.3238140" lon="-1.9999550">
      </trkpt>
      <trkpt lat="57.3238740" lon="-1.9999410">
      </trkpt>
      <trkpt lat="57.3239520" lon="-1.9999285">
      </trkpt>
      <trkpt lat="57.3240300" lon="-1.9999160">
      </trkpt>
      <trkpt lat="57.3240450" lon="-1.9999130">
      </trkpt>
      <trkpt lat="57.3241163" lon="-1.9999077">
      </trkpt>
      <trkpt lat="57.3241875" lon="-1.9999025">
      </trkpt>
      <trkpt lat="57.3242587" lon="-1.9998973">
      </trkpt>
      <trkpt lat="57.3243300" lon="-1.9998920">
      </trkpt>
      <trkpt lat="57.3243940" lon="-1.9998870">
      </trkpt>
      <trkpt lat="57.3244580" lon="-1.9998820">
      </trkpt>
      <trkpt lat="57.3245220" lon="-1.9998770">
      </trkpt>
      <trkpt lat="57.3245810" lon="-1.9998730">
      </trkpt>
      <trkpt lat="57.3245845" lon="-1.9997245">
      </trkpt>
      <trkpt lat="57.3245880" lon="-1.9995760">
      </trkpt>
      <trkpt lat="57.3245880" lon="-1.9995570">
      </trkpt>
      <trkpt lat="57.3245920" lon="-1.9994780">
      </trkpt>
      <trkpt lat="57.3246140" lon="-1.9993600">
      </trkpt>
      <trkpt lat="57.3246455" lon="-1.9992080">
      </trkpt>
      <trkpt lat="57.3246770" lon="-1.9990560">
      </trkpt>
      <trkpt lat="57.3246945" lon="-1.9989725">
      </trkpt>
      <trkpt lat="57.3247120" lon="-1.9988890">
      </trkpt>
      <trkpt lat="57.3247280" lon="-1.9988430">
      </trkpt>
      <trkpt lat="57.3247480" lon="-1.9988060">
      </trkpt>
      <trkpt lat="57.3247750" lon="-1.9987820">
      </trkpt>
      <trkpt lat="57.3247870" lon="-1.9987760">
      </trkpt>
      <trkpt lat="57.3248060" lon="-1.9987700">
      </trkpt>
      <trkpt lat="57.3248440" lon="-1.9987750">
      </trkpt>
      <trkpt lat="57.3248790" lon="-1.9987880">
      </trkpt>
      <trkpt lat="57.3249380" lon="-1.9988290">
      </trkpt>
      <trkpt lat="57.3249970" lon="-1.9988700">
      </trkpt>
      <trkpt lat="57.3250560" lon="-1.9989110">
      </trkpt>
      <trkpt lat="57.3250750" lon="-1.9989240">
      </trkpt>
      <trkpt lat="57.3251440" lon="-1.9989740">
      </trkpt>
      <trkpt lat="57.3252060" lon="-1.9990170">
      </trkpt>
      <trkpt lat="57.3252700" lon="-1.9990630">
      </trkpt>
      <trkpt lat="57.3253340" lon="-1.9991090">
      </trkpt>
      <trkpt lat="57.3252680" lon="-1.9990615">
      </trkpt>
      <trkpt lat="57.3252020" lon="-1.9990140">
      </trkpt>
      <trkpt lat="57.3251440" lon="-1.9989740">
      </trkpt>
      <trkpt lat="57.3250750" lon="-1.9989240">
      </trkpt>
      <trkpt lat="57.3250130" lon="-1.9988810">
        <name>Knockhall Road</name>
      </trkpt>
      <trkpt lat="57.3249460" lon="-1.9988345">
        <name>Knockhall Road</name>
      </trkpt>
      <trkpt lat="57.3248790" lon="-1.9987880">
        <name>Knockhall Road</name>
      </trkpt>
      <trkpt lat="57.3248440" lon="-1.9987750">
        <name>Knockhall Road</name>
      </trkpt>
      <trkpt lat="57.3248060" lon="-1.9987700">
        <name>Knockhall Road</name>
      </trkpt>
      <trkpt lat="57.3247870" lon="-1.9987760">
        <name>Knockhall Road</name>
      </trkpt>
      <trkpt lat="57.3247750" lon="-1.9987820">
        <name>Knockhall Road</name>
      </trkpt>
      <trkpt lat="57.3247480" lon="-1.9988060">
        <name>Knockhall Road</name>
      </trkpt>
      <trkpt lat="57.3247280" lon="-1.9988430">
        <name>Knockhall Road</name>
      </trkpt>
      <trkpt lat="57.3247120" lon="-1.9988890">
        <name>Knockhall Road</name>
      </trkpt>
      <trkpt lat="57.3246850" lon="-1.9990193">
        <name>Knockhall Road</name>
      </trkpt>
      <trkpt lat="57.3246580" lon="-1.9991497">
        <name>Knockhall Road</name>
      </trkpt>
      <trkpt lat="57.3246310" lon="-1.9992800">
        <name>Knockhall Road</name>
      </trkpt>
      <trkpt lat="57.3246140" lon="-1.9993600">
        <name>Knockhall Road</name>
      </trkpt>
      <trkpt lat="57.3245920" lon="-1.9994780">
        <name>Knockhall Road</name>
      </trkpt>
      <trkpt lat="57.3245880" lon="-1.9995570">
        <name>Knockhall Road</name>
      </trkpt>
      <trkpt lat="57.3245845" lon="-1.9997150">
        <name>Knockhall Road</name>
      </trkpt>
      <trkpt lat="57.3245810" lon="-1.9998730">
        <name>Knockhall Road</name>
      </trkpt>
      <trkpt lat="57.3246360" lon="-1.9998680">
        <name>Knockhall Road</name>
      </trkpt>
      <trkpt lat="57.3246910" lon="-1.9998630">
        <name>Knockhall Road</name>
      </trkpt>
      <trkpt lat="57.3247617" lon="-1.9998570">
        <name>Knockhall Road</name>
      </trkpt>
      <trkpt lat="57.3248323" lon="-1.9998510">
        <name>Knockhall Road</name>
      </trkpt>
      <trkpt lat="57.3249030" lon="-1.9998450">
        <name>Knockhall Road</name>
      </trkpt>
      <trkpt lat="57.3249570" lon="-1.9998430">
        <name>Knockhall Road</name>
      </trkpt>
      <trkpt lat="57.3250350" lon="-1.9998405">
        <name>Knockhall Road</name>
      </trkpt>
      <trkpt lat="57.3251130" lon="-1.9998380">
        <name>Knockhall Road</name>
      </trkpt>
      <trkpt lat="57.3251810" lon="-1.9998360">
        <name>Knockhall Road</name>
      </trkpt>
    </trkseg>
  </trk>
</gpx>